time,open,high,low,close,volume
2024-01-11 16:00:00,825.0,831.0,815.0,828.0,37414163.79996068
2024-01-11 20:00:00,828.0,830.0,822.0,825.0,22218291.77776827
2024-01-12 00:00:00,825.0,827.0,815.0,821.0,48338155.38049651
2024-01-12 04:00:00,821.0,823.0,815.0,818.0,34652672.10299093
2024-01-12 08:00:00,818.0,825.0,811.0,823.0,38549680.43552315
2024-01-12 12:00:00,823.0,825.0,807.0,810.0,60218306.75897593
2024-01-12 16:00:00,810.0,814.0,786.0,803.0,68071372.8006762
2024-01-12 20:00:00,803.0,806.0,778.0,791.0,68939635.45596524
2024-01-13 00:00:00,791.0,796.0,771.0,788.0,62216911.16316538
2024-01-13 04:00:00,788.0,798.0,786.0,792.0,26477612.86289064
2024-01-13 08:00:00,792.0,795.0,783.0,788.0,25354105.92424035
2024-01-13 12:00:00,789.0,793.0,786.0,790.0,24923787.97722922
2024-01-13 16:00:00,790.0,792.0,785.0,791.0,7807423.54629911
2024-01-13 20:00:00,791.0,794.0,790.0,791.0,7973633.19192691
2024-01-14 00:00:00,791.0,792.0,786.0,788.0,17822732.59365738
2024-01-14 04:00:00,788.0,792.0,786.0,791.0,16879767.65708156
2024-01-14 08:00:00,791.0,796.0,790.0,791.0,17361713.66266418
2024-01-14 12:00:00,791.0,794.0,790.0,791.0,13689255.83137471
2024-01-14 16:00:00,791.0,804.0,789.0,793.0,18978669.01967615
2024-01-14 20:00:00,792.0,815.0,789.0,792.0,60609103.67337552
2024-01-15 00:00:00,792.0,810.0,791.0,804.0,35361794.21335367
2024-01-15 04:00:00,804.0,806.0,790.0,793.0,33066258.45324119
2024-01-15 08:00:00,793.0,797.0,790.0,794.0,26394976.9100468
2024-01-15 12:00:00,794.0,796.0,783.0,785.0,35624219.4068029
2024-01-15 16:00:00,785.0,796.0,784.0,795.0,9787118.85823952
2024-01-15 20:00:00,795.0,796.0,789.0,791.0,12006911.51682146
2024-01-16 00:00:00,791.0,796.0,787.0,794.0,26217494.57898916
2024-01-16 04:00:00,795.0,795.0,786.0,790.0,28059103.33051774
2024-01-16 08:00:00,791.0,791.0,787.0,788.0,25014724.6940177
2024-01-16 12:00:00,788.0,793.0,782.0,790.0,33620882.9553201
2024-01-16 16:00:00,790.0,793.0,787.0,793.0,9498574.37280947
2024-01-16 20:00:00,792.0,794.0,789.0,791.0,13385508.92520058
2024-01-17 00:00:00,791.0,791.0,786.0,790.0,23183073.92687065
2024-01-17 04:00:00,789.0,790.0,782.0,786.0,23669603.6380496
2024-01-17 08:00:00,785.0,787.0,782.0,785.0,19968024.17902262
2024-01-17 12:00:00,784.0,786.0,781.0,783.0,22169158.31604233
2024-01-17 16:00:00,782.0,786.0,777.0,786.0,11916234.3525383
2024-01-17 20:00:00,786.0,788.0,781.0,782.0,10328234.49823437
2024-01-18 00:00:00,782.0,782.0,772.0,777.0,26171386.04559271
2024-01-18 04:00:00,776.0,780.0,775.0,780.0,19447589.27702705
2024-01-18 08:00:00,780.0,781.0,773.0,773.0,22900493.9816749
2024-01-18 12:00:00,774.0,775.0,767.0,772.0,26042210.36616443
2024-01-18 16:00:00,773.0,774.0,759.0,762.0,25613666.1023373
2024-01-18 20:00:00,763.0,770.0,761.0,766.0,24911859.90145026
2024-01-19 00:00:00,765.0,769.0,750.0,757.0,52118948.57802283
2024-01-19 04:00:00,757.0,762.0,752.0,754.0,22993075.36359675
2024-01-19 08:00:00,754.0,760.0,752.0,758.0,18917506.64334525
2024-01-19 12:00:00,758.0,759.0,743.0,744.0,33057185.02369002
2024-01-19 16:00:00,745.0,754.0,729.0,752.0,52823803.85103559
2024-01-19 20:00:00,752.0,757.0,751.0,755.0,15883024.08848536
2024-01-20 00:00:00,754.0,755.0,745.0,752.0,20748180.5140181
2024-01-20 04:00:00,752.0,764.0,750.0,761.0,16152084.13166965
2024-01-20 08:00:00,761.0,764.0,755.0,761.0,18738142.04915364
2024-01-20 12:00:00,761.0,762.0,757.0,758.0,11528660.40757129
2024-01-20 16:00:00,758.0,759.0,753.0,754.0,6814992.35262516
2024-01-20 20:00:00,754.0,766.0,754.0,763.0,12695770.75272883
2024-01-21 00:00:00,764.0,765.0,760.0,764.0,15018293.91135031
2024-01-21 04:00:00,764.0,765.0,759.0,761.0,10736712.45625992
2024-01-21 08:00:00,762.0,765.0,760.0,761.0,12923045.92988479
2024-01-21 12:00:00,761.0,768.0,760.0,762.0,17436057.81216055
2024-01-21 16:00:00,763.0,764.0,760.0,761.0,4977509.7825409
2024-01-21 20:00:00,761.0,762.0,754.0,754.0,11075866.91030716
2024-01-22 00:00:00,754.0,758.0,743.0,746.0,34550648.53221591
2024-01-22 04:00:00,747.0,747.0,739.0,742.0,26496927.90544223
2024-01-22 08:00:00,742.0,742.0,728.0,734.0,51192429.28715051
2024-01-22 12:00:00,733.0,737.0,723.0,730.0,34493146.34865659
2024-01-22 16:00:00,729.0,740.0,723.0,730.0,18995973.03919532
2024-01-22 20:00:00,730.0,736.0,727.0,729.0,19985122.3008377
2024-01-23 00:00:00,729.0,736.0,724.0,732.0,28452026.63428417
2024-01-23 04:00:00,732.0,734.0,718.0,721.0,37111804.79869577
2024-01-23 08:00:00,721.0,723.0,691.0,697.0,140294178.8730168
2024-01-23 12:00:00,697.0,707.0,689.0,705.0,69729751.56118806
2024-01-23 16:00:00,705.0,708.0,698.0,704.0,16428446.10705508
2024-01-23 20:00:00,704.0,721.0,701.0,720.0,28057501.84865052
2024-01-24 00:00:00,720.0,720.0,706.0,708.0,35079169.77195057
2024-01-24 04:00:00,708.0,714.0,705.0,710.0,21278345.17368608
2024-01-24 08:00:00,710.0,717.0,705.0,712.0,27291121.29385295
2024-01-24 12:00:00,712.0,714.0,706.0,711.0,26624282.60602741
2024-01-24 16:00:00,710.0,713.0,706.0,710.0,10228805.20782332
2024-01-24 20:00:00,709.0,715.0,708.0,713.0,9919822.21226979
2024-01-25 00:00:00,713.0,714.0,708.0,709.0,21553977.54368324
2024-01-25 04:00:00,709.0,710.0,702.0,707.0,30171139.36666656
2024-01-25 08:00:00,707.0,709.0,703.0,707.0,22634376.46872188
2024-01-25 12:00:00,707.0,708.0,699.0,702.0,27295293.40117358
2024-01-25 16:00:00,702.0,710.0,698.0,709.0,12243256.44286239
2024-01-25 20:00:00,709.0,710.0,706.0,708.0,11462059.65119641
2024-01-26 00:00:00,709.0,709.0,702.0,708.0,18468370.31751947
2024-01-26 04:00:00,708.0,710.0,704.0,706.0,20450871.03595882
2024-01-26 08:00:00,705.0,722.0,705.0,720.0,37647667.2314099
2024-01-26 12:00:00,720.0,720.0,713.0,719.0,26088181.85012738
2024-01-26 16:00:00,719.0,738.0,718.0,733.0,34913059.89373018
2024-01-26 20:00:00,734.0,737.0,730.0,732.0,22654836.19286469
2024-01-27 00:00:00,732.0,738.0,729.0,736.0,21503366.26027772
2024-01-27 04:00:00,735.0,738.0,728.0,729.0,16920832.23793871
2024-01-27 08:00:00,729.0,732.0,725.0,731.0,13742941.22602879
2024-01-27 12:00:00,731.0,733.0,729.0,731.0,10034625.95257647
2024-01-27 16:00:00,731.0,732.0,729.0,729.0,3799540.67862024
2024-01-27 20:00:00,730.0,733.0,729.0,732.0,6219984.52169652
2024-01-28 00:00:00,732.0,734.0,729.0,734.0,10173764.50401161
2024-01-28 04:00:00,734.0,737.0,732.0,732.0,15165379.42744158
2024-01-28 08:00:00,732.0,735.0,730.0,731.0,11950550.17146911
2024-01-28 12:00:00,732.0,732.0,728.0,729.0,13904372.10619762
2024-01-28 16:00:00,729.0,731.0,720.0,722.0,8658869.95799163
2024-01-28 20:00:00,722.0,725.5,716.1,721.0,11861306.38236553
2024-01-29 00:00:00,721.0,728.6,718.0,726.9,13487780.07628984
2024-01-29 04:00:00,726.9,727.6,719.9,720.8,15090473.30184313
2024-01-29 08:00:00,720.9,725.6,717.0,722.3,19513414.66473921
2024-01-29 12:00:00,722.3,724.5,715.6,724.0,19315585.42653972
2024-01-29 16:00:00,724.1,734.4,720.3,731.6,21469764.93257816
2024-01-29 20:00:00,731.5,736.0,730.0,730.9,17049242.71385257
2024-01-30 00:00:00,730.9,735.0,728.9,733.8,22928369.99895451
2024-01-30 04:00:00,733.7,734.0,725.5,728.6,21942741.72459631
2024-01-30 08:00:00,728.5,730.3,726.0,728.4,18878992.83034803
2024-01-30 12:00:00,728.4,731.2,716.2,718.1,48593983.9759165
2024-01-30 16:00:00,718.7,722.9,705.1,706.1,46159522.04585813
2024-01-30 20:00:00,706.1,708.8,699.2,701.7,95517047.00473183
2024-01-31 00:00:00,701.8,701.8,691.1,701.1,57912730.74859705
2024-01-31 04:00:00,701.1,705.8,700.0,702.4,28626181.61527287
2024-01-31 08:00:00,702.4,704.0,691.1,698.7,41989328.94435191
2024-01-31 12:00:00,698.7,701.9,682.3,698.9,81365660.07262126
2024-01-31 16:00:00,698.8,704.0,695.5,701.9,18928759.8114264
2024-01-31 20:00:00,701.3,702.0,690.0,694.6,25149903.48115187
2024-02-01 00:00:00,694.6,695.0,680.2,686.5,58195772.84828356
2024-02-01 04:00:00,686.5,687.6,678.0,679.9,44853925.0463915
2024-02-01 08:00:00,679.8,685.0,676.2,679.9,33292294.59207351
2024-02-01 12:00:00,679.9,691.1,679.0,687.5,25854736.70234763
2024-02-01 16:00:00,687.4,699.5,685.0,697.9,13594795.84937781
2024-02-01 20:00:00,697.9,699.2,692.0,695.2,13711827.46256483
2024-02-02 00:00:00,695.2,696.1,691.0,694.1,22523629.6743913
2024-02-02 04:00:00,694.1,695.0,690.7,693.6,20000180.90249752
2024-02-02 08:00:00,693.7,694.0,690.3,691.9,18038398.2206972
2024-02-02 12:00:00,691.8,693.0,685.6,690.2,27295045.91844668
2024-02-02 16:00:00,690.2,695.0,689.4,694.0,14732740.58641126
2024-02-02 20:00:00,694.2,705.9,693.8,700.7,18114887.01146557
2024-02-03 00:00:00,700.8,701.0,695.0,697.3,17319794.75251369
2024-02-03 04:00:00,697.3,700.0,696.8,698.3,11925872.26973471
2024-02-03 08:00:00,698.2,726.5,697.8,719.5,119405126.83440597
2024-02-03 12:00:00,719.5,724.4,712.0,716.5,46243770.84588333
2024-02-03 16:00:00,716.5,718.0,712.0,716.7,11372715.23161925
2024-02-03 20:00:00,716.7,719.3,713.0,714.5,11798628.90210806
2024-02-04 00:00:00,714.5,715.5,711.0,713.1,20897879.64127653
2024-02-04 04:00:00,713.0,713.8,702.5,703.9,27341795.5772463
2024-02-04 08:00:00,703.9,708.0,703.5,706.1,15560647.76161611
2024-02-04 12:00:00,706.2,707.5,703.5,704.5,11215880.32712597
2024-02-04 16:00:00,704.5,706.0,697.5,699.9,11395172.29761441
2024-02-04 20:00:00,699.9,703.0,693.7,695.0,19366912.78532329
2024-02-05 00:00:00,695.2,697.7,686.5,697.0,32372936.35087827
2024-02-05 04:00:00,697.0,697.4,692.5,693.5,20079553.61571827
2024-02-05 08:00:00,693.5,697.5,691.4,694.8,24773595.1529029
2024-02-05 12:00:00,694.8,698.6,690.9,692.5,24811294.60682288
2024-02-05 16:00:00,692.5,708.2,692.4,701.6,19118131.35628298
2024-02-05 20:00:00,701.6,702.0,695.7,698.3,16484234.78076038
2024-02-06 00:00:00,698.3,698.9,695.0,696.8,18650106.96195224
2024-02-06 04:00:00,696.8,697.3,690.0,692.5,21270144.3885822
2024-02-06 08:00:00,692.5,693.8,688.1,689.8,28854871.52679757
2024-02-06 12:00:00,689.8,693.0,686.7,691.6,25934105.93965098
2024-02-06 16:00:00,692.3,697.0,690.2,696.9,8784927.04647977
2024-02-06 20:00:00,696.8,697.9,691.0,692.0,10332276.87759921
2024-02-07 00:00:00,692.2,693.6,689.6,690.8,19006034.87194631
2024-02-07 04:00:00,690.9,695.3,687.5,688.7,59330235.81190839
2024-02-07 08:00:00,688.7,691.6,686.8,689.6,26350268.882753
2024-02-07 12:00:00,689.6,691.4,688.0,690.1,14452927.87607859
2024-02-07 16:00:00,690.1,696.7,689.4,695.4,10607753.56878003
2024-02-07 20:00:00,695.4,701.2,694.1,698.6,23861205.8122829
2024-02-08 00:00:00,698.6,706.7,696.5,701.5,34587998.34830549
2024-02-08 04:00:00,701.5,702.9,696.4,699.9,32605448.6541182
2024-02-08 08:00:00,699.9,705.8,699.4,701.5,28103831.30587388
2024-02-08 12:00:00,701.9,705.8,699.0,704.5,28896271.04529293
2024-02-08 16:00:00,704.5,706.4,700.0,704.3,12225152.11009324
2024-02-08 20:00:00,704.3,706.1,701.5,704.2,11561651.09413684
2024-02-09 00:00:00,704.3,708.7,702.1,707.5,30142875.0555416
2024-02-09 04:00:00,707.5,708.6,704.5,706.8,25423969.55892888
2024-02-09 08:00:00,706.8,716.0,705.9,715.0,37850055.08441838
2024-02-09 12:00:00,715.2,715.8,703.0,706.6,58371910.54703559
2024-02-09 16:00:00,706.5,713.0,705.1,713.0,16224485.61275455
2024-02-09 20:00:00,712.9,714.2,709.0,710.2,19262506.52528579
2024-02-10 00:00:00,710.2,715.0,707.4,714.2,20996219.14005902
2024-02-10 04:00:00,714.1,714.5,710.1,710.2,14572873.68717753
2024-02-10 08:00:00,710.1,712.8,700.2,706.3,33080287.18728664
2024-02-10 12:00:00,706.3,708.2,703.9,707.5,15398876.00385776
2024-02-10 16:00:00,707.9,709.6,705.5,707.6,5369470.88086919
2024-02-10 20:00:00,707.6,709.3,706.6,708.0,8260555.28897897
2024-02-11 00:00:00,708.0,711.3,705.5,711.3,19555869.61115643
2024-02-11 04:00:00,711.2,713.2,710.5,712.6,21604365.40505217
2024-02-11 08:00:00,712.6,724.1,712.1,719.6,55669865.45226912
2024-02-11 12:00:00,719.6,719.9,710.9,716.0,29626549.03071388
2024-02-11 16:00:00,716.0,716.1,711.0,715.4,9083566.10450743
2024-02-11 20:00:00,715.4,715.5,710.3,712.0,10978735.86090735
2024-02-12 00:00:00,712.0,714.9,705.5,708.8,31624164.63095523
2024-02-12 04:00:00,708.9,709.9,702.0,705.7,27512405.84746416
2024-02-12 08:00:00,705.7,706.5,700.4,703.5,26634248.06223332
2024-02-12 12:00:00,703.6,713.4,701.5,712.0,32896935.44760166
2024-02-12 16:00:00,712.0,721.1,707.0,712.8,37298794.92897167
2024-02-12 20:00:00,712.9,718.0,712.0,713.0,25130759.20261332
2024-02-13 00:00:00,713.0,716.8,707.4,708.5,38440358.75059277
2024-02-13 04:00:00,708.6,714.3,708.5,713.8,23374535.15876901
2024-02-13 08:00:00,713.8,715.8,711.5,714.1,24594234.1842461
2024-02-13 12:00:00,714.1,714.6,702.0,706.1,54430441.60998626
2024-02-13 16:00:00,706.2,713.6,706.1,712.1,11621829.72960946
2024-02-13 20:00:00,712.1,716.0,709.3,711.4,16827481.81015447
2024-02-14 00:00:00,711.3,711.4,706.0,711.1,19622366.01188852
2024-02-14 04:00:00,711.1,711.6,707.4,710.4,19470783.68182953
2024-02-14 08:00:00,710.6,719.0,709.7,718.6,61338819.3831143
2024-02-14 12:00:00,718.6,729.8,716.7,721.7,107589508.74581042
2024-02-14 16:00:00,721.8,730.0,719.4,727.3,21365528.02312195
2024-02-14 20:00:00,727.5,731.9,726.2,728.3,25624801.57704129
2024-02-15 00:00:00,728.3,763.6,728.0,755.9,132370532.170192
2024-02-15 04:00:00,755.9,763.0,740.5,752.0,89782254.0819699
2024-02-15 08:00:00,752.0,758.1,747.5,753.4,45194920.34959641
2024-02-15 12:00:00,753.4,759.5,747.7,750.8,57594086.51584649
2024-02-15 16:00:00,750.8,760.0,746.0,759.3,19437209.25763008
2024-02-15 20:00:00,759.3,791.5,756.4,772.3,108260300.69439293
2024-02-16 00:00:00,772.1,796.0,762.5,796.0,97228602.6443192
2024-02-16 04:00:00,796.0,796.1,776.3,781.9,61475587.56748929
2024-02-16 08:00:00,781.8,789.8,773.0,787.7,38698095.45300968
2024-02-16 12:00:00,787.8,790.0,766.0,775.9,62975055.76615705
2024-02-16 16:00:00,775.8,784.5,774.1,776.9,17943207.32007099
2024-02-16 20:00:00,776.9,787.1,776.8,780.9,15816569.25964103
2024-02-17 00:00:00,781.0,784.0,772.0,775.0,30281457.40586393
2024-02-17 04:00:00,775.1,778.9,774.1,777.6,19376859.98812646
2024-02-17 08:00:00,777.6,778.0,763.2,767.6,37642469.47186666
2024-02-17 12:00:00,767.8,768.5,743.9,755.4,81232978.09522815
2024-02-17 16:00:00,755.4,762.7,751.4,760.0,12941330.08637081
2024-02-17 20:00:00,760.0,765.1,760.0,760.2,12536235.31283888
2024-02-18 00:00:00,760.2,767.1,755.2,759.8,37259663.67451755
2024-02-18 04:00:00,759.8,772.5,759.8,765.5,29305493.75430978
2024-02-18 08:00:00,765.7,770.8,763.0,769.6,19766178.59005749
2024-02-18 12:00:00,769.6,771.2,764.4,769.9,16514621.94323142
2024-02-18 16:00:00,769.9,772.5,767.2,767.3,8187725.64333308
2024-02-18 20:00:00,767.3,772.5,765.2,768.4,12918398.93701893
2024-02-19 00:00:00,768.5,776.0,767.8,773.6,27723729.62534579
2024-02-19 04:00:00,773.6,776.8,769.2,776.7,32668410.01664776
2024-02-19 08:00:00,776.6,777.0,770.1,772.3,28380757.28496822
2024-02-19 12:00:00,772.3,773.9,770.2,771.8,23121002.13686313
2024-02-19 16:00:00,771.4,780.0,769.5,779.3,19053420.73384068
2024-02-19 20:00:00,779.3,785.0,776.3,779.4,25303418.65166392
2024-02-20 00:00:00,779.2,791.9,770.1,784.8,68063684.03350154
2024-02-20 04:00:00,784.9,792.2,780.3,783.3,44306053.67705718
2024-02-20 08:00:00,783.3,787.4,774.0,787.0,48416183.4767695
2024-02-20 12:00:00,787.0,792.0,766.7,771.5,85060046.14696094
2024-02-20 16:00:00,771.1,778.4,759.7,777.8,32221614.04420613
2024-02-20 20:00:00,777.8,781.7,775.7,776.0,23624480.24016789
2024-02-21 00:00:00,776.0,780.0,770.2,775.9,35955775.90737334
2024-02-21 04:00:00,776.0,776.0,760.3,762.4,41394609.73535382
2024-02-21 08:00:00,762.4,766.3,747.0,754.3,68466015.53260244
2024-02-21 12:00:00,754.0,759.5,749.2,755.0,43232606.46727711
2024-02-21 16:00:00,754.8,761.5,753.6,760.8,13496927.18968459
2024-02-21 20:00:00,760.8,768.8,759.1,767.2,23225198.9209496
2024-02-22 00:00:00,767.3,767.3,753.9,758.0,28610336.29793048
2024-02-22 04:00:00,758.0,761.0,754.1,758.4,28853656.33233844
2024-02-22 08:00:00,758.4,763.1,756.3,758.9,26146435.4153062
2024-02-22 12:00:00,758.8,759.8,751.6,757.4,30294432.25471419
2024-02-22 16:00:00,757.6,764.9,754.0,761.7,10970394.18953671
2024-02-22 20:00:00,761.7,764.5,754.0,754.7,16297955.11197822
2024-02-23 00:00:00,754.7,759.9,751.0,751.0,31876449.92344668
2024-02-23 04:00:00,751.0,753.8,749.1,750.2,26827458.87170403
2024-02-23 08:00:00,750.0,751.7,743.0,748.5,31104704.41868783
2024-02-23 12:00:00,748.5,750.5,745.3,746.5,26790337.6088021
2024-02-23 16:00:00,745.9,751.4,740.2,751.1,21399467.10438102
2024-02-23 20:00:00,751.0,753.6,743.5,745.5,15198658.60262692
2024-02-24 00:00:00,745.2,750.8,741.0,747.9,26620921.61515785
2024-02-24 04:00:00,748.0,756.7,747.7,755.8,25362256.10323285
2024-02-24 08:00:00,755.7,758.9,751.7,756.6,22857223.34047958
2024-02-24 12:00:00,756.6,757.3,750.7,751.1,21835298.21534115
2024-02-24 16:00:00,750.9,756.3,750.5,754.1,17353662.86355626
2024-02-24 20:00:00,754.1,754.1,749.5,751.4,15190193.92777729
2024-02-25 00:00:00,751.4,755.8,748.6,752.0,28406128.60708625
2024-02-25 04:00:00,752.2,754.1,750.3,752.0,32618862.3840009
2024-02-25 08:00:00,752.2,754.7,750.0,750.1,24129463.57953674
2024-02-25 12:00:00,750.1,752.0,747.8,749.0,25029378.92514428
2024-02-25 16:00:00,749.1,751.5,748.1,751.2,7244474.00106228
2024-02-25 20:00:00,751.2,752.0,747.9,748.2,14057172.88065168
2024-02-26 00:00:00,748.1,750.2,744.2,746.1,26342963.06265714
2024-02-26 04:00:00,746.1,746.8,740.4,741.1,27784413.21641455
2024-02-26 08:00:00,741.1,742.8,731.6,733.5,46156486.56087139
2024-02-26 12:00:00,733.7,745.8,731.3,744.0,37218665.02484546
2024-02-26 16:00:00,743.9,756.0,743.5,752.7,38733865.48153591
2024-02-26 20:00:00,752.9,757.9,750.8,755.6,38487986.82413973
2024-02-27 00:00:00,755.6,770.4,750.4,760.5,98673761.00086875
2024-02-27 04:00:00,760.5,765.9,756.3,759.2,57968299.69725457
2024-02-27 08:00:00,759.5,774.9,758.0,769.7,74462601.5531672
2024-02-27 12:00:00,769.6,786.9,766.0,777.1,111934236.59222624
2024-02-27 16:00:00,777.1,821.6,773.5,816.5,93636370.57269053
2024-02-27 20:00:00,816.5,816.5,795.1,806.5,82824059.1274772
2024-02-28 00:00:00,806.4,813.5,795.8,796.5,87499490.23516993
2024-02-28 04:00:00,796.4,809.0,795.6,807.5,53170736.90067965
2024-02-28 08:00:00,807.5,818.9,801.0,806.8,127705968.55322827
2024-02-28 12:00:00,806.9,819.3,804.8,815.0,106677300.91893758
2024-02-28 16:00:00,814.9,839.0,779.0,791.2,215756980.7601854
2024-02-28 20:00:00,791.4,811.7,785.5,807.5,86620577.21547455
2024-02-29 00:00:00,807.5,828.0,793.0,827.0,163083355.70944172
2024-02-29 04:00:00,827.1,852.8,819.0,834.4,213199142.99718273
2024-02-29 08:00:00,834.4,840.0,823.2,834.7,107842691.65302904
2024-02-29 12:00:00,834.7,848.9,826.0,846.2,101685188.71641645
2024-02-29 16:00:00,846.2,874.0,836.3,857.2,143952496.2690537
2024-02-29 20:00:00,857.5,860.5,820.0,824.1,80964068.32096276
2024-03-01 00:00:00,824.2,842.0,824.0,835.9,77132811.68975233
2024-03-01 04:00:00,835.9,841.1,828.1,828.5,58904349.25805364
2024-03-01 08:00:00,828.6,837.4,825.7,831.4,50511036.84666063
2024-03-01 12:00:00,831.3,844.9,827.9,830.5,81324412.24694677
2024-03-01 16:00:00,830.3,838.4,829.1,835.7,30664392.40930694
2024-03-01 20:00:00,836.0,844.7,833.5,842.5,52045758.77862844
2024-03-02 00:00:00,842.5,900.9,840.5,885.6,305169122.5929324
2024-03-02 04:00:00,885.6,888.6,865.0,881.2,105432234.6047438
2024-03-02 08:00:00,881.2,899.2,870.1,899.1,103074701.8832649
2024-03-02 12:00:00,899.2,909.7,882.8,884.6,142986941.13304436
2024-03-02 16:00:00,884.6,891.8,879.0,885.2,25742445.48454162
2024-03-02 20:00:00,885.6,899.4,880.0,897.4,32142328.42533951
2024-03-03 00:00:00,897.4,899.1,876.8,884.8,100914990.89394014
2024-03-03 04:00:00,884.8,891.0,823.5,852.5,145918962.1786348
2024-03-03 08:00:00,852.8,866.6,843.5,866.1,75923714.41584054
2024-03-03 12:00:00,866.4,881.0,862.0,871.6,75360473.18728343
2024-03-03 16:00:00,872.0,877.1,867.4,872.4,19549671.05677207
2024-03-03 20:00:00,872.4,882.9,870.9,874.2,34811249.33121465
2024-03-04 00:00:00,874.2,889.7,858.0,885.0,89559160.22117981
2024-03-04 04:00:00,885.0,895.2,870.1,887.7,99740718.67969152
2024-03-04 08:00:00,887.6,933.4,883.6,921.5,262363409.5508052
2024-03-04 12:00:00,921.5,924.9,900.5,922.6,141406353.97862414
2024-03-04 16:00:00,922.6,923.0,891.0,913.7,109726768.36954543
2024-03-04 20:00:00,913.7,914.9,903.9,907.2,61748027.01592481
2024-03-05 00:00:00,907.3,944.2,900.0,927.0,248364993.885793
2024-03-05 04:00:00,927.0,929.0,871.8,897.9,258362640.6954851
2024-03-05 08:00:00,897.9,926.0,887.8,913.6,117648449.15174468
2024-03-05 12:00:00,913.4,922.8,900.0,902.6,161780414.2016126
2024-03-05 16:00:00,902.6,906.0,837.2,855.3,170967855.27367646
2024-03-05 20:00:00,855.3,860.9,805.9,847.2,230342464.92519087
2024-03-06 00:00:00,847.2,867.0,810.1,829.0,157991525.05706003
2024-03-06 04:00:00,828.9,866.2,827.8,863.5,115787583.22349569
2024-03-06 08:00:00,863.9,873.8,850.0,863.4,99598471.85728377
2024-03-06 12:00:00,863.5,865.0,830.1,842.9,109235173.2632476
2024-03-06 16:00:00,842.9,862.4,841.9,860.1,27910706.75534876
2024-03-06 20:00:00,860.1,868.0,854.8,863.9,45442515.51451545
2024-03-07 00:00:00,863.9,891.7,856.0,888.3,151445348.00888553
2024-03-07 04:00:00,888.2,897.3,866.0,882.8,154009070.7754751
2024-03-07 08:00:00,882.8,884.1,874.1,877.2,63100617.88037272
2024-03-07 12:00:00,877.2,884.2,871.0,880.0,62809099.97644681
2024-03-07 16:00:00,879.9,890.4,875.0,887.1,37809189.39332536
2024-03-07 20:00:00,887.1,894.8,881.1,882.0,43841393.53291972
2024-03-08 00:00:00,882.0,893.0,881.6,885.7,81338457.24450703
2024-03-08 04:00:00,885.7,887.0,874.0,876.0,66391793.52358762
2024-03-08 08:00:00,876.1,886.4,871.7,882.8,64230269.82983705
2024-03-08 12:00:00,883.0,887.0,863.8,869.0,110467997.01074974
2024-03-08 16:00:00,868.9,878.9,855.4,873.7,55493994.51084346
2024-03-08 20:00:00,873.7,878.2,872.1,876.9,30185903.50386235
2024-03-09 00:00:00,877.0,884.5,872.5,881.4,61457363.17356701
2024-03-09 04:00:00,881.5,890.0,879.3,884.9,54124997.99564851
2024-03-09 08:00:00,884.9,885.8,864.2,876.0,75204165.66448131
2024-03-09 12:00:00,876.1,876.4,867.3,870.3,48724776.98201151
2024-03-09 16:00:00,870.2,871.9,864.3,867.2,25216343.55405579
2024-03-09 20:00:00,867.2,874.4,867.0,872.0,24547523.59861472
2024-03-10 00:00:00,871.3,877.9,870.0,872.6,62443467.96576058
2024-03-10 04:00:00,872.6,878.0,870.9,876.3,39637955.32426617
2024-03-10 08:00:00,876.4,878.1,869.1,870.5,43863298.78004194
2024-03-10 12:00:00,870.5,873.0,851.8,863.0,70888006.66986772
2024-03-10 16:00:00,863.0,867.5,861.1,863.9,14521908.80895438
2024-03-10 20:00:00,863.9,868.9,850.2,860.3,39852005.33314731
2024-03-11 00:00:00,860.4,863.2,830.0,859.0,103371408.40295905
2024-03-11 04:00:00,859.0,874.5,846.4,869.0,89658559.6161439
2024-03-11 08:00:00,869.0,879.0,866.9,871.5,96009668.40274273
2024-03-11 12:00:00,871.2,972.8,867.0,969.3,298283336.340871
2024-03-11 16:00:00,969.4,1033.0,947.0,1016.0,782187453.1663247
2024-03-11 20:00:00,1016.0,1021.0,985.1,1006.0,234857680.73671013
2024-03-12 00:00:00,1006.0,1019.0,967.0,967.7,232644450.4524444
2024-03-12 04:00:00,967.7,1002.0,962.3,991.5,158851818.20705566
2024-03-12 08:00:00,991.3,991.3,965.2,986.0,110118971.62893642
2024-03-12 12:00:00,986.1,1004.0,972.7,989.4,160510839.89967212
2024-03-12 16:00:00,989.4,990.3,950.0,974.9,110647799.57903107
2024-03-12 20:00:00,974.8,976.7,966.1,974.6,43986303.36700436
2024-03-13 00:00:00,974.7,985.0,965.9,984.1,91861039.54274236
2024-03-13 04:00:00,984.1,988.9,978.0,984.0,66529068.81041828
2024-03-13 08:00:00,984.0,993.8,975.0,978.3,89970857.9505722
2024-03-13 12:00:00,978.3,980.8,954.0,964.7,114313043.2470609
2024-03-13 16:00:00,964.6,978.6,961.2,974.0,32010093.77613275
2024-03-13 20:00:00,974.0,984.0,971.0,981.0,43350720.55764235
2024-03-14 00:00:00,980.9,984.7,972.8,976.0,69405818.09478118
2024-03-14 04:00:00,976.0,976.0,965.0,972.5,70183562.51981121
2024-03-14 08:00:00,972.1,1010.0,968.0,975.1,188444942.96653154
2024-03-14 12:00:00,975.0,983.0,925.0,957.4,235739055.75543532
2024-03-14 16:00:00,957.4,969.0,930.6,938.6,72260498.53052919
2024-03-14 20:00:00,937.2,968.6,937.2,960.5,53521622.87950786
2024-03-15 00:00:00,960.5,971.1,899.9,920.4,200530562.6884735
2024-03-15 04:00:00,920.6,926.1,900.6,922.6,147979634.0681844
2024-03-15 08:00:00,922.8,924.3,875.0,894.1,210268450.96283332
2024-03-15 12:00:00,894.1,912.0,891.3,909.0,76366290.51296102
2024-03-15 16:00:00,909.0,926.2,898.0,912.0,44485449.83501235
2024-03-15 20:00:00,912.9,928.9,899.6,921.0,51155235.46414935
2024-03-16 00:00:00,921.0,943.0,912.3,928.1,113481650.1338097
2024-03-16 04:00:00,928.1,928.9,915.0,925.4,45129409.86459989
2024-03-16 08:00:00,925.3,929.0,905.0,914.4,51182714.1403277
2024-03-16 12:00:00,914.5,915.8,896.3,909.0,65504699.44977825
2024-03-16 16:00:00,909.0,909.4,891.3,895.4,47731624.54903681
2024-03-16 20:00:00,895.3,905.3,871.0,891.3,81820024.3383865
2024-03-17 00:00:00,891.3,900.2,868.0,898.0,96793128.85875648
2024-03-17 04:00:00,897.9,898.0,860.0,872.5,83728390.18906768
2024-03-17 08:00:00,872.5,898.7,866.6,888.6,66284106.90903772
2024-03-17 12:00:00,888.5,902.0,877.0,898.0,48711969.22908014
2024-03-17 16:00:00,897.8,905.9,897.6,903.0,26953240.29842631
2024-03-17 20:00:00,903.0,910.0,898.0,904.5,37499989.28876827
2024-03-18 00:00:00,904.5,914.2,881.1,904.6,83603345.41983888
2024-03-18 04:00:00,904.6,912.0,898.4,903.2,48356597.18328481
2024-03-18 08:00:00,903.2,903.3,887.0,894.4,54261055.4610804
2024-03-18 12:00:00,894.4,896.7,882.0,892.0,64082823.20955069
2024-03-18 16:00:00,892.0,897.9,882.1,894.3,25118258.50616697
2024-03-18 20:00:00,894.3,979.0,893.3,943.8,280972376.51919425
2024-03-19 00:00:00,943.8,953.4,897.7,907.1,187000266.03213033
2024-03-19 04:00:00,907.1,908.9,866.6,889.6,126935489.45453982
2024-03-19 08:00:00,889.5,889.7,860.0,873.0,136978831.92560798
2024-03-19 12:00:00,873.0,896.4,871.4,893.5,95209949.55359946
2024-03-19 16:00:00,893.5,901.9,885.6,896.1,27899070.06913116
2024-03-19 20:00:00,896.1,897.4,860.4,872.0,69558751.6894803
2024-03-20 00:00:00,872.0,882.7,861.7,869.6,79214995.89534742
2024-03-20 04:00:00,870.3,876.0,844.2,874.7,114275382.2711035
2024-03-20 08:00:00,874.4,882.0,867.0,878.1,59610032.91126954
2024-03-20 12:00:00,878.0,890.0,864.4,866.1,80917363.18467405
2024-03-20 16:00:00,866.8,894.0,850.0,889.7,74606012.19133072
2024-03-20 20:00:00,889.7,911.0,887.6,899.0,122275142.1443501
2024-03-21 00:00:00,898.7,899.0,882.1,883.2,87398388.54100907
2024-03-21 04:00:00,883.2,891.0,874.3,885.0,67814227.19206351
2024-03-21 08:00:00,885.0,914.5,882.6,897.8,107302822.37960906
2024-03-21 12:00:00,897.8,955.6,895.0,926.4,203187126.047085
2024-03-21 16:00:00,926.1,941.5,916.5,928.8,91743241.5940734
2024-03-21 20:00:00,928.8,937.9,920.4,932.6,61397069.17307103
2024-03-22 00:00:00,932.6,939.8,906.2,918.3,87029093.00817508
2024-03-22 04:00:00,918.3,922.3,909.5,915.1,56888453.99041462
2024-03-22 08:00:00,915.0,920.4,890.1,894.9,73699407.21944071
2024-03-22 12:00:00,894.9,903.5,880.8,894.9,93629644.65462065
2024-03-22 16:00:00,894.8,901.0,887.7,899.9,22567782.01065319
2024-03-22 20:00:00,899.9,906.0,891.4,898.9,33536859.26659012
2024-03-23 00:00:00,898.9,903.7,885.8,890.4,45645249.43102067
2024-03-23 04:00:00,890.7,899.0,890.2,896.8,26577194.02394035
2024-03-23 08:00:00,896.8,902.0,893.1,899.6,29882191.69467648
2024-03-23 12:00:00,899.6,918.3,899.5,911.0,69086897.10644685
2024-03-23 16:00:00,911.1,914.6,905.0,905.6,21050596.21416158
2024-03-23 20:00:00,905.5,907.7,897.1,897.6,20400767.20449821
2024-03-24 00:00:00,897.6,903.3,895.0,896.8,32838273.02523104
2024-03-24 04:00:00,896.7,920.0,894.8,910.1,56314854.1212181
2024-03-24 08:00:00,910.1,916.8,908.1,912.4,32949436.82025441
2024-03-24 12:00:00,912.4,917.3,909.9,913.6,40022716.17081733
2024-03-24 16:00:00,913.8,914.5,905.8,910.5,13735899.04800949
2024-03-24 20:00:00,910.5,916.2,908.7,910.2,29195961.54176663
2024-03-25 00:00:00,910.2,911.0,904.1,905.6,37834879.7919161
2024-03-25 04:00:00,905.6,912.0,904.7,905.2,36464515.1097948
2024-03-25 08:00:00,905.2,907.9,902.0,902.9,34330095.35263112
2024-03-25 12:00:00,902.9,918.1,902.7,915.6,75752358.08912785
2024-03-25 16:00:00,915.6,936.0,908.9,926.7,63771570.32827331
2024-03-25 20:00:00,926.4,929.8,908.6,910.5,52386494.05318918
2024-03-26 00:00:00,910.6,917.0,906.5,913.4,53066801.40634937
2024-03-26 04:00:00,913.4,919.7,910.4,915.0,54484618.53473643
2024-03-26 08:00:00,915.0,919.5,912.6,915.2,66717239.68250556
2024-03-26 12:00:00,915.2,916.1,900.5,904.5,115372368.44017643
2024-03-26 16:00:00,904.5,907.2,899.9,904.1,26090415.57995845
2024-03-26 20:00:00,904.1,907.2,903.4,903.7,28150290.00305138
2024-03-27 00:00:00,903.8,905.6,900.0,901.3,51349839.25194776
2024-03-27 04:00:00,901.6,902.0,881.7,884.7,81291313.2945595
2024-03-27 08:00:00,884.8,891.1,872.0,888.9,105068809.1079054
2024-03-27 12:00:00,888.9,895.9,875.0,879.8,81624699.13896641
2024-03-27 16:00:00,879.7,887.0,876.8,886.2,23501172.92155444
2024-03-27 20:00:00,886.3,887.0,879.0,881.1,30006588.10935945
2024-03-28 00:00:00,881.0,885.5,870.2,874.7,73147559.92564596
2024-03-28 04:00:00,874.7,890.0,873.7,885.9,52000012.20325375
2024-03-28 08:00:00,885.9,889.0,879.3,883.7,56545470.21971676
2024-03-28 12:00:00,883.7,889.1,882.0,887.0,53336485.47940026
2024-03-28 16:00:00,886.7,906.9,883.7,891.5,64226759.90987564
2024-03-28 20:00:00,891.5,896.6,889.6,890.7,26134807.04699315
2024-03-29 00:00:00,890.7,891.0,881.6,883.3,52451869.32283124
2024-03-29 04:00:00,883.5,886.7,873.3,874.8,46785031.93009803
2024-03-29 08:00:00,874.8,900.0,874.1,895.5,75283797.82582453
2024-03-29 12:00:00,895.5,915.7,889.2,895.1,137036755.35339087
2024-03-29 16:00:00,894.3,908.5,892.3,895.3,30815071.12977974
2024-03-29 20:00:00,895.3,902.8,891.0,899.4,23803252.04188909
2024-03-30 00:00:00,899.4,902.0,893.3,894.9,36058759.96154162
2024-03-30 04:00:00,894.9,896.1,890.5,890.7,24185453.78104423
2024-03-30 08:00:00,890.6,894.9,887.6,893.6,23307904.42637714
2024-03-30 12:00:00,893.8,908.8,893.1,898.3,47372846.70420912
2024-03-30 16:00:00,898.3,903.2,892.7,895.7,15250164.72068598
2024-03-30 20:00:00,896.6,897.9,888.6,891.3,19415002.60001323
2024-03-31 00:00:00,891.3,894.9,889.8,890.4,24284735.29803476
2024-03-31 04:00:00,890.5,894.7,889.6,893.6,20106206.75266892
2024-03-31 08:00:00,893.6,895.3,891.5,893.8,14079157.65950205
2024-03-31 12:00:00,893.8,898.0,892.0,892.2,18919957.22637488
2024-03-31 16:00:00,892.2,893.7,891.0,891.8,2648884.47173298
2024-03-31 20:00:00,891.8,895.0,890.0,891.5,27792738.20802404
2024-04-01 00:00:00,891.6,897.0,890.5,891.0,35861423.12653667
2024-04-01 04:00:00,891.0,892.8,870.1,881.5,78539568.00625718
2024-04-01 08:00:00,881.4,881.7,870.0,873.0,42122648.6185723
2024-04-01 12:00:00,873.0,882.1,862.0,866.9,57165067.36256538
2024-04-01 16:00:00,866.9,881.0,865.7,879.3,21789392.89566986
2024-04-01 20:00:00,879.3,882.7,877.2,878.5,19530954.07889045
2024-04-02 00:00:00,878.6,889.7,859.1,864.6,102129978.92962603
2024-04-02 04:00:00,864.7,875.8,862.0,870.5,59001285.34000568
2024-04-02 08:00:00,870.5,873.9,850.1,858.0,78473372.04889642
2024-04-02 12:00:00,858.0,866.0,850.1,855.2,62744479.59748348
2024-04-02 16:00:00,855.7,867.2,853.0,864.1,16689649.7989804
2024-04-02 20:00:00,864.1,868.9,857.1,859.4,19566681.06989871
2024-04-03 00:00:00,859.3,863.3,834.9,856.2,82006278.17433211
2024-04-03 04:00:00,855.4,861.8,851.2,856.8,42919263.30119388
2024-04-03 08:00:00,856.8,860.0,842.3,847.6,43541994.45401643
2024-04-03 12:00:00,847.9,853.4,840.6,845.5,43931822.55417339
2024-04-03 16:00:00,846.0,851.0,838.3,841.4,22229491.92947092
2024-04-03 20:00:00,841.4,842.6,832.2,839.0,33389387.74506671
2024-04-04 00:00:00,839.0,845.2,830.0,831.9,48865843.08280274
2024-04-04 04:00:00,831.9,839.0,825.2,833.6,47120959.85781033
2024-04-04 08:00:00,833.6,841.4,833.4,835.0,34475219.2266171
2024-04-04 12:00:00,834.7,893.3,834.7,860.8,225633345.91310102
2024-04-04 16:00:00,860.9,873.5,860.8,865.7,25380432.68452758
2024-04-04 20:00:00,865.7,866.5,853.4,862.0,34837902.6474679
2024-04-05 00:00:00,862.0,862.7,846.2,854.1,49554482.42603404
2024-04-05 04:00:00,854.0,854.1,843.0,847.3,45753107.64810352
2024-04-05 08:00:00,847.3,854.4,836.1,836.6,47013609.51921759
2024-04-05 12:00:00,836.5,848.0,833.0,845.8,38036557.48137153
2024-04-05 16:00:00,845.8,854.8,843.5,852.9,13137861.4797662
2024-04-05 20:00:00,852.9,855.5,849.1,851.6,12670738.60482689
2024-04-06 00:00:00,851.4,855.0,847.6,851.8,21219840.5054891
2024-04-06 04:00:00,851.8,855.8,851.7,853.5,14650623.16270491
2024-04-06 08:00:00,853.2,854.4,850.1,850.4,15563636.42154393
2024-04-06 12:00:00,850.4,862.0,850.0,858.6,19883934.59123982
2024-04-06 16:00:00,858.6,858.7,850.9,852.4,7528445.82906071
2024-04-06 20:00:00,852.4,860.6,850.5,853.6,15126262.2726946
2024-04-07 00:00:00,853.6,857.0,852.1,854.6,22046499.27225756
2024-04-07 04:00:00,854.7,856.8,853.6,855.1,12568941.88857947
2024-04-07 08:00:00,855.1,858.0,854.1,856.6,13509577.39608241
2024-04-07 12:00:00,856.8,862.8,853.9,855.2,25741083.38074332
2024-04-07 16:00:00,855.3,858.7,849.7,850.6,12690698.61937025
2024-04-07 20:00:00,850.6,853.6,849.6,851.9,11383585.40571859
2024-04-08 00:00:00,851.9,852.3,844.0,847.8,24675370.97170933
2024-04-08 04:00:00,847.7,860.0,844.2,855.0,43902497.83450804
2024-04-08 08:00:00,855.2,867.8,855.0,862.2,68994411.28033058
2024-04-08 12:00:00,862.2,879.7,861.0,873.9,74608485.99026611
2024-04-08 16:00:00,873.9,889.1,873.1,888.2,34998565.9102347
2024-04-08 20:00:00,888.1,888.8,875.7,875.7,28867654.78836668
2024-04-09 00:00:00,875.8,879.5,870.2,873.8,43484517.73930857
2024-04-09 04:00:00,873.7,884.0,866.5,867.8,53374444.63227737
2024-04-09 08:00:00,867.9,891.0,860.6,887.7,64613238.03746506
2024-04-09 12:00:00,887.8,914.6,877.7,890.5,212712704.70242545
2024-04-09 16:00:00,890.5,896.4,878.0,895.7,25828828.96967468
2024-04-09 20:00:00,896.0,900.0,880.0,883.0,32722029.82389006
2024-04-10 00:00:00,882.7,884.7,867.3,872.5,59636135.85348851
2024-04-10 04:00:00,872.5,882.9,871.1,880.5,31577550.86265166
2024-04-10 08:00:00,880.7,883.7,870.3,877.5,35308562.60122308
2024-04-10 12:00:00,877.5,879.6,860.0,874.9,58984098.70259923
2024-04-10 16:00:00,874.2,888.7,870.9,885.3,21313993.71357946
2024-04-10 20:00:00,885.3,887.0,877.8,880.7,21481655.11979982
2024-04-11 00:00:00,880.7,884.8,877.4,882.7,26414844.16157402
2024-04-11 04:00:00,882.7,882.9,876.3,880.5,27166667.16376855
2024-04-11 08:00:00,880.5,883.7,870.4,871.8,32718142.05561449
2024-04-11 12:00:00,872.0,880.1,869.6,872.8,37018005.03759712
2024-04-11 16:00:00,872.8,877.1,868.3,876.4,15344288.70672921
2024-04-11 20:00:00,876.4,878.0,871.0,873.3,14703575.94407439
2024-04-12 00:00:00,873.3,874.0,870.8,873.0,26620530.09020402
2024-04-12 04:00:00,873.0,878.7,870.9,872.8,32270997.31823403
2024-04-12 08:00:00,872.8,874.3,867.1,869.4,31690520.33472897
2024-04-12 12:00:00,869.4,869.8,852.0,857.7,59616664.31736298
2024-04-12 16:00:00,857.7,863.9,782.5,796.9,177768764.7775577
2024-04-12 20:00:00,797.3,816.9,792.8,812.9,88343766.78858083
2024-04-13 00:00:00,813.0,814.4,773.4,805.0,125447185.03880745
2024-04-13 04:00:00,805.0,813.1,797.8,798.6,44670075.38676266
2024-04-13 08:00:00,798.6,802.0,790.1,798.2,33372150.74737399
2024-04-13 12:00:00,798.2,806.9,794.7,801.8,28096813.88060133
2024-04-13 16:00:00,801.8,802.8,755.8,760.0,77207755.84533593
2024-04-13 20:00:00,759.7,761.8,671.1,725.7,357987726.5465107
2024-04-14 00:00:00,725.7,735.9,707.0,715.4,128391243.45376267
2024-04-14 04:00:00,715.4,750.0,712.4,745.4,86676392.61123757
2024-04-14 08:00:00,745.4,749.5,717.0,723.4,60811013.38520242
2024-04-14 12:00:00,723.4,739.8,720.2,734.5,55317828.61919712
2024-04-14 16:00:00,734.6,745.0,721.0,739.6,29746782.23686163
2024-04-14 20:00:00,739.9,766.2,734.3,757.9,54907311.30329855
2024-04-15 00:00:00,757.9,763.1,742.0,747.8,53975483.87699588
2024-04-15 04:00:00,747.9,774.0,742.6,765.0,76553629.16079248
2024-04-15 08:00:00,765.3,771.0,759.5,759.5,53600146.05300382
2024-04-15 12:00:00,759.5,763.6,734.0,745.6,71144670.34029178
2024-04-15 16:00:00,745.6,757.9,734.7,755.2,52604575.67167907
2024-04-15 20:00:00,755.2,762.0,749.2,756.6,43117644.36007318
2024-04-16 00:00:00,756.5,757.4,735.6,739.0,57707531.24053417
2024-04-16 04:00:00,739.0,754.0,719.9,749.2,70099393.2769257
2024-04-16 08:00:00,749.2,751.3,723.3,737.8,63995355.25926469
2024-04-16 12:00:00,737.4,741.1,727.6,739.9,47542556.14730354
2024-04-16 16:00:00,740.1,748.7,737.6,740.5,23347887.82141245
2024-04-16 20:00:00,740.5,749.0,740.0,743.5,16701967.19104525
2024-04-17 00:00:00,743.9,748.2,740.2,742.1,34805290.55428715
2024-04-17 04:00:00,742.1,757.0,737.7,751.8,50105617.92256169
2024-04-17 08:00:00,751.5,752.9,728.1,728.5,46710090.9811058
2024-04-17 12:00:00,728.4,735.6,711.9,719.6,89282906.94281113
2024-04-17 16:00:00,719.6,749.9,711.3,744.1,44053601.78092158
2024-04-17 20:00:00,744.1,745.9,732.9,738.8,25063828.88229982
2024-04-18 00:00:00,738.8,743.0,724.6,737.7,45828105.69717458
2024-04-18 04:00:00,737.6,739.0,721.8,725.5,43475809.24694926
2024-04-18 08:00:00,725.5,737.8,719.0,731.4,50321830.50817909
2024-04-18 12:00:00,731.4,743.0,720.8,738.1,57330418.92251644
2024-04-18 16:00:00,738.1,741.8,729.9,741.1,14936765.8643055
2024-04-18 20:00:00,741.2,742.0,735.3,739.5,23503434.75427422
2024-04-19 00:00:00,739.5,739.6,692.2,713.8,149594434.13018078
2024-04-19 04:00:00,713.7,735.0,709.3,725.6,81899718.7309111
2024-04-19 08:00:00,725.7,735.5,725.1,734.5,43938111.69062114
2024-04-19 12:00:00,734.4,739.0,721.1,736.4,46489387.84196221
2024-04-19 16:00:00,736.4,740.0,727.0,739.1,13171883.29928629
2024-04-19 20:00:00,739.1,746.9,726.0,734.8,26088623.45837773
2024-04-20 00:00:00,734.8,754.4,731.0,749.7,52447047.50241678
2024-04-20 04:00:00,749.7,755.0,746.7,753.8,30934252.28283878
2024-04-20 08:00:00,753.8,774.0,751.4,764.8,66707943.69465679
2024-04-20 12:00:00,764.8,766.1,756.6,763.5,27032036.97919245
2024-04-20 16:00:00,763.5,773.3,760.7,768.3,19791524.12689618
2024-04-20 20:00:00,768.3,773.5,766.5,772.0,14553419.02309334
2024-04-21 00:00:00,772.0,775.8,763.4,772.7,32054065.1777203
2024-04-21 04:00:00,772.6,782.7,770.0,780.7,28770051.92323963
2024-04-21 08:00:00,780.6,785.0,768.8,774.6,37942613.61765122
2024-04-21 12:00:00,774.5,775.6,765.6,771.3,27371746.49097829
2024-04-21 16:00:00,771.4,771.6,760.2,766.6,13205285.23892607
2024-04-21 20:00:00,766.5,774.7,764.4,765.9,12318224.57267886
2024-04-22 00:00:00,765.9,779.9,762.5,775.0,36470049.40171117
2024-04-22 04:00:00,775.1,784.0,774.0,774.2,33748061.92231477
2024-04-22 08:00:00,774.4,777.7,771.4,775.0,23726924.03943514
2024-04-22 12:00:00,775.0,790.2,773.6,783.8,30116385.37010871
2024-04-22 16:00:00,783.8,803.8,783.0,801.1,31788452.59065211
2024-04-22 20:00:00,801.0,829.0,800.1,807.8,71813749.410692
2024-04-23 00:00:00,807.8,811.8,793.6,794.7,49244238.14698992
2024-04-23 04:00:00,794.5,798.7,788.2,794.6,45378933.46229091
2024-04-23 08:00:00,794.6,797.5,784.8,788.0,50535707.69394458
2024-04-23 12:00:00,788.1,793.2,786.2,790.8,35029019.23069888
2024-04-23 16:00:00,790.8,803.0,790.0,802.2,13896354.03871966
2024-04-23 20:00:00,802.1,803.0,786.9,788.7,22277533.05626914
2024-04-24 00:00:00,788.7,790.9,780.6,787.0,37025042.66714426
2024-04-24 04:00:00,786.9,793.8,786.4,791.3,40648689.71361184
2024-04-24 08:00:00,791.3,795.2,782.8,784.5,29547360.3884393
2024-04-24 12:00:00,784.2,786.5,760.2,762.8,56181067.84699816
2024-04-24 16:00:00,762.9,780.6,761.9,780.6,20489269.7415449
2024-04-24 20:00:00,780.6,780.6,760.8,766.9,28063859.55224539
2024-04-25 00:00:00,766.8,772.6,756.1,761.0,35308256.7364321
2024-04-25 04:00:00,761.0,763.6,751.4,754.3,31568091.83695847
2024-04-25 08:00:00,754.7,759.6,745.5,751.0,34695055.38067647
2024-04-25 12:00:00,751.2,757.5,743.8,756.0,34741221.53659263
2024-04-25 16:00:00,756.0,763.1,753.7,763.1,10543224.97405115
2024-04-25 20:00:00,763.1,767.6,753.2,754.9,14735321.78343203
2024-04-26 00:00:00,755.1,761.0,744.5,756.7,34460244.71946227
2024-04-26 04:00:00,757.0,768.7,753.2,754.8,34388984.62585449
2024-04-26 08:00:00,754.7,756.6,748.0,751.3,20782570.99991841
2024-04-26 12:00:00,751.0,755.4,741.5,750.6,30997073.04535143
2024-04-26 16:00:00,750.7,759.1,748.1,757.7,7124384.47452091
2024-04-26 20:00:00,757.7,761.9,753.1,758.5,11771414.77331653
2024-04-27 00:00:00,758.5,758.9,738.0,747.7,36884848.48355406
2024-04-27 04:00:00,747.7,749.0,741.3,741.3,13489755.53148234
2024-04-27 08:00:00,741.4,743.0,736.1,739.6,20586177.95249688
2024-04-27 12:00:00,739.6,747.7,738.6,744.4,13804093.20350459
2024-04-27 16:00:00,743.8,752.3,743.1,749.0,9282825.36024697
2024-04-27 20:00:00,749.0,749.2,745.0,746.7,6404720.56752468
2024-04-28 00:00:00,746.7,755.0,746.5,751.9,15417007.60969688
2024-04-28 04:00:00,751.9,754.9,750.0,752.3,10175765.53849152
2024-04-28 08:00:00,752.4,752.9,741.0,742.0,16708043.28845169
2024-04-28 12:00:00,741.8,746.0,741.8,744.6,14200802.47676755
2024-04-28 16:00:00,744.8,746.4,742.5,744.4,5183548.41732851
2024-04-28 20:00:00,744.2,745.1,730.5,731.9,24126217.30641619
2024-04-29 00:00:00,732.1,736.3,719.4,719.4,40960813.97154526
2024-04-29 04:00:00,719.6,728.0,712.0,721.0,47952583.43112541
2024-04-29 08:00:00,720.9,731.1,715.4,722.1,30185685.11526968
2024-04-29 12:00:00,722.1,733.8,719.2,732.5,25454709.14382067
2024-04-29 16:00:00,732.6,740.0,731.7,738.4,11492415.59868906
2024-04-29 20:00:00,738.4,741.4,730.0,737.1,17797923.57777529
2024-04-30 00:00:00,737.1,743.4,726.2,733.7,27483957.42390376
2024-04-30 04:00:00,733.2,735.5,725.2,725.5,23959966.22497066
2024-04-30 08:00:00,725.5,726.0,707.0,713.6,58722876.02317959
2024-04-30 12:00:00,713.3,719.6,700.3,714.8,46533535.37575331
2024-04-30 16:00:00,714.6,719.9,705.0,716.0,22632978.93981284
2024-04-30 20:00:00,716.2,724.2,715.5,718.0,19365532.54644803
2024-05-01 00:00:00,718.2,721.7,701.6,713.6,54785168.77137091
2024-05-01 04:00:00,713.6,714.5,688.4,694.2,76479960.41125666
2024-05-01 08:00:00,694.8,705.3,680.0,705.2,75362604.94405682
2024-05-01 12:00:00,705.2,709.9,701.2,709.7,29395320.85543218
2024-05-01 16:00:00,709.8,741.7,708.2,728.0,40658516.60247062
2024-05-01 20:00:00,728.0,741.7,724.4,739.2,29639832.49468856
2024-05-02 00:00:00,739.5,743.0,716.5,722.7,42399141.33146921
2024-05-02 04:00:00,722.7,727.0,715.0,725.7,22372084.93364187
2024-05-02 08:00:00,725.7,735.0,722.9,734.1,22067661.80803703
2024-05-02 12:00:00,734.1,738.1,724.0,734.5,23987516.43631058
2024-05-02 16:00:00,734.5,738.8,731.1,738.7,7825742.29905929
2024-05-02 20:00:00,738.7,740.6,728.2,728.5,15188234.9811891
2024-05-03 00:00:00,728.7,741.1,726.9,739.0,29408183.39953301
2024-05-03 04:00:00,739.0,739.4,733.0,734.0,24234245.5854746
2024-05-03 08:00:00,734.0,744.5,730.0,732.8,36232820.46899515
2024-05-03 12:00:00,732.8,745.2,731.2,743.0,51652616.5138323
2024-05-03 16:00:00,742.3,749.0,741.3,748.8,11992478.94236632
2024-05-03 20:00:00,748.8,758.3,747.6,753.7,33734028.86556848
2024-05-04 00:00:00,753.7,758.0,742.0,747.5,39298498.88383943
2024-05-04 04:00:00,747.6,750.5,745.9,746.0,15305476.08146642
2024-05-04 08:00:00,746.0,758.0,745.8,756.5,23472321.08346907
2024-05-04 12:00:00,756.5,765.0,754.4,758.1,29715854.88077408
2024-05-04 16:00:00,758.1,758.5,752.3,755.7,5974198.07166683
2024-05-04 20:00:00,755.3,757.5,748.3,750.2,9225498.38708647
2024-05-05 00:00:00,750.1,751.7,736.4,744.0,26189714.51689847
2024-05-05 04:00:00,744.0,748.4,741.8,746.2,8760469.38197595
2024-05-05 08:00:00,746.2,749.9,744.6,746.5,9837108.41285871
2024-05-05 12:00:00,747.1,749.8,743.3,748.7,15306171.08189515
2024-05-05 16:00:00,748.4,750.0,744.1,746.1,6145887.67461161
2024-05-05 20:00:00,746.1,746.9,744.3,745.0,5308591.77324261
2024-05-06 00:00:00,745.0,749.6,744.5,748.9,13879894.53513893
2024-05-06 04:00:00,748.9,756.0,747.7,756.0,15845543.78776007
2024-05-06 08:00:00,756.0,764.0,747.0,752.8,40070506.07331604
2024-05-06 12:00:00,752.6,786.1,737.7,785.5,55221513.76379983
2024-05-06 16:00:00,785.8,798.8,764.3,770.3,96552878.7575577
2024-05-06 20:00:00,770.3,771.5,756.9,758.0,25557946.59502709
2024-05-07 00:00:00,758.6,764.0,751.0,757.3,32888638.96277068
2024-05-07 04:00:00,757.2,758.7,747.8,754.5,28385917.78396047
2024-05-07 08:00:00,754.5,759.8,751.3,751.7,25032379.0789749
2024-05-07 12:00:00,751.7,759.5,751.2,757.5,22450691.54151354
2024-05-07 16:00:00,757.0,761.6,753.6,754.5,8636719.42265743
2024-05-07 20:00:00,754.5,756.7,735.1,737.9,28724635.74815487
2024-05-08 00:00:00,737.9,740.4,731.0,737.8,28669374.666817
2024-05-08 04:00:00,737.8,739.2,726.0,730.4,33163111.7925118
2024-05-08 08:00:00,730.5,733.4,727.3,729.7,19059919.62471211
2024-05-08 12:00:00,729.8,744.1,727.5,741.4,40112953.97357643
2024-05-08 16:00:00,741.4,743.7,734.1,737.0,7560703.401639
2024-05-08 20:00:00,737.0,739.1,721.2,725.2,24910084.58205686
2024-05-09 00:00:00,725.2,731.8,725.0,730.7,17393133.48196855
2024-05-09 04:00:00,730.7,731.2,721.0,721.7,22114253.99883115
2024-05-09 08:00:00,721.8,726.5,714.0,720.2,27405098.84581508
2024-05-09 12:00:00,720.2,723.7,714.0,722.9,26643700.12718313
2024-05-09 16:00:00,722.8,725.8,718.8,724.1,8769156.71343594
2024-05-09 20:00:00,724.0,729.9,721.6,727.8,19777835.07031295
2024-05-10 00:00:00,727.8,727.8,720.5,722.6,22534996.70772077
2024-05-10 04:00:00,722.6,723.5,717.5,721.1,24061063.2502665
2024-05-10 08:00:00,721.1,721.7,717.0,720.3,21330803.74843522
2024-05-10 12:00:00,720.3,721.6,700.8,706.5,68148967.45762219
2024-05-10 16:00:00,706.1,714.9,701.5,712.8,21442362.43398698
2024-05-10 20:00:00,713.0,714.6,706.4,709.0,13581744.0028842
2024-05-11 00:00:00,709.0,712.5,707.1,708.0,16214895.00597507
2024-05-11 04:00:00,708.4,712.0,707.4,711.1,11459818.50477867
2024-05-11 08:00:00,711.1,712.0,705.1,707.9,12393625.26907481
2024-05-11 12:00:00,707.9,714.7,706.9,713.6,12681693.84726764
2024-05-11 16:00:00,713.6,714.0,711.0,712.7,3837243.25190972
2024-05-11 20:00:00,713.0,714.6,710.8,712.8,5179373.05461877
2024-05-12 00:00:00,713.6,716.4,712.3,715.7,8491465.72115871
2024-05-12 04:00:00,715.9,716.8,710.2,711.7,8929604.89964378
2024-05-12 08:00:00,711.7,714.4,710.1,711.1,9176526.71407594
2024-05-12 12:00:00,711.7,712.2,708.1,710.7,10622076.74953663
2024-05-12 16:00:00,710.6,712.8,706.7,707.3,5347715.59681826
2024-05-12 20:00:00,707.4,708.2,702.0,703.3,15720477.16483655
2024-05-13 00:00:00,703.4,707.7,686.1,693.3,55894494.16765711
2024-05-13 04:00:00,693.3,706.9,689.0,706.0,29951496.82280732
2024-05-13 08:00:00,706.0,714.3,698.4,709.2,36908624.55127715
2024-05-13 12:00:00,709.3,711.9,705.0,710.2,18915262.57418008
2024-05-13 16:00:00,710.5,713.9,705.1,708.8,9306488.21530278
2024-05-13 20:00:00,708.8,709.2,701.9,706.2,9430208.73432757
2024-05-14 00:00:00,705.8,712.0,703.1,707.5,17682339.67935192
2024-05-14 04:00:00,707.5,709.2,697.6,706.3,23226240.99194417
2024-05-14 08:00:00,706.3,711.8,704.0,708.9,19043531.43257482
2024-05-14 12:00:00,708.9,719.0,699.6,712.7,32414335.0037214
2024-05-14 16:00:00,712.6,713.5,704.8,709.5,10019103.31615404
2024-05-14 20:00:00,708.6,710.0,701.4,703.4,9946306.75938474
2024-05-15 00:00:00,703.4,704.7,699.2,703.6,14478234.04490908
2024-05-15 04:00:00,703.6,704.7,699.3,701.0,14082878.30719095
2024-05-15 08:00:00,701.0,704.0,699.0,701.9,20864179.87123156
2024-05-15 12:00:00,701.9,718.2,700.0,716.3,61697093.33485112
2024-05-15 16:00:00,716.0,723.3,715.2,721.9,18189624.97269922
2024-05-15 20:00:00,721.9,722.9,718.2,721.3,20563784.74583685
2024-05-16 00:00:00,721.3,722.0,714.1,716.6,26031684.55771613
2024-05-16 04:00:00,716.6,719.7,714.8,719.7,16639165.5336198
2024-05-16 08:00:00,719.7,722.6,715.4,719.9,18005751.75947214
2024-05-16 12:00:00,719.8,722.9,714.1,721.0,28699748.41323159
2024-05-16 16:00:00,721.1,726.0,717.5,720.8,14743904.23669687
2024-05-16 20:00:00,720.8,721.0,715.6,717.1,9862594.08053921
2024-05-17 00:00:00,717.3,719.5,715.5,718.0,15602801.69510365
2024-05-17 04:00:00,718.0,722.9,715.2,722.3,22172666.9582264
2024-05-17 08:00:00,722.3,724.1,719.2,721.5,20454928.24062297
2024-05-17 12:00:00,721.5,728.0,721.0,726.5,19853995.96889373
2024-05-17 16:00:00,726.5,730.0,722.6,725.1,10568161.70669922
2024-05-17 20:00:00,725.1,726.2,722.4,724.4,8147771.01045927
2024-05-18 00:00:00,724.1,726.9,722.2,726.2,12974227.11214312
2024-05-18 04:00:00,726.2,726.7,723.5,724.8,10258003.03055548
2024-05-18 08:00:00,724.8,729.0,724.7,727.2,11256977.24358806
2024-05-18 12:00:00,727.2,728.0,721.2,725.4,15047728.32995992
2024-05-18 16:00:00,725.4,725.9,723.3,723.9,3845157.42017821
2024-05-18 20:00:00,724.0,725.7,723.5,724.5,4570267.71373486
2024-05-19 00:00:00,724.6,726.0,722.3,724.8,8066694.97660211
2024-05-19 04:00:00,724.9,726.8,722.3,723.1,9562164.35980883
2024-05-19 08:00:00,723.0,724.3,718.6,720.7,13764807.11623684
2024-05-19 12:00:00,720.7,720.7,710.0,712.7,24667962.87336329
2024-05-19 16:00:00,712.9,714.0,706.9,708.0,10953496.30398375
2024-05-19 20:00:00,707.9,711.3,706.2,709.0,12766755.23406399
2024-05-20 00:00:00,709.0,711.0,705.1,710.4,18787792.6261695
2024-05-20 04:00:00,710.0,716.8,703.5,711.5,24096507.04749307
2024-05-20 08:00:00,711.5,711.9,706.7,710.4,21519032.73141763
2024-05-20 12:00:00,710.4,716.3,707.9,714.9,16666770.83413444
2024-05-20 16:00:00,714.8,732.9,714.5,732.8,22643118.63789224
2024-05-20 20:00:00,732.7,734.0,725.4,733.3,62534758.94621205
2024-05-21 00:00:00,733.3,741.8,726.6,734.3,63045767.00095677
2024-05-21 04:00:00,734.1,740.0,730.0,739.8,28324547.64536621
2024-05-21 08:00:00,739.8,747.3,737.3,746.1,37657534.60403015
2024-05-21 12:00:00,746.1,767.4,743.6,747.8,69820019.65524478
2024-05-21 16:00:00,747.6,753.2,737.5,740.8,18813816.37576365
2024-05-21 20:00:00,740.8,746.7,733.3,740.8,22469255.66104
2024-05-22 00:00:00,740.8,742.0,732.0,736.7,25599222.73099078
2024-05-22 04:00:00,736.4,736.8,724.0,732.0,30960673.37084964
2024-05-22 08:00:00,731.7,737.7,730.9,733.4,16996889.83618175
2024-05-22 12:00:00,733.2,738.0,723.2,736.2,23544170.28163021
2024-05-22 16:00:00,736.3,739.0,726.7,728.7,8043158.70407407
2024-05-22 20:00:00,728.7,731.0,722.9,726.6,13146498.23081971
2024-05-23 00:00:00,726.6,730.0,725.2,728.3,15110491.61777777
2024-05-23 04:00:00,728.0,729.8,725.0,728.7,20429110.56537114
2024-05-23 08:00:00,728.7,733.0,724.0,730.1,25469874.46269295
2024-05-23 12:00:00,730.2,763.8,720.0,733.9,156985825.44348648
2024-05-23 16:00:00,734.2,736.1,720.7,724.5,21342479.07511152
2024-05-23 20:00:00,724.5,741.6,710.0,738.7,66462252.84004941
2024-05-24 00:00:00,738.7,747.7,732.8,740.3,38278684.68659851
2024-05-24 04:00:00,740.3,741.9,724.6,732.1,38612702.52637036
2024-05-24 08:00:00,732.1,742.5,725.0,737.3,27170613.42417261
2024-05-24 12:00:00,737.1,749.7,735.9,742.4,43403361.47575593
2024-05-24 16:00:00,742.4,744.7,738.3,740.5,11384241.85339169
2024-05-24 20:00:00,740.0,746.0,738.6,744.1,10603776.70308992
2024-05-25 00:00:00,744.1,746.6,741.8,744.7,15754466.75938469
2024-05-25 04:00:00,744.7,748.0,742.7,744.6,17599647.02211633
2024-05-25 08:00:00,744.5,752.1,743.8,748.4,22025337.45927764
2024-05-25 12:00:00,748.3,754.2,743.7,750.2,22798629.95825022
2024-05-25 16:00:00,750.1,751.1,747.7,749.3,5576460.94453811
2024-05-25 20:00:00,749.2,754.0,749.2,752.1,8649419.43561409
2024-05-26 00:00:00,752.1,752.7,748.8,751.2,14669175.61975133
2024-05-26 04:00:00,751.0,751.3,748.1,750.2,10411799.88952989
2024-05-26 08:00:00,750.2,750.7,745.3,746.6,15567946.51764276
2024-05-26 12:00:00,746.6,747.0,738.8,740.7,21683224.79410584
2024-05-26 16:00:00,740.7,743.0,738.5,742.0,5609050.038291
2024-05-26 20:00:00,742.0,742.0,736.0,736.3,13288194.46231849
2024-05-27 00:00:00,736.5,742.5,736.1,739.1,17904061.04565433
2024-05-27 04:00:00,739.1,740.0,730.5,734.5,23285541.1353409
2024-05-27 08:00:00,734.7,739.5,733.1,734.8,17701271.9338104
2024-05-27 12:00:00,734.7,746.5,734.7,744.6,25218850.38516539
2024-05-27 16:00:00,744.7,746.2,735.0,737.9,12123770.71686201
2024-05-27 20:00:00,738.0,742.0,737.1,738.9,11947472.64578979
2024-05-28 00:00:00,739.0,739.9,728.1,730.3,28861137.2452881
2024-05-28 04:00:00,730.2,732.0,723.8,730.5,23237787.0946155
2024-05-28 08:00:00,730.5,738.1,730.1,734.1,16948721.74693422
2024-05-28 12:00:00,734.3,738.3,730.6,735.8,17663957.69413231
2024-05-28 16:00:00,735.8,736.6,727.7,731.5,6595338.50861489
2024-05-28 20:00:00,731.5,734.4,728.3,731.6,11489130.18699588
2024-05-29 00:00:00,731.4,733.6,727.0,731.3,23653286.02130928
2024-05-29 04:00:00,731.3,733.5,726.7,729.0,26945497.68571117
2024-05-29 08:00:00,728.4,739.1,725.0,732.6,50562136.34134473
2024-05-29 12:00:00,732.6,737.1,731.9,733.5,23004844.81070689
2024-05-29 16:00:00,733.5,734.0,728.0,728.2,9136371.5642856
2024-05-29 20:00:00,728.2,729.5,724.0,728.2,14189029.88267597
2024-05-30 00:00:00,728.2,731.9,725.5,731.5,17131665.71081162
2024-05-30 04:00:00,731.5,731.8,718.2,720.0,40042009.65814384
2024-05-30 08:00:00,720.0,727.0,716.1,724.8,54223311.55321391
2024-05-30 12:00:00,724.9,729.6,723.8,728.1,27055419.80645567
2024-05-30 16:00:00,728.1,730.1,724.7,725.0,9658103.89250325
2024-05-30 20:00:00,725.0,726.0,720.2,721.9,13519021.46803701
2024-05-31 00:00:00,722.1,726.3,720.2,725.4,15928184.43883309
2024-05-31 04:00:00,725.4,725.8,720.1,720.5,18746875.51797631
2024-05-31 08:00:00,720.5,732.5,720.4,726.3,35623877.40919532
2024-05-31 12:00:00,726.2,734.4,721.4,724.8,24287053.72076414
2024-05-31 16:00:00,724.3,726.4,719.6,724.2,10418572.19024715
2024-05-31 20:00:00,724.5,726.4,723.0,724.4,5623630.39336274
2024-06-01 00:00:00,724.3,727.3,723.0,726.4,11553324.08306834
2024-06-01 04:00:00,726.4,727.3,724.8,726.4,6433342.89299029
2024-06-01 08:00:00,726.4,729.8,726.0,728.5,6662539.49974879
2024-06-01 12:00:00,728.3,729.5,727.5,727.9,6891444.41984891
2024-06-01 16:00:00,727.9,728.6,726.0,727.2,3217794.47501666
2024-06-01 20:00:00,727.2,728.0,725.8,726.0,3980273.17575618
2024-06-02 00:00:00,725.9,727.0,725.2,726.3,7646034.9527104
2024-06-02 04:00:00,726.3,726.4,723.9,724.0,8239103.15484925
2024-06-02 08:00:00,723.9,725.4,720.5,724.5,13281889.88931484
2024-06-02 12:00:00,724.2,727.8,723.2,724.4,8857084.25601077
2024-06-02 16:00:00,724.4,724.8,716.1,719.7,12402930.7048337
2024-06-02 20:00:00,720.3,722.3,717.5,720.2,7776437.49367231
2024-06-03 00:00:00,720.2,723.9,718.0,720.4,14826898.6346517
2024-06-03 04:00:00,720.4,726.5,719.1,724.3,18277365.90549873
2024-06-03 08:00:00,724.2,726.0,722.7,722.9,12803208.56074341
2024-06-03 12:00:00,722.8,725.7,720.7,725.4,14570436.82148823
2024-06-03 16:00:00,725.4,726.3,722.1,726.3,4187779.57615179
2024-06-03 20:00:00,726.3,727.3,724.0,725.1,7640269.19556267
2024-06-04 00:00:00,724.6,726.0,721.8,724.6,12856814.75216788
2024-06-04 04:00:00,724.6,725.2,722.3,724.3,10732379.10953954
2024-06-04 08:00:00,724.3,730.5,722.2,726.6,22450383.3879118
2024-06-04 12:00:00,726.5,733.1,726.4,732.8,20258049.39767476
2024-06-04 16:00:00,732.4,733.8,726.0,729.0,12581749.21305861
2024-06-04 20:00:00,728.9,729.6,726.1,727.2,8987147.46866295
2024-06-05 00:00:00,727.2,728.9,725.8,726.7,19859580.82187413
2024-06-05 04:00:00,726.7,728.0,725.5,727.8,17128604.42781091
2024-06-05 08:00:00,727.8,735.7,727.4,731.8,21650746.94823112
2024-06-05 12:00:00,731.9,733.2,728.6,731.5,16099679.85414538
2024-06-05 16:00:00,731.7,732.8,727.7,729.1,8320556.48639469
2024-06-05 20:00:00,729.1,729.9,726.7,728.3,11273722.73776221
2024-06-06 00:00:00,728.0,728.9,726.0,726.2,18314442.27570985
2024-06-06 04:00:00,726.1,729.5,725.0,727.6,39046561.7170055
2024-06-06 08:00:00,727.1,730.0,725.6,729.4,16207962.6597508
2024-06-06 12:00:00,729.4,733.0,728.5,732.0,17748958.47324421
2024-06-06 16:00:00,731.2,733.1,725.0,725.0,9809787.94205821
2024-06-06 20:00:00,725.0,726.5,722.1,725.0,9730941.31873613
2024-06-07 00:00:00,725.0,725.9,722.0,724.4,15804854.69039416
2024-06-07 04:00:00,724.4,728.7,723.6,728.6,16358701.74718988
2024-06-07 08:00:00,728.6,731.8,725.1,731.8,18039660.57806095
2024-06-07 12:00:00,731.7,731.9,726.1,729.0,19860895.27008982
2024-06-07 16:00:00,728.8,729.3,660.0,697.0,94691186.79480703
2024-06-07 20:00:00,697.0,710.0,694.2,704.3,27721703.19041921
2024-06-08 00:00:00,704.3,706.6,701.0,705.3,19074287.19540457
2024-06-08 04:00:00,705.3,705.7,703.1,705.3,10677558.39845043
2024-06-08 08:00:00,705.3,705.6,695.1,697.1,19274175.14679626
2024-06-08 12:00:00,697.1,700.0,694.0,696.7,18054565.61325965
2024-06-08 16:00:00,696.6,699.6,694.2,696.4,6775304.34219277
2024-06-08 20:00:00,696.4,699.4,695.0,698.0,7050477.05202866
2024-06-09 00:00:00,698.1,700.7,696.1,697.4,11364326.75537647
2024-06-09 04:00:00,697.4,698.7,696.0,697.0,8380712.85129429
2024-06-09 08:00:00,697.2,698.1,696.2,697.1,6483365.7578644
2024-06-09 12:00:00,697.2,701.1,696.1,699.0,15752419.85644449
2024-06-09 16:00:00,699.0,700.8,697.9,700.1,2972118.47886032
2024-06-09 20:00:00,700.1,702.5,700.0,700.7,4860436.20921533
2024-06-10 00:00:00,700.7,704.8,699.0,703.6,13284671.75412763
2024-06-10 04:00:00,703.5,703.7,691.8,691.9,21562044.62312964
2024-06-10 08:00:00,691.9,699.0,691.7,695.9,12720995.23760104
2024-06-10 12:00:00,695.9,706.9,694.9,704.9,15255957.99693684
2024-06-10 16:00:00,704.9,705.3,695.0,695.8,6677482.67836434
2024-06-10 20:00:00,696.0,697.5,693.8,695.3,6819602.07162041
2024-06-11 00:00:00,695.3,696.2,680.0,684.6,38869896.67036236
2024-06-11 04:00:00,684.6,686.0,678.0,682.9,28936619.64345186
2024-06-11 08:00:00,682.9,684.2,678.0,681.2,21206489.68597584
2024-06-11 12:00:00,681.2,683.3,671.5,675.7,29555043.90833606
2024-06-11 16:00:00,675.8,681.4,670.0,679.2,17031795.16164557
2024-06-11 20:00:00,679.2,681.8,677.7,680.8,9723460.16302083
2024-06-12 00:00:00,680.8,681.6,670.1,678.4,22482805.6722318
2024-06-12 04:00:00,678.4,681.6,673.4,677.8,19342842.20228267
2024-06-12 08:00:00,677.8,684.2,677.0,680.7,20118775.74247578
2024-06-12 12:00:00,680.7,699.7,680.4,696.3,41031778.61172247
2024-06-12 16:00:00,696.4,697.0,680.0,683.0,18982161.57957638
2024-06-12 20:00:00,683.1,692.8,680.8,690.2,11003763.55822022
2024-06-13 00:00:00,690.2,690.8,681.8,686.5,17488899.18815863
2024-06-13 04:00:00,686.5,689.9,682.3,688.2,15982594.76260605
2024-06-13 08:00:00,688.4,688.4,682.1,683.6,11979041.56082289
2024-06-13 12:00:00,683.6,688.4,680.2,681.4,18251682.07052154
2024-06-13 16:00:00,681.2,686.0,680.0,682.6,7156623.54442599
2024-06-13 20:00:00,682.6,683.9,675.4,676.4,13557070.57083952
2024-06-14 00:00:00,676.5,681.0,673.3,678.0,17894869.70144313
2024-06-14 04:00:00,678.5,680.2,676.2,676.5,14041793.70845218
2024-06-14 08:00:00,676.6,678.9,675.0,676.9,14188856.98984625
2024-06-14 12:00:00,677.2,680.0,671.0,673.3,18416730.55070426
2024-06-14 16:00:00,673.3,673.9,662.3,669.0,27966009.40916099
2024-06-14 20:00:00,669.0,680.0,668.0,675.7,11585964.01503047
2024-06-15 00:00:00,675.5,677.2,674.0,676.3,8988196.91323307
2024-06-15 04:00:00,676.3,680.0,675.9,677.9,8718365.58834641
2024-06-15 08:00:00,677.9,680.3,677.8,680.2,6513917.38527975
2024-06-15 12:00:00,680.2,686.4,678.8,686.3,12516954.85045202
2024-06-15 16:00:00,686.4,714.9,685.0,700.3,22177722.43365843
2024-06-15 20:00:00,700.5,703.6,692.2,695.6,16344779.62280091
2024-06-16 00:00:00,695.5,697.8,691.9,695.8,13065678.04947399
2024-06-16 04:00:00,695.8,696.2,691.7,692.5,8108013.41720165
2024-06-16 08:00:00,692.5,707.5,692.2,703.2,27969866.20083982
2024-06-16 12:00:00,703.2,703.3,693.2,695.3,16868817.40971661
2024-06-16 16:00:00,695.6,696.1,691.5,694.0,4261702.07636088
2024-06-16 20:00:00,694.0,694.6,689.8,691.1,8088908.59678566
2024-06-17 00:00:00,691.2,693.0,682.3,687.9,23658085.30521204
2024-06-17 04:00:00,687.9,704.1,682.4,702.9,39351626.10389725
2024-06-17 08:00:00,702.9,707.5,690.6,701.1,70256841.86037412
2024-06-17 12:00:00,701.0,731.0,699.6,716.4,109862079.18186128
2024-06-17 16:00:00,716.4,728.9,703.0,728.2,32914477.71772636
2024-06-17 20:00:00,727.8,728.7,708.0,710.5,28398040.23171779
2024-06-18 00:00:00,710.5,716.9,671.0,690.5,92610357.0178983
2024-06-18 04:00:00,690.7,710.7,685.7,706.2,29687535.9898167
2024-06-18 08:00:00,706.2,718.6,695.8,699.8,40969316.25398769
2024-06-18 12:00:00,699.8,701.1,681.0,685.6,41643523.39640408
2024-06-18 16:00:00,685.4,685.6,674.9,681.5,20087695.75746415
2024-06-18 20:00:00,681.1,693.2,680.0,689.8,11741831.43831752
2024-06-19 00:00:00,690.9,701.9,687.5,700.2,30196561.05092189
2024-06-19 04:00:00,700.0,700.9,692.1,692.1,21290717.92356758
2024-06-19 08:00:00,692.1,696.5,685.0,694.4,19989230.0221255
2024-06-19 12:00:00,694.4,698.1,690.9,694.0,13685299.9855255
2024-06-19 16:00:00,694.7,703.6,693.3,699.3,8185155.30913882
2024-06-19 20:00:00,699.3,701.7,694.0,695.5,9917206.13322144
2024-06-20 00:00:00,695.6,702.0,694.0,695.5,16159709.45775304
2024-06-20 04:00:00,695.5,708.2,694.7,703.6,26931517.95453901
2024-06-20 08:00:00,703.9,707.4,697.7,705.3,24550295.83401294
2024-06-20 12:00:00,705.3,707.2,695.9,696.5,24574939.60831413
2024-06-20 16:00:00,696.6,697.5,691.9,693.6,9741465.67949184
2024-06-20 20:00:00,694.0,695.7,691.5,691.6,9750087.41022087
2024-06-21 00:00:00,691.6,694.9,689.0,690.7,15618608.19587213
2024-06-21 04:00:00,690.7,695.0,688.5,692.0,17015110.23259761
2024-06-21 08:00:00,692.0,698.6,685.1,695.9,24685048.84132555
2024-06-21 12:00:00,695.9,696.7,683.0,686.0,23680592.09245526
2024-06-21 16:00:00,686.1,686.2,678.6,685.7,10171571.73572181
2024-06-21 20:00:00,685.8,694.3,683.3,688.6,8506463.04900546
2024-06-22 00:00:00,688.7,690.9,687.7,688.4,8134005.46502406
2024-06-22 04:00:00,688.4,690.2,687.4,687.8,7640342.15111083
2024-06-22 08:00:00,687.8,688.2,685.1,686.9,9088206.43376622
2024-06-22 12:00:00,686.9,689.4,686.2,687.6,6705742.7656606
2024-06-22 16:00:00,687.6,689.9,687.0,689.2,2589068.5023083
2024-06-22 20:00:00,689.8,689.9,687.9,688.6,2744743.15528228
2024-06-23 00:00:00,688.6,691.0,687.5,690.1,6963187.08567536
2024-06-23 04:00:00,690.0,690.7,688.5,688.9,4314731.59902053
2024-06-23 08:00:00,689.2,690.3,685.2,686.7,8187415.67906742
2024-06-23 12:00:00,686.7,687.0,680.3,681.6,12797033.79778284
2024-06-23 16:00:00,681.6,683.0,679.5,681.7,5825851.29532241
2024-06-23 20:00:00,682.0,682.4,674.2,676.4,16638098.48401026
2024-06-24 00:00:00,676.5,678.3,669.0,671.2,26111579.61717386
2024-06-24 04:00:00,671.2,671.8,661.0,668.0,40460137.11494835
2024-06-24 08:00:00,668.0,675.1,660.1,671.8,31418414.17226345
2024-06-24 12:00:00,671.8,680.2,667.0,667.5,19043838.66899491
2024-06-24 16:00:00,667.5,671.9,660.4,661.3,16340911.40490914
2024-06-24 20:00:00,661.3,672.7,656.1,671.5,25736882.93674766
2024-06-25 00:00:00,671.6,678.1,667.5,675.1,27616195.87329179
2024-06-25 04:00:00,675.1,677.0,668.1,670.9,19797851.73790203
2024-06-25 08:00:00,670.9,673.1,668.4,672.3,21395913.91091033
2024-06-25 12:00:00,672.4,676.9,670.0,673.5,17387166.13304943
2024-06-25 16:00:00,673.5,675.9,672.3,674.8,5749146.92016367
2024-06-25 20:00:00,674.8,675.9,671.5,672.9,9683804.79739846
2024-06-26 00:00:00,672.9,675.6,670.0,671.4,18841163.81376804
2024-06-26 04:00:00,671.4,672.1,666.7,668.2,18066072.18509382
2024-06-26 08:00:00,668.1,672.0,664.0,669.8,21853153.7170496
2024-06-26 12:00:00,669.8,671.5,663.1,664.6,17403450.78377025
2024-06-26 16:00:00,664.7,667.9,659.5,667.5,11053777.94515509
2024-06-26 20:00:00,667.6,668.0,663.2,664.0,7279540.28442322
2024-06-27 00:00:00,664.0,665.4,661.0,662.8,14622179.04806666
2024-06-27 04:00:00,663.0,663.9,656.1,658.6,22065743.30868048
2024-06-27 08:00:00,658.5,664.0,657.1,662.6,15015294.03142393
2024-06-27 12:00:00,662.6,671.4,662.1,665.4,22681292.6696648
2024-06-27 16:00:00,665.5,668.8,664.6,667.7,3054114.51736971
2024-06-27 20:00:00,667.7,670.5,667.3,668.7,5517277.53168175
2024-06-28 00:00:00,668.8,671.8,666.7,668.7,13896193.20034481
2024-06-28 04:00:00,668.7,671.8,666.2,670.0,14966744.94245461
2024-06-28 08:00:00,670.1,674.7,668.1,674.0,14413250.2235838
2024-06-28 12:00:00,673.8,675.0,668.5,669.4,14670398.29680923
2024-06-28 16:00:00,669.4,669.9,663.0,668.2,8437291.74425323
2024-06-28 20:00:00,668.2,669.1,663.0,665.0,6332506.69585742
2024-06-29 00:00:00,665.0,668.2,664.1,667.4,6439043.60852986
2024-06-29 04:00:00,667.5,670.1,666.4,669.1,6061902.97512163
2024-06-29 08:00:00,669.1,671.0,668.5,670.5,6020516.74995946
2024-06-29 12:00:00,670.6,670.9,666.8,667.5,5244989.91112762
2024-06-29 16:00:00,667.7,669.0,666.5,668.1,2156490.14007004
2024-06-29 20:00:00,668.1,668.5,665.1,665.8,3725665.73856609
2024-06-30 00:00:00,665.8,666.8,660.9,663.5,10376714.19694428
2024-06-30 04:00:00,663.5,668.3,662.4,667.0,7267003.63646989
2024-06-30 08:00:00,666.9,668.1,664.0,665.5,6913120.14855178
2024-06-30 12:00:00,665.5,667.6,664.0,666.6,6899281.45489199
2024-06-30 16:00:00,666.6,666.6,664.8,664.8,905458.51416504
2024-06-30 20:00:00,664.9,669.9,664.5,667.5,9119142.93396188
2024-07-01 00:00:00,667.5,673.1,666.2,670.1,17723784.04380579
2024-07-01 04:00:00,670.1,675.5,669.0,672.5,13041127.64267447
2024-07-01 08:00:00,672.9,679.5,670.4,672.0,19586609.5110615
2024-07-01 12:00:00,671.8,676.7,671.7,673.8,11084522.97305965
2024-07-01 16:00:00,673.8,674.6,669.8,670.5,5914993.28271893
2024-07-01 20:00:00,670.4,672.9,669.1,670.2,7054838.73605127
2024-07-02 00:00:00,670.2,672.7,668.5,672.5,11162386.95647067
2024-07-02 04:00:00,672.5,674.8,670.8,671.9,10744021.51880008
2024-07-02 08:00:00,671.9,686.1,671.5,682.6,28768339.96217527
2024-07-02 12:00:00,682.5,685.4,678.0,678.4,18553539.61644848
2024-07-02 16:00:00,678.3,680.1,677.2,679.0,3708193.76249887
2024-07-02 20:00:00,679.0,683.3,678.7,681.2,5629104.39765969
2024-07-03 00:00:00,681.2,684.1,674.0,677.4,17111425.98557506
2024-07-03 04:00:00,677.4,681.5,675.5,680.5,11489998.00049447
2024-07-03 08:00:00,680.5,684.7,678.6,681.9,27751151.29560523
2024-07-03 12:00:00,682.2,682.2,667.1,668.0,27711985.16176533
2024-07-03 16:00:00,668.0,668.0,655.0,656.2,21256615.03739576
2024-07-03 20:00:00,657.2,663.5,655.3,662.3,12120942.07415728
2024-07-04 00:00:00,662.5,665.3,640.0,651.2,54870182.77746675
2024-07-04 04:00:00,651.1,652.2,643.9,645.0,21928250.47839369
2024-07-04 08:00:00,645.0,646.2,636.8,643.9,45374340.40299178
2024-07-04 12:00:00,643.9,644.9,625.9,634.2,50797595.52170468
2024-07-04 16:00:00,634.2,634.8,625.0,629.8,15100390.90776143
2024-07-04 20:00:00,630.0,639.2,619.2,619.9,26569442.48853821
2024-07-05 00:00:00,619.9,620.7,560.2,569.8,161052250.45832846
2024-07-05 04:00:00,570.0,585.0,564.0,580.1,71032565.456869
2024-07-05 08:00:00,580.0,602.0,570.1,600.5,45783387.63732903
2024-07-05 12:00:00,600.5,608.7,590.0,607.8,32372806.6036433
2024-07-05 16:00:00,607.7,610.9,602.2,605.5,11678884.90840008
2024-07-05 20:00:00,605.8,609.9,602.5,608.6,8804682.39870321
2024-07-06 00:00:00,608.6,619.0,603.0,611.0,29497916.18558617
2024-07-06 04:00:00,611.1,619.6,607.6,616.5,16502105.54053895
2024-07-06 08:00:00,616.5,621.9,614.0,621.4,13586372.08624448
2024-07-06 12:00:00,621.2,627.1,617.6,626.0,12430148.60240261
2024-07-06 16:00:00,626.0,639.3,624.7,637.5,12832708.47907638
2024-07-06 20:00:00,637.3,639.7,635.9,637.6,8419293.89681513
2024-07-07 00:00:00,637.7,639.0,629.1,631.9,15621029.76240123
2024-07-07 04:00:00,632.0,632.0,616.8,620.3,17014484.3061331
2024-07-07 08:00:00,620.5,622.7,615.8,618.5,12781713.498398
2024-07-07 12:00:00,618.5,619.4,600.0,608.9,32658960.50233886
2024-07-07 16:00:00,608.9,616.0,608.2,611.3,5719277.61212133
2024-07-07 20:00:00,611.3,614.0,595.2,596.9,16879828.8319678
2024-07-08 00:00:00,597.0,600.3,578.0,592.5,52999879.52132657
2024-07-08 04:00:00,592.5,604.0,591.0,602.4,21209260.15989275
2024-07-08 08:00:00,602.5,626.4,600.9,623.6,41071676.19025259
2024-07-08 12:00:00,623.5,628.0,600.8,603.9,33632908.04384467
2024-07-08 16:00:00,603.6,613.2,599.7,612.0,8854522.89273681
2024-07-08 20:00:00,611.9,614.1,606.2,612.5,7974665.16212303
2024-07-09 00:00:00,612.5,617.0,608.7,614.6,17526155.87682357
2024-07-09 04:00:00,614.5,617.8,612.1,614.6,15419385.56413897
2024-07-09 08:00:00,614.7,618.6,612.8,615.7,19427414.50818069
2024-07-09 12:00:00,615.7,616.3,608.9,611.4,19879479.50819167
2024-07-09 16:00:00,611.2,617.2,610.5,616.6,5434453.12228813
2024-07-09 20:00:00,616.6,618.8,614.9,615.7,10095650.36493975
2024-07-10 00:00:00,615.7,616.4,611.8,616.0,15555018.84541696
2024-07-10 04:00:00,615.9,622.3,615.9,620.9,26242093.45605372
2024-07-10 08:00:00,620.9,625.3,616.2,622.2,18495649.43550376
2024-07-10 12:00:00,622.2,623.3,611.1,613.7,24263101.58369486
2024-07-10 16:00:00,613.5,618.5,611.4,618.3,8016823.97638893
2024-07-10 20:00:00,618.2,622.6,617.2,621.7,11180688.54016731
2024-07-11 00:00:00,621.6,626.7,619.5,623.8,20570304.69971698
2024-07-11 04:00:00,623.8,630.2,622.6,628.0,21170656.1340852
2024-07-11 08:00:00,628.1,638.3,627.7,635.7,20639046.73018765
2024-07-11 12:00:00,635.6,639.0,621.1,622.8,28146278.63809747
2024-07-11 16:00:00,622.8,635.5,621.3,632.4,8286118.87444623
2024-07-11 20:00:00,632.3,635.0,628.3,634.2,16585800.26642187
2024-07-12 00:00:00,634.8,640.7,629.4,638.7,23211488.18716235
2024-07-12 04:00:00,638.7,655.8,633.7,654.5,35185660.9631408
2024-07-12 08:00:00,654.6,676.0,650.9,666.4,89842110.67000449
2024-07-12 12:00:00,666.4,668.0,648.0,650.6,36813655.03212675
2024-07-12 16:00:00,650.6,661.7,650.2,661.3,10231159.75844588
2024-07-12 20:00:00,661.3,672.7,657.5,667.4,18495427.96828533
2024-07-13 00:00:00,668.2,697.3,666.1,694.0,59227714.49187836
2024-07-13 04:00:00,694.0,725.5,690.3,725.2,112672484.09816618
2024-07-13 08:00:00,725.3,728.2,715.7,717.0,64472439.04089696
2024-07-13 12:00:00,717.0,757.1,716.4,752.7,95995629.64479169
2024-07-13 16:00:00,752.7,791.7,743.3,786.0,73649619.52512316
2024-07-13 20:00:00,786.0,787.0,731.4,736.6,98478823.32051085
2024-07-14 00:00:00,737.0,745.6,720.0,728.6,89492113.54824811
2024-07-14 04:00:00,729.1,743.5,724.2,739.5,50747882.76596528
2024-07-14 08:00:00,739.5,758.6,738.5,741.8,70256718.85643929
2024-07-14 12:00:00,741.8,747.8,733.1,739.8,39053085.38941273
2024-07-14 16:00:00,739.8,749.5,738.4,746.4,11122161.68018013
2024-07-14 20:00:00,745.5,750.2,730.5,730.5,34547500.56611408
2024-07-15 00:00:00,730.6,748.5,730.5,742.0,51887450.38112525
2024-07-15 04:00:00,742.4,751.3,741.1,745.7,36366082.7483183
2024-07-15 08:00:00,745.0,757.2,740.7,753.3,54603791.28075158
2024-07-15 12:00:00,753.2,753.4,736.3,736.3,41707364.90203164
2024-07-15 16:00:00,736.4,752.0,735.0,751.4,21287961.20317223
2024-07-15 20:00:00,751.4,755.3,745.0,754.8,31266249.03117963
2024-07-16 00:00:00,754.8,798.7,751.4,792.9,142589654.06688756
2024-07-16 04:00:00,792.9,794.1,750.2,755.6,131743601.55059104
2024-07-16 08:00:00,755.7,769.1,744.9,768.2,59312527.71610106
2024-07-16 12:00:00,768.2,820.5,762.3,816.5,214727719.36051404
2024-07-16 16:00:00,816.5,828.1,803.8,814.5,69445610.3589859
2024-07-16 20:00:00,814.6,817.5,802.0,809.0,39971317.77255254
2024-07-17 00:00:00,808.9,819.3,807.5,817.3,61890319.95401267
2024-07-17 04:00:00,817.3,861.0,817.3,850.0,186955146.3760409
2024-07-17 08:00:00,849.6,868.1,839.6,855.9,117377144.50461705
2024-07-17 12:00:00,855.7,883.4,842.6,842.6,184174064.0987767
2024-07-17 16:00:00,842.6,870.7,835.9,857.4,49638882.26873699
2024-07-17 20:00:00,857.6,888.3,857.4,874.8,96094720.91280612
2024-07-18 00:00:00,874.6,887.9,838.0,847.0,196992001.65430364
2024-07-18 04:00:00,847.2,855.7,805.2,808.2,236714109.3491385
2024-07-18 08:00:00,808.5,817.2,790.8,809.1,179246002.73487908
2024-07-18 12:00:00,809.1,824.5,791.1,793.0,99822149.89792353
2024-07-18 16:00:00,792.8,803.8,785.9,801.4,37525059.78088653
2024-07-18 20:00:00,801.4,805.2,794.0,800.0,32987309.3580521
2024-07-19 00:00:00,800.0,801.4,757.0,779.6,194723501.13294843
2024-07-19 04:00:00,779.7,787.8,769.6,772.0,59376189.80837472
2024-07-19 08:00:00,772.3,779.0,762.3,777.6,41013618.634831
2024-07-19 12:00:00,777.6,798.0,771.0,787.4,82800605.5938765
2024-07-19 16:00:00,787.2,819.4,786.8,811.0,78368750.91033638
2024-07-19 20:00:00,810.1,812.8,793.8,800.0,44080226.7296825
2024-07-20 00:00:00,800.0,817.2,798.1,816.4,71309851.77153552
2024-07-20 04:00:00,816.4,845.5,813.7,833.4,128544829.0575354
2024-07-20 08:00:00,833.4,837.0,823.4,830.2,53366055.81959144
2024-07-20 12:00:00,830.2,837.7,824.2,829.1,42178646.56291308
2024-07-20 16:00:00,829.1,838.0,824.5,829.1,22152972.68836998
2024-07-20 20:00:00,829.2,837.7,828.1,831.8,21524984.92263239
2024-07-21 00:00:00,832.0,837.1,825.3,832.2,43678635.37688105
2024-07-21 04:00:00,832.2,853.0,826.0,827.4,86507772.93160546
2024-07-21 08:00:00,827.3,833.3,813.3,817.1,46531730.86604688
2024-07-21 12:00:00,817.1,826.9,806.0,825.4,53058680.97794358
2024-07-21 16:00:00,825.4,830.0,807.1,828.2,21750168.13992083
2024-07-21 20:00:00,828.2,840.9,826.7,834.0,43798562.16668246
2024-07-22 00:00:00,834.0,837.2,822.7,828.7,44874588.99299094
2024-07-22 04:00:00,828.7,844.0,818.5,834.0,59153837.28076871
2024-07-22 08:00:00,834.0,858.7,826.3,853.2,89453772.71090867
2024-07-22 12:00:00,853.2,863.8,846.0,853.5,89086357.17559555
2024-07-22 16:00:00,853.3,869.3,850.6,862.3,29402806.21605611
2024-07-22 20:00:00,862.3,866.0,840.0,849.4,40396006.18991451
2024-07-23 00:00:00,849.4,857.7,841.8,857.4,42160962.76050864
2024-07-23 04:00:00,857.4,860.0,831.9,838.4,63339989.68404557
2024-07-23 08:00:00,838.5,851.3,828.6,835.0,51840396.72131465
2024-07-23 12:00:00,834.9,843.1,825.0,840.6,42262296.36724961
2024-07-23 16:00:00,840.8,841.2,817.5,834.4,23291275.4186468
2024-07-23 20:00:00,835.2,845.0,830.1,836.0,17056831.01364465
2024-07-24 00:00:00,835.9,844.5,826.0,844.0,39480222.96823292
2024-07-24 04:00:00,843.3,846.0,834.7,844.1,29783140.86861554
2024-07-24 08:00:00,844.1,883.1,843.2,878.2,132548768.17501146
2024-07-24 12:00:00,878.2,882.2,864.0,871.8,78291474.23996615
2024-07-24 16:00:00,872.6,874.5,861.9,870.5,24532640.09072316
2024-07-24 20:00:00,871.2,877.1,846.4,864.6,52734375.62383088
2024-07-25 00:00:00,864.6,870.5,833.0,849.9,118155779.48908192
2024-07-25 04:00:00,849.9,863.2,840.8,855.3,44725202.63651479
2024-07-25 08:00:00,855.3,859.0,841.0,855.1,38911734.05167212
2024-07-25 12:00:00,855.0,875.4,845.6,866.0,104526535.4941542
2024-07-25 16:00:00,865.8,876.5,840.2,844.4,45815824.92100185
2024-07-25 20:00:00,844.4,847.9,823.5,842.1,64336247.79916291
2024-07-26 00:00:00,842.1,854.9,838.8,848.1,46875053.74027756
2024-07-26 04:00:00,848.1,852.8,837.3,838.2,35382301.21096059
2024-07-26 08:00:00,838.3,846.5,837.0,843.3,31647155.97278215
2024-07-26 12:00:00,843.3,843.9,820.5,828.9,69723470.8217021
2024-07-26 16:00:00,828.9,840.2,826.0,836.0,14055743.61905532
2024-07-26 20:00:00,836.0,844.5,834.0,841.3,23015431.21841716
2024-07-27 00:00:00,841.3,841.7,829.1,833.8,32096589.54040592
2024-07-27 04:00:00,833.8,843.4,833.3,839.2,16755263.98468836
2024-07-27 08:00:00,839.1,842.8,834.5,838.3,19030060.44685783
2024-07-27 12:00:00,838.3,848.2,832.6,837.4,37884299.37913975
2024-07-27 16:00:00,837.3,839.9,826.8,833.9,16851970.01293926
2024-07-27 20:00:00,833.9,837.8,820.0,828.5,36630613.87477715
2024-07-28 00:00:00,829.0,840.0,821.9,835.8,30486950.6703942
2024-07-28 04:00:00,835.8,844.4,831.8,842.7,30081681.58437953
2024-07-28 08:00:00,842.8,856.8,841.5,843.3,46563246.33430849
2024-07-28 12:00:00,843.1,845.1,835.0,843.8,22045603.14380351
2024-07-28 16:00:00,844.2,844.9,839.1,840.6,6157227.08688827
2024-07-28 20:00:00,840.7,841.9,835.8,839.8,10926813.37815143
2024-07-29 00:00:00,839.2,844.6,837.2,841.6,25905931.88625175
2024-07-29 04:00:00,841.7,848.9,841.5,846.2,25284247.25338504
2024-07-29 08:00:00,846.1,848.9,842.0,845.3,23229370.99067619
2024-07-29 12:00:00,845.4,848.0,831.0,836.5,38375315.98043169
2024-07-29 16:00:00,836.5,847.4,830.0,846.0,18280584.0763149
2024-07-29 20:00:00,846.0,850.9,839.4,843.0,20717162.49187109
2024-07-30 00:00:00,842.6,847.3,835.9,839.8,29417929.94452861
2024-07-30 04:00:00,839.8,842.1,835.6,840.4,18814026.371009
2024-07-30 08:00:00,840.4,890.3,837.6,879.0,180060519.90061802
2024-07-30 12:00:00,878.9,887.3,857.5,866.0,89509065.68853578
2024-07-30 16:00:00,865.7,888.8,865.1,881.2,51694555.43150123
2024-07-30 20:00:00,881.1,885.1,869.2,879.5,34520080.72335584
2024-07-31 00:00:00,878.9,920.0,876.3,908.1,175580296.56873924
2024-07-31 04:00:00,908.0,914.4,892.0,902.0,86596955.5208507
2024-07-31 08:00:00,902.0,913.9,898.5,906.5,47678483.51795946
2024-07-31 12:00:00,906.4,915.2,900.0,910.8,51871025.73929059
2024-07-31 16:00:00,910.7,913.1,882.6,887.4,56698417.01640353
2024-07-31 20:00:00,887.0,889.8,870.0,870.4,68428681.5099925
2024-08-01 00:00:00,870.5,882.0,851.7,855.8,85945779.08966176
2024-08-01 04:00:00,855.3,859.8,836.2,854.9,75122705.29855798
2024-08-01 08:00:00,854.9,857.9,844.2,857.2,32021082.64413878
2024-08-01 12:00:00,857.1,862.0,822.4,825.8,67964649.68325002
2024-08-01 16:00:00,825.3,829.4,802.0,822.0,58820390.50714635
2024-08-01 20:00:00,821.7,843.8,816.2,837.3,35459794.67767909
2024-08-02 00:00:00,837.7,838.7,815.0,826.0,54277314.50316564
2024-08-02 04:00:00,825.9,826.8,782.1,805.4,110122486.6611295
2024-08-02 08:00:00,805.4,813.0,796.1,805.1,31523087.19755888
2024-08-02 12:00:00,805.3,811.9,772.5,790.0,101258180.51519038
2024-08-02 16:00:00,789.9,797.1,780.4,793.5,26474144.46561154
2024-08-02 20:00:00,793.6,808.9,787.2,790.2,37909758.17549062
2024-08-03 00:00:00,790.0,798.9,763.6,797.2,81414666.51976825
2024-08-03 04:00:00,797.2,814.5,792.9,812.6,44310139.61225753
2024-08-03 08:00:00,812.6,812.7,793.3,803.2,35909380.72815074
2024-08-03 12:00:00,802.8,806.6,781.8,784.6,27373767.88862178
2024-08-03 16:00:00,784.9,798.0,768.5,768.5,40748590.4571279
2024-08-03 20:00:00,768.8,789.7,766.9,786.3,19593251.51059697
2024-08-04 00:00:00,786.2,789.2,777.1,786.9,24587390.60907953
2024-08-04 04:00:00,786.1,788.0,770.0,772.5,19607648.96270013
2024-08-04 08:00:00,772.5,776.3,765.0,767.1,30709788.27113285
2024-08-04 12:00:00,767.1,775.1,741.4,748.0,81083241.04205059
2024-08-04 16:00:00,747.1,759.8,734.4,757.4,50237727.41509217
2024-08-04 20:00:00,757.5,763.9,734.8,735.5,33864905.20065351
2024-08-05 00:00:00,736.0,740.5,670.1,675.0,267140950.3543778
2024-08-05 04:00:00,675.0,686.6,640.1,673.8,220774379.45830128
2024-08-05 08:00:00,673.8,679.0,637.0,651.1,117884487.766176
2024-08-05 12:00:00,650.9,713.8,628.0,705.4,207649696.1306184
2024-08-05 16:00:00,704.6,721.3,680.6,689.3,51629880.31763082
2024-08-05 20:00:00,689.4,723.7,688.6,703.8,54456146.8465817
2024-08-06 00:00:00,703.8,750.1,703.1,735.8,109619332.25142244
2024-08-06 04:00:00,735.7,744.9,724.3,741.3,51565494.99856891
2024-08-06 08:00:00,741.7,741.8,710.7,723.8,66845424.14290231
2024-08-06 12:00:00,723.1,737.6,705.9,727.2,70780836.66843182
2024-08-06 16:00:00,727.2,735.0,723.6,728.6,17470682.11230783
2024-08-06 20:00:00,728.6,733.9,720.7,724.0,24223896.76576308
2024-08-07 00:00:00,724.0,737.2,715.0,734.5,56429944.11170413
2024-08-07 04:00:00,734.5,738.8,727.2,730.0,33848618.94127267
2024-08-07 08:00:00,730.0,737.2,729.1,731.1,32720385.48747452
2024-08-07 12:00:00,731.1,735.5,700.6,712.7,69310231.47341798
2024-08-07 16:00:00,713.7,769.0,710.5,760.3,40803495.04792391
2024-08-07 20:00:00,761.3,911.9,733.7,854.0,671721072.2953807
2024-08-08 00:00:00,854.3,881.5,821.0,860.8,269725435.315581
2024-08-08 04:00:00,860.8,869.9,838.6,855.2,112608500.65947369
2024-08-08 08:00:00,855.2,876.8,853.5,866.6,103813155.09662618
2024-08-08 12:00:00,866.6,870.4,847.4,862.2,121128909.66353747
2024-08-08 16:00:00,862.2,900.2,854.8,873.2,101083612.32393917
2024-08-08 20:00:00,874.0,874.7,853.7,862.2,98970873.60192415
2024-08-09 00:00:00,862.3,876.4,853.8,863.0,95492371.49551676
2024-08-09 04:00:00,863.0,866.0,835.6,845.2,86973109.28625454
2024-08-09 08:00:00,846.2,848.4,816.0,823.0,105849085.4273607
2024-08-09 12:00:00,823.0,826.5,798.0,807.2,117715127.0276489
2024-08-09 16:00:00,807.2,823.9,806.0,818.5,22172823.06507474
2024-08-09 20:00:00,818.4,820.4,809.0,817.8,22531328.42190221
2024-08-10 00:00:00,817.8,838.0,813.1,829.4,67185300.61325805
2024-08-10 04:00:00,829.5,833.0,821.1,824.5,32064193.87057734
2024-08-10 08:00:00,825.3,830.7,823.0,828.2,20945432.18911161
2024-08-10 12:00:00,828.2,846.5,827.7,840.0,76221381.72564992
2024-08-10 16:00:00,839.1,844.4,828.0,830.9,21561777.44812569
2024-08-10 20:00:00,830.7,836.6,820.0,821.3,25913984.61624687
2024-08-11 00:00:00,821.3,832.5,818.6,825.2,33779496.56050142
2024-08-11 04:00:00,825.2,831.0,822.9,827.8,16672652.08539028
2024-08-11 08:00:00,828.0,829.7,802.1,807.2,62028039.0253187
2024-08-11 12:00:00,807.2,808.1,790.8,796.0,59410747.61163845
2024-08-11 16:00:00,795.7,801.5,787.5,787.9,16268511.04600112
2024-08-11 20:00:00,787.8,788.4,769.6,780.0,65977858.87419716
2024-08-12 00:00:00,780.0,796.8,775.0,793.6,44545021.35362208
2024-08-12 04:00:00,793.9,801.9,780.9,798.0,40400816.57929276
2024-08-12 08:00:00,798.0,813.9,795.7,808.7,61255043.23473941
2024-08-12 12:00:00,808.6,809.5,780.9,800.0,68062483.44994903
2024-08-12 16:00:00,800.0,809.0,788.0,799.3,17030157.19985244
2024-08-12 20:00:00,799.5,801.1,787.1,795.9,20764452.82901423
2024-08-13 00:00:00,796.2,803.1,788.6,791.4,35975863.62062776
2024-08-13 04:00:00,791.4,802.3,788.0,800.9,26626456.29658003
2024-08-13 08:00:00,800.9,812.2,792.6,805.9,47779747.86299015
2024-08-13 12:00:00,806.4,810.6,795.2,803.3,39322615.06247642
2024-08-13 16:00:00,803.4,812.9,801.6,805.8,25343750.67736578
2024-08-13 20:00:00,805.8,809.0,800.0,804.7,15707343.83789808
2024-08-14 00:00:00,804.8,809.9,797.0,807.5,30550216.15762806
2024-08-14 04:00:00,807.5,809.0,800.0,804.4,26595082.26640778
2024-08-14 08:00:00,804.4,809.9,801.2,806.7,22761712.67608144
2024-08-14 12:00:00,806.5,810.0,790.0,801.9,52668268.14621288
2024-08-14 16:00:00,801.9,805.0,795.0,796.4,10306762.57407777
2024-08-14 20:00:00,796.4,800.0,793.9,798.0,11028693.60976761
2024-08-15 00:00:00,797.9,805.0,796.3,800.6,20145785.68286063
2024-08-15 04:00:00,800.8,801.0,790.2,794.5,23767017.00893389
2024-08-15 08:00:00,794.2,799.1,790.2,797.7,18955610.16367589
2024-08-15 12:00:00,797.7,801.5,793.1,798.6,21280834.58862394
2024-08-15 16:00:00,798.6,800.5,780.0,784.0,26716296.62327147
2024-08-15 20:00:00,784.0,790.7,777.1,788.3,22635264.48135282
2024-08-16 00:00:00,788.3,796.1,784.0,787.7,22712198.30212146
2024-08-16 04:00:00,787.7,794.6,786.0,792.0,12885530.91531076
2024-08-16 08:00:00,792.0,795.9,788.1,790.1,14243153.77526581
2024-08-16 12:00:00,790.1,792.8,777.4,782.9,38117202.91986444
2024-08-16 16:00:00,782.3,792.5,780.1,789.7,12430420.96371483
2024-08-16 20:00:00,789.7,791.3,785.0,787.0,8813337.41469703
2024-08-17 00:00:00,787.0,788.8,783.7,785.7,12915375.50952323
2024-08-17 04:00:00,785.7,788.5,785.2,786.6,6273031.68247606
2024-08-17 08:00:00,786.7,788.4,784.9,787.5,10176374.23914216
2024-08-17 12:00:00,788.0,793.0,787.5,789.9,10284825.24998054
2024-08-17 16:00:00,789.8,794.5,789.6,790.0,3944495.19840099
2024-08-17 20:00:00,790.0,790.9,786.7,788.0,5902074.27307375
2024-08-18 00:00:00,788.0,791.4,786.5,788.0,10769710.17877404
2024-08-18 04:00:00,788.2,789.8,787.1,788.1,5802532.75168989
2024-08-18 08:00:00,788.1,791.6,787.5,790.5,9908665.89629497
2024-08-18 12:00:00,790.5,810.2,789.1,796.5,37411256.62748767
2024-08-18 16:00:00,796.4,799.2,791.5,795.0,5485968.67228307
2024-08-18 20:00:00,795.8,797.6,784.7,784.8,13158873.74302197
2024-08-19 00:00:00,784.9,789.6,781.7,784.8,20967774.93307488
2024-08-19 04:00:00,784.9,796.0,780.2,791.0,27644172.11230864
2024-08-19 08:00:00,791.0,814.8,790.8,809.0,83305757.32872586
2024-08-19 12:00:00,808.8,810.2,794.0,799.0,35725672.56657798
2024-08-19 16:00:00,798.9,835.0,798.2,826.2,53197435.21133268
2024-08-19 20:00:00,827.0,828.0,815.1,821.0,28541255.6637432
2024-08-20 00:00:00,820.7,833.4,818.4,829.7,43199712.24246586
2024-08-20 04:00:00,829.6,833.9,824.9,826.5,34547549.67902277
2024-08-20 08:00:00,826.5,834.8,825.2,827.1,25151984.91485514
2024-08-20 12:00:00,827.1,827.8,804.6,808.5,50366057.11319692
2024-08-20 16:00:00,808.5,823.8,808.0,820.6,12638336.91515918
2024-08-20 20:00:00,820.6,820.6,810.1,812.1,13644859.94188135
2024-08-21 00:00:00,812.1,821.5,810.2,812.5,23535732.36118461
2024-08-21 04:00:00,812.5,817.4,810.0,814.6,17465893.91826088
2024-08-21 08:00:00,815.0,818.2,811.0,813.8,17150427.15108669
2024-08-21 12:00:00,813.8,815.7,802.0,808.8,42319441.71934793
2024-08-21 16:00:00,809.4,820.0,806.0,816.9,15480086.10777532
2024-08-21 20:00:00,816.9,817.2,811.2,814.0,14935293.01972203
2024-08-22 00:00:00,814.0,815.1,806.1,811.3,19414259.48040941
2024-08-22 04:00:00,811.3,817.3,808.9,813.7,17338966.99841791
2024-08-22 08:00:00,813.7,817.6,810.1,816.2,18462787.96360791
2024-08-22 12:00:00,816.2,816.5,810.0,810.7,21448155.76222279
2024-08-22 16:00:00,810.7,814.8,810.0,813.5,5572117.64616719
2024-08-22 20:00:00,813.4,814.2,809.0,810.9,8360862.84451255
2024-08-23 00:00:00,810.9,815.9,810.3,812.1,14367201.69609789
2024-08-23 04:00:00,812.1,813.2,810.0,811.4,18219321.51817513
2024-08-23 08:00:00,811.4,813.1,809.5,810.9,15166467.56232566
2024-08-23 12:00:00,810.9,815.8,802.4,809.7,41079397.79143163
2024-08-23 16:00:00,809.7,817.1,808.6,814.4,21505865.22496756
2024-08-23 20:00:00,814.4,821.4,811.9,816.0,33426985.87380659
2024-08-24 00:00:00,816.0,816.9,810.2,814.4,25353974.01989928
2024-08-24 04:00:00,814.4,821.0,813.3,816.7,16981976.88924063
2024-08-24 08:00:00,816.7,823.4,815.9,816.6,21880326.74445334
2024-08-24 12:00:00,816.5,843.0,816.5,828.9,77527942.41119681
2024-08-24 16:00:00,828.9,834.4,825.8,827.8,13760835.59482389
2024-08-24 20:00:00,827.8,833.0,815.0,820.1,25381673.38451703
2024-08-25 00:00:00,820.1,821.5,810.1,811.0,35214249.78885445
2024-08-25 04:00:00,811.1,813.8,800.1,803.1,45513377.42459692
2024-08-25 08:00:00,803.2,808.3,800.5,806.2,22461636.7372337
2024-08-25 12:00:00,806.2,811.9,805.3,807.2,17143228.91124446
2024-08-25 16:00:00,807.2,809.3,804.2,804.9,6720348.41185961
2024-08-25 20:00:00,804.9,809.8,804.0,805.3,16028956.63113733
2024-08-26 00:00:00,805.2,807.0,791.6,798.2,42191976.73905498
2024-08-26 04:00:00,798.3,799.1,791.7,794.6,20191504.24064989
2024-08-26 08:00:00,794.6,800.2,793.0,795.8,18845244.63684414
2024-08-26 12:00:00,795.9,796.3,786.3,794.6,33346215.2418595
2024-08-26 16:00:00,794.6,796.0,780.0,782.2,18725382.4383674
2024-08-26 20:00:00,782.2,792.2,780.5,789.2,11682837.03926899
2024-08-27 00:00:00,789.2,798.0,787.4,795.7,16227860.67876279
2024-08-27 04:00:00,795.7,796.8,788.0,793.0,13936400.75693202
2024-08-27 08:00:00,793.0,794.7,785.2,789.7,21828223.04947549
2024-08-27 12:00:00,789.7,807.8,787.3,801.0,42553011.52246572
2024-08-27 16:00:00,801.0,809.4,798.3,799.3,13759992.22688736
2024-08-27 20:00:00,799.9,800.0,758.0,770.5,91673727.56676038
2024-08-28 00:00:00,770.5,777.5,763.5,775.3,33433854.61678009
2024-08-28 04:00:00,775.2,783.5,773.7,776.0,28204868.45378235
2024-08-28 08:00:00,776.0,792.8,770.7,787.9,28367072.21919807
2024-08-28 12:00:00,787.9,792.6,770.1,776.4,30214227.51299377
2024-08-28 16:00:00,776.4,786.2,762.6,780.0,19193256.92317926
2024-08-28 20:00:00,780.2,787.8,773.4,777.0,12633559.13685361
2024-08-29 00:00:00,777.1,779.2,773.2,775.6,15058974.86239817
2024-08-29 04:00:00,776.0,783.0,775.0,779.9,15347494.03581982
2024-08-29 08:00:00,779.8,780.8,775.9,778.8,13687012.09780606
2024-08-29 12:00:00,778.8,780.3,773.5,774.9,21552292.09850399
2024-08-29 16:00:00,774.7,779.7,761.4,765.3,16667804.87786386
2024-08-29 20:00:00,765.3,769.5,760.0,764.3,19667352.99504736
2024-08-30 00:00:00,764.2,768.1,761.1,762.0,17801820.62036574
2024-08-30 04:00:00,762.3,767.5,760.1,766.2,19726848.31237008
2024-08-30 08:00:00,766.3,767.7,762.0,765.9,11945725.39129339
2024-08-30 12:00:00,765.9,769.6,750.0,751.7,34864477.8389433
2024-08-30 16:00:00,751.7,765.6,748.5,764.5,15556985.81581354
2024-08-30 20:00:00,764.5,772.9,763.2,770.8,9311639.84173023
2024-08-31 00:00:00,770.9,772.4,767.4,768.7,8404310.94994631
2024-08-31 04:00:00,768.6,772.1,768.2,769.6,7847667.38484812
2024-08-31 08:00:00,769.6,778.2,768.4,773.2,13345722.4861119
2024-08-31 12:00:00,773.2,774.3,767.6,769.2,9782892.78041091
2024-08-31 16:00:00,769.8,772.4,766.0,772.4,4394232.3251642
2024-08-31 20:00:00,772.3,772.9,769.4,770.0,3793173.14101932
2024-09-01 00:00:00,770.0,771.1,761.3,764.4,12148056.24564554
2024-09-01 04:00:00,764.4,764.4,756.4,761.9,14119212.12659242
2024-09-01 08:00:00,761.9,763.9,758.1,761.5,9121725.08594779
2024-09-01 12:00:00,761.7,762.0,754.6,759.2,13798682.12402001
2024-09-01 16:00:00,759.3,764.0,755.1,762.1,4559101.90647901
2024-09-01 20:00:00,762.1,765.0,745.1,747.8,26171700.53563127
2024-09-02 00:00:00,748.0,752.5,746.7,750.5,16964420.38950871
2024-09-02 04:00:00,750.5,750.5,743.2,745.3,18399380.19891443
2024-09-02 08:00:00,745.3,758.4,744.1,754.7,17088158.87659162
2024-09-02 12:00:00,754.7,761.2,750.0,759.0,12550544.92143067
2024-09-02 16:00:00,759.3,770.8,756.1,770.7,9091721.1195335
2024-09-02 20:00:00,770.7,772.0,766.4,769.6,12649955.64497256
2024-09-03 00:00:00,769.6,776.4,766.8,769.6,14899770.52198019
2024-09-03 04:00:00,769.8,772.0,767.1,771.5,10529903.61434487
2024-09-03 08:00:00,771.5,776.0,767.8,773.6,11268031.19714194
2024-09-03 12:00:00,773.6,776.0,760.0,762.6,26945246.76216407
2024-09-03 16:00:00,762.6,769.8,761.9,769.8,4648278.98619146
2024-09-03 20:00:00,769.9,772.0,757.9,758.1,12365331.92287542
2024-09-04 00:00:00,758.3,762.9,731.5,753.7,47053172.13790057
2024-09-04 04:00:00,753.9,755.0,746.3,754.3,13913314.38682379
2024-09-04 08:00:00,754.4,756.6,747.0,749.7,11054336.24970632
2024-09-04 12:00:00,749.7,763.7,745.0,763.1,16908727.97561021
2024-09-04 16:00:00,763.1,765.6,754.0,755.3,8778275.43735047
2024-09-04 20:00:00,756.0,760.7,754.0,757.2,8664224.99211811
2024-09-05 00:00:00,757.6,758.8,748.2,749.3,15988767.56742835
2024-09-05 04:00:00,749.2,750.8,745.1,749.6,15276187.53655333
2024-09-05 08:00:00,749.0,750.1,744.3,747.6,13496668.70406772
2024-09-05 12:00:00,747.6,753.3,743.3,743.7,14650379.46581095
2024-09-05 16:00:00,743.7,746.4,735.3,739.5,13348416.81263989
2024-09-05 20:00:00,738.9,741.9,737.0,740.1,9869242.92825623
2024-09-06 00:00:00,740.0,741.0,731.4,736.9,24798624.8939813
2024-09-06 04:00:00,736.9,738.0,721.7,724.7,28836475.41696569
2024-09-06 08:00:00,724.7,728.7,721.6,726.8,16517454.59568283
2024-09-06 12:00:00,726.7,736.1,711.1,715.4,48917241.78571306
2024-09-06 16:00:00,715.4,715.7,701.0,704.0,33362067.47832815
2024-09-06 20:00:00,704.0,712.0,690.5,711.3,35562585.33443784
2024-09-07 00:00:00,711.2,714.8,706.5,711.7,16749004.66224757
2024-09-07 04:00:00,711.7,721.7,711.0,720.3,11308723.59878398
2024-09-07 08:00:00,720.4,720.5,716.0,717.2,8240440.62292539
2024-09-07 12:00:00,717.6,724.1,717.6,723.0,9917610.21589716
2024-09-07 16:00:00,723.0,723.4,715.8,720.4,4092464.02868413
2024-09-07 20:00:00,720.4,720.8,710.8,714.0,7496591.01133899
2024-09-08 00:00:00,714.0,717.9,711.6,717.3,8496901.8246412
2024-09-08 04:00:00,717.2,720.0,715.7,718.2,6000357.35800626
2024-09-08 08:00:00,718.2,720.7,716.7,717.6,6827247.1838684
2024-09-08 12:00:00,717.7,718.2,710.0,710.1,12236665.46552394
2024-09-08 16:00:00,710.1,715.0,708.3,713.1,3995102.76087307
2024-09-08 20:00:00,713.1,719.4,711.1,718.0,9066499.99107307
2024-09-09 00:00:00,718.0,720.0,714.9,719.8,11991936.30769768
2024-09-09 04:00:00,719.8,720.7,714.7,720.4,10381648.92190272
2024-09-09 08:00:00,720.3,724.4,719.5,721.6,13761332.69699177
2024-09-09 12:00:00,722.0,724.3,719.0,720.6,9290936.78999377
2024-09-09 16:00:00,720.4,729.8,720.4,729.2,9902190.69734257
2024-09-09 20:00:00,729.4,734.9,727.3,731.0,14386932.25775492
2024-09-10 00:00:00,731.0,731.4,723.6,723.7,16521044.15847839
2024-09-10 04:00:00,723.7,730.7,723.1,729.1,10803100.55441549
2024-09-10 08:00:00,729.2,733.6,727.0,729.4,10857122.38644456
2024-09-10 12:00:00,729.4,732.4,727.0,728.0,11203791.18266083
2024-09-10 16:00:00,728.0,732.0,726.9,731.7,4451596.15286465
2024-09-10 20:00:00,731.6,734.5,729.9,732.1,7945643.00852408
2024-09-11 00:00:00,732.1,733.0,719.3,720.2,23012307.77039351
2024-09-11 04:00:00,720.2,723.8,716.0,721.9,15623384.57081544
2024-09-11 08:00:00,721.9,723.6,718.8,722.8,8075738.23766764
2024-09-11 12:00:00,722.8,724.5,710.0,719.8,24515551.83146878
2024-09-11 16:00:00,719.1,726.6,719.0,724.9,6277230.51011436
2024-09-11 20:00:00,724.7,726.0,720.6,721.3,5349876.46089499
2024-09-12 00:00:00,720.9,726.8,720.3,724.1,15072495.66146057
2024-09-12 04:00:00,724.2,726.5,722.0,725.9,11699942.1464465
2024-09-12 08:00:00,725.9,728.0,724.0,725.2,10637769.54213482
2024-09-12 12:00:00,724.7,805.0,722.4,753.0,240352523.5452815
2024-09-12 16:00:00,752.9,759.2,748.5,758.6,14353287.81154737
2024-09-12 20:00:00,757.6,763.0,754.0,756.7,18630779.67277741
2024-09-13 00:00:00,757.0,758.9,746.5,754.3,35449361.32898258
2024-09-13 04:00:00,754.3,772.1,753.0,758.1,65416757.48571961
2024-09-13 08:00:00,758.1,764.8,754.3,756.5,28616083.4126279
2024-09-13 12:00:00,756.5,769.3,756.4,766.2,31498277.06715708
2024-09-13 16:00:00,766.2,767.1,760.4,761.3,10103484.05330624
2024-09-13 20:00:00,761.2,769.0,760.9,765.5,12012240.58270695
2024-09-14 00:00:00,766.2,777.1,763.1,772.9,26790870.38010731
2024-09-14 04:00:00,772.9,777.6,770.3,777.5,16480074.24338842
2024-09-14 08:00:00,777.5,796.0,775.6,788.2,55979278.57633366
2024-09-14 12:00:00,788.2,792.7,783.2,789.5,26717843.6417532
2024-09-14 16:00:00,789.2,798.0,788.0,794.3,15399928.88160808
2024-09-14 20:00:00,794.3,804.1,792.7,798.3,28795275.77572369
2024-09-15 00:00:00,798.6,798.6,788.1,789.6,31091291.2062144
2024-09-15 04:00:00,789.5,792.0,786.3,789.7,17656277.3123674
2024-09-15 08:00:00,789.7,792.9,780.1,783.6,24105669.69281044
2024-09-15 12:00:00,783.8,792.3,781.9,789.9,17458901.08681622
2024-09-15 16:00:00,789.9,791.4,783.1,786.1,6431538.13531409
2024-09-15 20:00:00,786.1,786.6,767.0,769.4,24260779.88326733
2024-09-16 00:00:00,769.4,771.0,754.4,767.7,42019862.25864161
2024-09-16 04:00:00,767.6,775.5,764.1,770.5,23033559.23875123
2024-09-16 08:00:00,770.5,772.5,766.7,768.7,9422211.34404564
2024-09-16 12:00:00,768.8,774.0,763.1,768.0,18686033.55494628
2024-09-16 16:00:00,768.5,797.1,768.0,791.0,21695372.79216966
2024-09-16 20:00:00,790.8,794.9,781.4,789.9,17900591.63752428
2024-09-17 00:00:00,789.9,792.0,780.1,789.9,19519248.18358229
2024-09-17 04:00:00,789.9,793.9,785.9,787.6,14412233.77629588
2024-09-17 08:00:00,787.6,791.5,785.8,786.5,14140591.74716239
2024-09-17 12:00:00,786.5,795.7,782.1,792.7,29884897.08078353
2024-09-17 16:00:00,792.7,792.8,785.0,790.7,10208814.81674207
2024-09-17 20:00:00,790.7,791.5,783.5,785.1,12562030.07998309
2024-09-18 00:00:00,785.4,785.4,773.3,780.0,30683054.08372206
2024-09-18 04:00:00,780.5,783.0,774.5,777.2,19829970.04779993
2024-09-18 08:00:00,777.2,778.2,768.0,773.0,20440164.22062562
2024-09-18 12:00:00,773.0,773.6,760.0,763.3,21573146.84536168
2024-09-18 16:00:00,763.3,780.1,762.0,773.2,17285181.23036432
2024-09-18 20:00:00,772.4,785.1,768.0,783.1,15538062.10851262
2024-09-19 00:00:00,783.2,788.7,777.0,782.2,33506652.02151221
2024-09-19 04:00:00,782.4,786.0,777.2,780.5,20052795.76306224
2024-09-19 08:00:00,780.4,783.6,777.5,782.7,20502470.38283499
2024-09-19 12:00:00,782.6,792.9,781.2,784.8,35807913.47400928
2024-09-19 16:00:00,784.3,791.8,783.8,787.6,12134980.51909959
2024-09-19 20:00:00,787.4,791.0,779.0,782.5,18127366.95023714
2024-09-20 00:00:00,782.5,784.5,770.5,784.3,34426866.41074295
2024-09-20 04:00:00,784.3,789.5,781.0,787.7,39129594.46445618
2024-09-20 08:00:00,787.8,787.8,781.3,781.8,25620977.00115088
2024-09-20 12:00:00,781.7,784.9,773.4,776.8,30201096.63003444
2024-09-20 16:00:00,776.2,781.0,772.5,779.7,10022785.73579229
2024-09-20 20:00:00,779.7,785.4,779.3,781.9,13326533.95362723
2024-09-21 00:00:00,781.8,781.9,777.0,778.8,18316937.438269
2024-09-21 04:00:00,778.7,780.5,777.1,780.0,10310657.90060972
2024-09-21 08:00:00,780.0,783.2,779.1,781.5,12743675.63318657
2024-09-21 12:00:00,781.1,785.6,780.0,784.2,16854463.29297435
2024-09-21 16:00:00,784.0,817.0,783.5,801.0,58116583.63732031
2024-09-21 20:00:00,801.0,805.7,793.1,796.4,18165895.50001824
2024-09-22 00:00:00,796.2,809.7,792.5,799.4,53599822.45174695
2024-09-22 04:00:00,799.4,801.0,793.5,796.7,16976980.94269583
2024-09-22 08:00:00,796.9,798.0,788.4,792.5,19617499.73720624
2024-09-22 12:00:00,792.1,793.1,781.0,787.5,21161256.25985346
2024-09-22 16:00:00,787.4,792.3,783.3,789.0,6250991.78297504
2024-09-22 20:00:00,788.5,790.7,776.1,784.2,18008918.15734873
2024-09-23 00:00:00,784.3,794.3,775.1,792.6,27414865.5392762
2024-09-23 04:00:00,792.4,794.5,787.4,788.9,18918312.05462395
2024-09-23 08:00:00,788.9,790.0,781.7,786.0,17874301.04336536
2024-09-23 12:00:00,786.0,790.0,782.6,787.0,14480647.53273427
2024-09-23 16:00:00,786.8,787.8,783.0,786.7,5143916.38197596
2024-09-23 20:00:00,786.7,786.9,781.2,781.7,9781774.37230532
2024-09-24 00:00:00,781.7,784.3,779.0,782.6,20089621.69586592
2024-09-24 04:00:00,782.6,785.0,780.0,784.7,14959626.05959427
2024-09-24 08:00:00,784.7,788.5,783.0,785.5,17278927.50105404
2024-09-24 12:00:00,785.6,788.3,779.0,780.5,20795757.65745936
2024-09-24 16:00:00,780.5,786.4,779.2,785.8,6654636.67196435
2024-09-24 20:00:00,786.2,786.8,782.2,783.9,12642912.52011062
2024-09-25 00:00:00,784.2,790.4,782.1,788.0,23195331.99852987
2024-09-25 04:00:00,788.0,789.0,780.0,783.1,19754638.50231846
2024-09-25 08:00:00,783.1,788.5,781.8,787.6,15840892.56761305
2024-09-25 12:00:00,787.5,790.0,781.6,782.3,19440307.4584021
2024-09-25 16:00:00,781.9,785.1,780.0,782.0,9293694.56839332
2024-09-25 20:00:00,782.0,784.5,779.5,780.1,10647917.01436917
2024-09-26 00:00:00,780.1,781.0,770.0,776.4,30759532.0065733
2024-09-26 04:00:00,776.5,784.2,776.0,782.0,17188716.89816431
2024-09-26 08:00:00,782.0,785.0,779.4,783.4,18576644.22253224
2024-09-26 12:00:00,783.2,784.6,779.2,783.2,22791013.08267826
2024-09-26 16:00:00,783.0,784.9,780.5,782.3,13683994.44938102
2024-09-26 20:00:00,782.4,784.1,777.6,780.0,18282109.75954297
2024-09-27 00:00:00,780.0,781.7,772.2,775.1,40154631.01351735
2024-09-27 04:00:00,775.2,781.5,775.1,778.3,28939071.80977759
2024-09-27 08:00:00,778.2,781.6,775.2,776.9,23622892.66635421
2024-09-27 12:00:00,776.9,784.1,775.9,776.2,34231921.74792066
2024-09-27 16:00:00,776.1,779.0,775.5,776.1,12713252.79918582
2024-09-27 20:00:00,776.1,778.7,774.0,778.0,14583090.6613482
2024-09-28 00:00:00,778.1,781.0,776.1,779.7,22404957.69052668
2024-09-28 04:00:00,779.7,810.0,774.2,803.3,91957353.18430007
2024-09-28 08:00:00,803.3,819.9,788.4,811.9,170709046.0676279
2024-09-28 12:00:00,811.8,819.7,804.3,811.2,70845665.17339738
2024-09-28 16:00:00,811.1,820.0,809.0,816.6,26289437.57675802
2024-09-28 20:00:00,816.6,818.3,805.6,807.8,26834045.64694797
2024-09-29 00:00:00,807.7,811.8,802.0,808.5,40016434.60183004
2024-09-29 04:00:00,808.5,832.7,805.5,828.0,82134755.60715766
2024-09-29 08:00:00,828.0,830.0,820.0,822.0,37930300.44888327
2024-09-29 12:00:00,822.0,869.9,818.0,864.4,133030404.64291053
2024-09-29 16:00:00,864.4,866.6,850.0,852.8,38084518.18164208
2024-09-29 20:00:00,853.0,854.3,835.0,838.9,39644985.1905146
2024-09-30 00:00:00,839.0,849.9,828.6,842.8,82837923.65960333
2024-09-30 04:00:00,842.8,852.9,837.6,843.1,38862826.85391704
2024-09-30 08:00:00,843.3,857.5,822.0,827.7,81915993.84962796
2024-09-30 12:00:00,827.7,834.6,813.8,814.2,39418253.28583097
2024-09-30 16:00:00,814.2,822.8,813.8,821.2,8678039.93012536
2024-09-30 20:00:00,822.1,824.6,806.1,808.4,24440901.3871151
2024-10-01 00:00:00,808.4,825.5,806.4,822.7,32594675.14808223
2024-10-01 04:00:00,822.7,833.9,817.0,832.2,37188814.48284751
2024-10-01 08:00:00,832.2,837.8,827.8,831.5,30771765.04074618
2024-10-01 12:00:00,831.8,832.8,792.0,814.0,91854798.01554976
2024-10-01 16:00:00,813.5,836.8,780.0,816.3,90330322.91940182
2024-10-01 20:00:00,816.0,828.4,790.0,800.0,57784772.97091892
2024-10-02 00:00:00,800.1,813.0,796.5,804.8,28977016.44963214
2024-10-02 04:00:00,804.7,806.2,794.9,801.1,27680495.79714004
2024-10-02 08:00:00,800.8,803.4,780.0,784.4,56750721.40220997
2024-10-02 12:00:00,784.4,794.1,774.2,783.4,49752710.53967013
2024-10-02 16:00:00,782.6,788.9,762.4,775.3,31465065.83587651
2024-10-02 20:00:00,776.0,779.7,710.3,725.3,224062089.48188773
2024-10-03 00:00:00,725.3,735.4,704.4,723.7,161525396.6789342
2024-10-03 04:00:00,723.7,729.7,702.7,703.5,75405616.02107863
2024-10-03 08:00:00,703.5,711.0,690.0,701.0,124078621.00351144
2024-10-03 12:00:00,701.0,715.0,696.3,709.0,58972771.03511539
2024-10-03 16:00:00,709.0,715.0,695.0,713.0,24222400.37320254
2024-10-03 20:00:00,713.0,713.0,705.9,707.6,19368017.46696687
2024-10-04 00:00:00,707.6,713.0,697.7,709.4,43516159.70413107
2024-10-04 04:00:00,709.4,713.0,702.0,705.8,32950229.05880664
2024-10-04 08:00:00,705.7,710.0,704.1,708.3,27692068.23396648
2024-10-04 12:00:00,708.3,714.8,701.3,707.1,56856074.02565095
2024-10-04 16:00:00,707.1,728.0,706.5,723.2,33268274.71471142
2024-10-04 20:00:00,723.1,723.6,717.8,720.8,18237147.77636796
2024-10-05 00:00:00,720.9,723.8,712.5,714.7,31556818.24031411
2024-10-05 04:00:00,714.6,721.4,713.1,719.5,15221445.99762038
2024-10-05 08:00:00,719.8,722.2,717.6,718.4,12299535.58189187
2024-10-05 12:00:00,718.4,720.2,715.5,716.8,11909144.53960416
2024-10-05 16:00:00,716.8,723.9,712.0,722.7,12620424.09752432
2024-10-05 20:00:00,722.7,723.5,714.0,716.6,9559715.21608779
2024-10-06 00:00:00,716.6,720.7,714.5,716.5,13924704.40773153
2024-10-06 04:00:00,716.4,719.7,714.7,717.9,11122375.77342912
2024-10-06 08:00:00,717.9,719.1,714.1,716.3,15502036.9390077
2024-10-06 12:00:00,716.3,722.8,715.2,722.5,23362389.86438229
2024-10-06 16:00:00,722.7,722.8,717.3,717.5,9867811.97794065
2024-10-06 20:00:00,717.5,719.6,715.6,717.4,10997222.95371147
2024-10-07 00:00:00,717.2,731.0,716.4,726.4,39783856.85566307
2024-10-07 04:00:00,726.3,729.0,725.0,726.5,18323711.60613832
2024-10-07 08:00:00,726.3,727.8,714.1,722.8,32581118.84942803
2024-10-07 12:00:00,722.7,731.0,720.5,725.9,38740697.09595331
2024-10-07 16:00:00,725.9,732.0,720.4,726.8,11842870.90142099
2024-10-07 20:00:00,726.8,726.8,714.2,714.4,20877906.56005294
2024-10-08 00:00:00,714.4,719.9,714.1,718.8,16444588.60644182
2024-10-08 04:00:00,718.8,720.7,711.0,713.8,24346966.12750903
2024-10-08 08:00:00,713.8,719.0,712.4,718.3,11914388.81313056
2024-10-08 12:00:00,718.2,719.2,707.7,711.2,23798691.77214545
2024-10-08 16:00:00,711.1,718.9,709.2,718.2,7430241.53303657
2024-10-08 20:00:00,718.1,724.2,716.4,718.8,11979167.35393148
2024-10-09 00:00:00,718.3,722.5,716.7,720.6,14429238.94998905
2024-10-09 04:00:00,720.6,721.6,716.2,718.9,11188485.89757328
2024-10-09 08:00:00,718.8,722.3,716.5,719.9,12559027.11830639
2024-10-09 12:00:00,720.0,720.0,713.6,719.1,19027858.36160024
2024-10-09 16:00:00,718.9,722.3,716.6,719.9,8391489.43247618
2024-10-09 20:00:00,719.9,720.1,710.0,712.8,17350650.86198993
2024-10-10 00:00:00,712.8,717.0,709.0,714.4,16637268.69407654
2024-10-10 04:00:00,714.3,716.3,711.7,712.8,11391372.31076026
2024-10-10 08:00:00,712.9,717.5,710.4,717.5,13124818.38766317
2024-10-10 12:00:00,717.6,739.9,715.0,727.3,128060096.49816108
2024-10-10 16:00:00,727.7,734.0,716.3,717.9,35364348.44584808
2024-10-10 20:00:00,717.9,723.0,715.2,721.3,16703389.99642708
2024-10-11 00:00:00,721.4,727.6,720.2,725.7,20984796.43011067
2024-10-11 04:00:00,725.7,733.0,722.7,729.8,20044199.94437373
2024-10-11 08:00:00,729.4,731.7,725.0,726.6,17974182.86928065
2024-10-11 12:00:00,726.7,729.2,725.0,728.6,20245702.09022056
2024-10-11 16:00:00,728.6,731.1,726.6,730.6,9946066.03820235
2024-10-11 20:00:00,730.8,731.0,726.1,727.3,11288896.13395247
2024-10-12 00:00:00,727.3,728.6,722.6,724.0,20131889.15902875
2024-10-12 04:00:00,724.0,726.8,723.7,726.4,8188850.32891968
2024-10-12 08:00:00,726.4,729.7,726.0,726.9,11610696.64700825
2024-10-12 12:00:00,727.0,730.0,726.4,728.9,11084152.01553898
2024-10-12 16:00:00,728.8,729.7,724.2,724.9,8510082.29655247
2024-10-12 20:00:00,724.8,727.5,724.3,726.2,6030030.37293988
2024-10-13 00:00:00,726.2,726.5,722.3,723.0,15231771.07383452
2024-10-13 04:00:00,722.8,725.0,722.8,723.8,6731502.2252909
2024-10-13 08:00:00,724.2,724.8,717.3,717.3,19602012.07416673
2024-10-13 12:00:00,717.3,720.0,711.2,714.6,20157979.91175201
2024-10-13 16:00:00,714.6,718.2,713.8,717.2,2166002.29384361
2024-10-13 20:00:00,718.2,718.7,715.5,718.2,6439906.89980727
2024-10-14 00:00:00,718.2,726.8,712.6,725.4,27603829.94280259
2024-10-14 04:00:00,725.3,726.1,721.7,725.4,19662482.08628044
2024-10-14 08:00:00,725.4,727.7,723.6,725.3,19297826.94171897
2024-10-14 12:00:00,725.5,740.0,723.7,736.9,38676030.51849241
2024-10-14 16:00:00,736.5,738.0,730.3,733.6,12567184.83296609
2024-10-14 20:00:00,733.6,735.7,730.2,735.0,15804852.95835476
2024-10-15 00:00:00,735.0,745.8,731.0,733.9,49599507.3364321
2024-10-15 04:00:00,733.9,738.2,729.8,736.2,27854645.36691526
2024-10-15 08:00:00,735.8,738.5,725.0,726.6,23535953.78392938
2024-10-15 12:00:00,726.4,739.9,723.1,729.9,49081565.38283509
2024-10-15 16:00:00,729.9,736.8,729.8,735.4,10538854.29954065
2024-10-15 20:00:00,735.9,736.0,728.9,732.0,10525375.86162389
2024-10-16 00:00:00,732.0,737.7,730.1,734.8,18981317.93335953
2024-10-16 04:00:00,734.6,736.0,729.0,730.9,19059867.18817044
2024-10-16 08:00:00,730.8,736.8,730.3,735.8,21434864.0595135
2024-10-16 12:00:00,735.8,748.0,734.5,741.8,43566878.83444978
2024-10-16 16:00:00,742.0,749.3,741.0,748.8,9537610.25337338
2024-10-16 20:00:00,748.6,749.0,741.6,742.6,15247296.23417027
2024-10-17 00:00:00,742.2,744.9,739.2,744.9,17489866.96107295
2024-10-17 04:00:00,744.9,769.3,744.8,753.1,91865910.86537193
2024-10-17 08:00:00,753.1,762.0,750.2,754.9,34573987.31495733
2024-10-17 12:00:00,754.9,760.3,748.9,754.0,26266822.8979067
2024-10-17 16:00:00,753.8,755.0,741.0,744.5,13931077.17830575
2024-10-17 20:00:00,744.5,747.8,739.2,740.2,18742697.10857783
2024-10-18 00:00:00,740.4,744.6,734.5,739.4,40772151.58435608
2024-10-18 04:00:00,739.4,753.5,738.4,747.7,27235995.53480315
2024-10-18 08:00:00,747.7,752.7,745.7,746.2,18362424.51942941
2024-10-18 12:00:00,746.2,748.0,740.3,743.8,24701771.25413382
2024-10-18 16:00:00,743.3,745.6,740.8,743.4,13813821.69000691
2024-10-18 20:00:00,743.4,745.4,741.8,745.0,9572958.58721908
2024-10-19 00:00:00,745.0,748.3,742.8,746.3,24084114.5225659
2024-10-19 04:00:00,746.5,747.5,744.4,744.6,12467638.34807144
2024-10-19 08:00:00,744.7,747.0,742.2,743.5,13830570.70051676
2024-10-19 12:00:00,743.5,745.9,742.6,742.8,11263524.48344218
2024-10-19 16:00:00,743.0,743.2,738.3,740.0,8211054.75587511
2024-10-19 20:00:00,739.6,743.5,739.5,743.1,5832481.9770858
2024-10-20 00:00:00,743.0,743.4,740.0,741.1,14016740.39111788
2024-10-20 04:00:00,741.1,741.5,738.0,738.3,10964078.60810999
2024-10-20 08:00:00,738.3,740.3,735.1,739.5,14268416.7649518
2024-10-20 12:00:00,739.5,742.6,735.5,741.9,17861787.68107949
2024-10-20 16:00:00,742.0,742.8,739.3,740.2,4104112.04257101
2024-10-20 20:00:00,740.2,746.0,740.0,745.2,14924934.89742098
2024-10-21 00:00:00,745.2,747.4,743.9,746.2,24495867.55225048
2024-10-21 04:00:00,746.0,755.4,745.0,749.0,34015091.58247375
2024-10-21 08:00:00,749.3,766.6,749.3,757.4,62472696.27758886
2024-10-21 12:00:00,757.4,757.6,740.6,748.3,39933729.07565614
2024-10-21 16:00:00,748.4,751.0,741.7,749.5,7134208.47595108
2024-10-21 20:00:00,749.5,750.6,745.5,746.1,9039302.91181779
2024-10-22 00:00:00,747.2,748.9,739.0,744.9,22163766.22517725
2024-10-22 04:00:00,744.9,754.5,744.4,750.9,18953630.10746908
2024-10-22 08:00:00,750.6,751.2,731.6,734.9,43971681.21081963
2024-10-22 12:00:00,734.9,736.4,730.1,734.0,21727159.41751188
2024-10-22 16:00:00,733.9,736.7,731.4,734.9,5276435.79346541
2024-10-22 20:00:00,734.9,738.2,733.0,735.2,10094044.46002988
2024-10-23 00:00:00,735.2,736.3,732.4,733.9,14164290.94762556
2024-10-23 04:00:00,733.9,734.6,727.6,729.0,18090243.10639887
2024-10-23 08:00:00,729.0,730.3,723.8,728.2,18910807.48505326
2024-10-23 12:00:00,728.4,730.8,724.1,726.5,12914658.61365425
2024-10-23 16:00:00,726.4,726.7,713.0,723.3,19959473.20955592
2024-10-23 20:00:00,723.5,729.4,722.5,728.1,9573296.13923452
2024-10-24 00:00:00,728.1,732.3,726.2,729.9,14454041.36845127
2024-10-24 04:00:00,729.8,736.0,729.4,731.0,15503504.05895818
2024-10-24 08:00:00,731.0,734.0,725.1,731.1,16427830.88380731
2024-10-24 12:00:00,731.1,733.9,729.5,731.4,12157447.63653602
2024-10-24 16:00:00,731.5,735.0,731.0,734.6,4720721.18015499
2024-10-24 20:00:00,734.7,735.1,732.1,733.7,9611592.04712311
2024-10-25 00:00:00,733.7,733.8,730.2,731.9,15969065.09989957
2024-10-25 04:00:00,731.8,732.3,724.0,728.3,17287063.48967052
2024-10-25 08:00:00,728.2,731.0,725.3,730.8,9752444.64661923
2024-10-25 12:00:00,730.7,730.9,725.1,727.3,11231296.90774783
2024-10-25 16:00:00,727.3,729.0,715.0,721.3,15749811.08745513
2024-10-25 20:00:00,721.3,724.5,693.0,706.9,55285309.75191677
2024-10-26 00:00:00,706.9,718.3,701.9,718.0,28442985.0745623
2024-10-26 04:00:00,717.8,722.0,717.6,720.6,11862002.32854864
2024-10-26 08:00:00,720.6,722.0,719.0,720.6,7219074.70665525
2024-10-26 12:00:00,721.0,721.4,710.5,715.0,13635776.4020433
2024-10-26 16:00:00,715.0,719.5,714.6,719.0,2870291.50961064
2024-10-26 20:00:00,719.0,720.5,716.0,718.6,4550440.70383487
2024-10-27 00:00:00,718.6,723.0,716.5,722.2,8334178.8201315
2024-10-27 04:00:00,722.2,722.6,720.0,720.4,5080205.91965718
2024-10-27 08:00:00,720.4,721.0,715.1,717.7,9046978.91965623
2024-10-27 12:00:00,717.6,722.5,717.5,722.5,9545589.49240551
2024-10-27 16:00:00,722.3,723.0,718.5,719.4,4035711.14640669
2024-10-27 20:00:00,719.4,722.0,718.0,720.4,7277849.90106465
2024-10-28 00:00:00,720.5,721.7,717.0,717.1,14310423.63051646
2024-10-28 04:00:00,717.1,721.5,715.2,718.6,15024455.35838108
2024-10-28 08:00:00,718.6,725.1,718.3,724.4,14455347.44960069
2024-10-28 12:00:00,724.2,726.0,718.8,719.0,16576024.11293368
2024-10-28 16:00:00,719.0,722.4,715.9,720.6,11332120.50136168
2024-10-28 20:00:00,719.6,724.7,718.7,723.3,17459164.62217761
2024-10-29 00:00:00,723.4,731.0,722.0,727.4,30291696.19029134
2024-10-29 04:00:00,727.3,735.1,726.3,732.2,20922904.70866774
2024-10-29 08:00:00,732.2,734.2,728.6,733.2,18694477.37355334
2024-10-29 12:00:00,733.2,734.6,729.0,729.4,25369225.42184368
2024-10-29 16:00:00,729.3,737.0,729.3,732.3,20882435.07156983
2024-10-29 20:00:00,732.3,735.8,727.0,735.6,18564716.06218893
2024-10-30 00:00:00,735.7,735.8,726.8,730.2,26562583.62474322
2024-10-30 04:00:00,730.1,730.9,728.0,728.9,14494553.01358508
2024-10-30 08:00:00,729.5,729.9,724.0,724.4,17475502.88830966
2024-10-30 12:00:00,724.2,729.5,721.1,728.9,20544755.14960949
2024-10-30 16:00:00,728.1,729.0,725.5,726.9,3416831.89417366
2024-10-30 20:00:00,726.9,729.0,725.0,727.1,7487208.68870925
2024-10-31 00:00:00,727.3,727.9,723.5,725.0,15368360.39067732
2024-10-31 04:00:00,725.0,725.4,719.0,720.0,20475883.58092382
2024-10-31 08:00:00,720.1,723.8,717.1,721.7,17604949.45405934
2024-10-31 12:00:00,721.7,723.7,711.0,714.3,29552226.06007328
2024-10-31 16:00:00,714.0,716.5,705.1,707.5,18162381.43908825
2024-10-31 20:00:00,707.5,713.5,707.1,711.6,14456648.60689536
2024-11-01 00:00:00,711.6,724.1,700.0,724.1,47219353.64439412
2024-11-01 04:00:00,724.1,727.6,710.0,713.5,35377557.08974812
2024-11-01 08:00:00,713.5,729.2,712.1,723.8,31258059.7275312
2024-11-01 12:00:00,723.8,729.4,715.6,721.5,25569652.7778511
2024-11-01 16:00:00,720.6,728.2,717.2,722.9,13818237.92117673
2024-11-01 20:00:00,723.0,724.5,713.0,718.0,11070087.97944912
2024-11-02 00:00:00,718.1,723.0,716.3,721.1,9296714.57688356
2024-11-02 04:00:00,721.1,722.1,717.3,719.2,8316291.13533414
2024-11-02 08:00:00,719.2,719.5,716.2,716.5,9265616.44560254
2024-11-02 12:00:00,716.7,718.5,710.9,715.7,16967841.73785505
2024-11-02 16:00:00,715.7,718.4,713.9,715.9,4960785.00517392
2024-11-02 20:00:00,715.7,716.5,713.0,715.2,6196700.68926847
2024-11-03 00:00:00,715.1,716.1,701.2,705.1,30803703.59691945
2024-11-03 04:00:00,705.5,710.0,705.0,707.9,10371217.75112203
2024-11-03 08:00:00,708.0,708.3,700.9,701.5,19367802.98553208
2024-11-03 12:00:00,701.4,702.8,686.1,693.3,69554818.63995717
2024-11-03 16:00:00,693.2,701.2,691.0,701.1,11699621.39643442
2024-11-03 20:00:00,701.1,706.5,699.9,701.8,12566173.85176472
2024-11-04 00:00:00,701.5,709.0,695.9,706.0,20218626.87514156
2024-11-04 04:00:00,706.3,707.5,699.6,702.5,14019499.03106307
2024-11-04 08:00:00,702.4,714.4,701.0,710.7,28186261.73626621
2024-11-04 12:00:00,710.7,712.0,706.1,710.1,13733551.86748595
2024-11-04 16:00:00,709.9,713.9,706.4,706.5,8741582.39325053
2024-11-04 20:00:00,706.6,707.9,690.9,700.0,27461861.44816125
2024-11-05 00:00:00,700.1,704.4,698.6,703.6,15761698.44216638
2024-11-05 04:00:00,703.6,718.4,702.5,718.1,21726538.59170653
2024-11-05 08:00:00,718.0,724.3,709.5,709.9,26832392.62977633
2024-11-05 12:00:00,710.0,717.0,705.4,709.8,40911239.62575734
2024-11-05 16:00:00,709.7,714.9,706.7,708.3,11063745.37187819
2024-11-05 20:00:00,708.5,715.5,706.6,713.0,14695910.97506269
2024-11-06 00:00:00,713.0,742.0,711.7,737.3,106570242.34378779
2024-11-06 04:00:00,737.3,748.6,726.8,734.1,121700352.45236254
2024-11-06 08:00:00,734.2,738.9,719.5,738.4,62891256.44445967
2024-11-06 12:00:00,738.2,739.3,729.0,733.0,37757853.9903694
2024-11-06 16:00:00,733.0,737.5,731.9,735.9,12421912.22582446
2024-11-06 20:00:00,735.8,750.0,734.6,746.5,40248596.39039072
2024-11-07 00:00:00,746.4,798.7,738.2,770.7,194218646.55638587
2024-11-07 04:00:00,770.7,774.5,756.1,764.3,78309221.43790536
2024-11-07 08:00:00,764.7,767.8,756.4,756.9,31305128.46974832
2024-11-07 12:00:00,756.9,761.0,746.0,755.5,32610533.27181136
2024-11-07 16:00:00,755.5,761.7,754.3,760.0,15623836.0046699
2024-11-07 20:00:00,760.0,764.9,755.2,763.2,22284849.13072173
2024-11-08 00:00:00,763.2,769.3,757.0,759.7,40622139.95707511
2024-11-08 04:00:00,759.7,763.2,756.0,759.2,29770035.43444873
2024-11-08 08:00:00,759.2,765.0,754.6,763.8,34833219.2467707
2024-11-08 12:00:00,763.8,773.9,762.5,768.0,41497485.9945502
2024-11-08 16:00:00,768.0,771.1,756.2,768.3,21913785.15684409
2024-11-08 20:00:00,768.2,773.0,763.3,772.0,27362117.73366269
2024-11-09 00:00:00,772.0,772.9,762.4,763.5,40804516.77358292
2024-11-09 04:00:00,763.5,772.9,763.5,768.5,28612333.25720129
2024-11-09 08:00:00,768.5,773.3,766.7,769.8,24349836.45102501
2024-11-09 12:00:00,769.8,769.8,761.3,765.2,23157810.81012507
2024-11-09 16:00:00,764.9,768.8,760.2,765.8,9421301.892349
2024-11-09 20:00:00,766.2,777.3,765.4,774.5,32905911.59596711
2024-11-10 00:00:00,774.4,798.2,770.6,793.1,127565270.16381696
2024-11-10 04:00:00,793.0,820.0,792.1,811.9,134834873.47802016
2024-11-10 08:00:00,811.9,815.0,808.0,813.3,66430486.48575933
2024-11-10 12:00:00,813.2,855.5,808.5,835.3,272531626.3112738
2024-11-10 16:00:00,835.3,843.0,819.8,823.0,57084566.20906773
2024-11-10 20:00:00,823.6,827.2,779.3,815.2,98941312.00065605
2024-11-11 00:00:00,814.3,834.8,812.1,831.2,96867279.4866185
2024-11-11 04:00:00,831.2,834.0,793.0,808.5,123762651.64783114
2024-11-11 08:00:00,808.6,822.1,807.7,820.8,61742159.44312546
2024-11-11 12:00:00,820.7,830.0,810.1,823.1,85268120.25088719
2024-11-11 16:00:00,823.1,833.0,821.1,833.0,58231504.13037113
2024-11-11 20:00:00,832.9,877.7,832.9,869.0,222357895.12492213
2024-11-12 00:00:00,869.0,869.9,830.0,854.3,176439238.02856395
2024-11-12 04:00:00,854.3,879.0,847.7,876.5,142410419.60594538
2024-11-12 08:00:00,876.5,999.0,852.5,922.2,908620869.5605532
2024-11-12 12:00:00,922.3,997.7,884.0,964.8,516284929.5359029
2024-11-12 16:00:00,964.8,997.2,943.6,983.3,180320672.49224314
2024-11-12 20:00:00,983.3,1049.0,982.3,1002.0,387295765.5661522
2024-11-13 00:00:00,1002.0,1064.0,957.5,957.6,403795084.4588195
2024-11-13 04:00:00,957.6,971.0,916.0,947.0,220137107.3280829
2024-11-13 08:00:00,947.0,965.8,931.0,962.7,110618573.7891268
2024-11-13 12:00:00,962.7,1013.0,944.3,999.0,307476092.01663435
2024-11-13 16:00:00,998.5,1048.0,964.0,966.2,166585316.01294926
2024-11-13 20:00:00,966.3,984.8,955.2,978.0,80637885.57124723
2024-11-14 00:00:00,977.5,1003.0,968.5,992.9,172300717.73333484
2024-11-14 04:00:00,992.8,999.8,975.6,992.5,77672036.08572727
2024-11-14 08:00:00,992.4,1027.0,991.2,1020.0,147537753.11344647
2024-11-14 12:00:00,1021.0,1059.0,1001.0,1019.0,315496516.354454
2024-11-14 16:00:00,1020.0,1134.0,1011.0,1118.0,274179402.80223626
2024-11-14 20:00:00,1119.0,1197.0,1063.0,1095.0,565634085.3860713
2024-11-15 00:00:00,1095.0,1184.0,1090.0,1165.0,341581245.0985923
2024-11-15 04:00:00,1166.0,1189.0,1113.0,1117.0,221288276.16179103
2024-11-15 08:00:00,1117.0,1179.0,1100.0,1170.0,160172273.75800195
2024-11-15 12:00:00,1170.0,1294.0,1153.0,1232.0,709686277.3940799
2024-11-15 16:00:00,1232.0,1268.0,1220.0,1267.0,100270956.04570945
2024-11-15 20:00:00,1267.0,1299.0,1223.0,1259.0,212040793.91810635
2024-11-16 00:00:00,1259.0,1295.0,1237.0,1279.0,192107130.04324913
2024-11-16 04:00:00,1279.0,1382.0,1276.0,1366.0,468638789.44013315
2024-11-16 08:00:00,1366.0,1520.0,1353.0,1473.0,725152832.8150728
2024-11-16 12:00:00,1472.0,1759.0,1440.0,1553.0,1364233142.3003592
2024-11-16 16:00:00,1553.0,1677.0,1519.0,1652.0,354776502.00928587
2024-11-16 20:00:00,1652.0,1672.0,1545.0,1573.0,234848269.074285
2024-11-17 00:00:00,1572.0,1640.0,1452.0,1496.0,493627496.5094914
2024-11-17 04:00:00,1496.0,1535.0,1413.0,1498.0,334084171.9703722
2024-11-17 08:00:00,1498.0,1542.0,1455.0,1456.0,183801694.70233044
2024-11-17 12:00:00,1457.0,1607.0,1456.0,1525.0,331068298.7861273
2024-11-17 16:00:00,1523.0,1532.0,1456.0,1460.0,58204254.79007427
2024-11-17 20:00:00,1460.0,1509.0,1457.0,1485.0,76059133.36216173
2024-11-18 00:00:00,1485.0,1594.0,1484.0,1565.0,289289711.628367
2024-11-18 04:00:00,1566.0,1661.0,1563.0,1633.0,368485292.4344819
2024-11-18 08:00:00,1634.0,1639.0,1564.0,1576.0,178979580.3800945
2024-11-18 12:00:00,1576.0,1642.0,1557.0,1625.0,177304194.2764968
2024-11-18 16:00:00,1626.0,1627.0,1514.0,1537.0,109151950.36252715
2024-11-18 20:00:00,1537.0,1590.0,1523.0,1566.0,74735997.01073518
2024-11-19 00:00:00,1565.0,1613.0,1560.0,1591.0,117629488.45362478
2024-11-19 04:00:00,1592.0,1595.0,1537.0,1543.0,145251921.6010015
2024-11-19 08:00:00,1543.0,1552.0,1517.0,1544.0,76631200.39279124
2024-11-19 12:00:00,1544.0,1570.0,1507.0,1535.0,125668750.90792885
2024-11-19 16:00:00,1535.0,1558.0,1518.0,1545.0,43590627.73309207
2024-11-19 20:00:00,1545.0,1563.0,1512.0,1548.0,79989984.16789718
2024-11-20 00:00:00,1548.0,1565.0,1484.0,1513.0,141824002.67784223
2024-11-20 04:00:00,1512.0,1535.0,1499.0,1518.0,66254021.74404618
2024-11-20 08:00:00,1519.0,1598.0,1512.0,1572.0,163937569.3842592
2024-11-20 12:00:00,1573.0,1613.0,1560.0,1570.0,191893062.52902403
2024-11-20 16:00:00,1570.0,1582.0,1511.0,1531.0,59803701.14496608
2024-11-20 20:00:00,1532.0,1579.0,1521.0,1562.0,51891517.08465231
2024-11-21 00:00:00,1562.0,1597.0,1532.0,1551.0,127910339.65943608
2024-11-21 04:00:00,1551.0,1586.0,1537.0,1563.0,98043593.91843297
2024-11-21 08:00:00,1563.0,1592.0,1562.0,1568.0,93914455.27769294
2024-11-21 12:00:00,1568.0,1619.0,1545.0,1552.0,185818958.8059563
2024-11-21 16:00:00,1551.0,1720.0,1547.0,1639.0,283548439.58738035
2024-11-21 20:00:00,1639.0,1764.0,1631.0,1741.0,219587105.56382543
2024-11-22 00:00:00,1741.0,1977.0,1741.0,1931.0,822477945.0913793
2024-11-22 04:00:00,1931.0,1988.0,1907.0,1911.0,330824290.1391027
2024-11-22 08:00:00,1911.0,2058.0,1910.0,2045.0,336897612.4371697
2024-11-22 12:00:00,2045.0,2088.0,1790.0,2008.0,843560209.8759162
2024-11-22 16:00:00,2008.0,2069.0,1959.0,2001.0,159291183.4236523
2024-11-22 20:00:00,2002.0,2055.0,1992.0,2038.0,131259437.25590356
2024-11-23 00:00:00,2039.0,2256.0,2027.0,2162.0,592695380.7813818
2024-11-23 04:00:00,2162.0,2163.0,2052.0,2132.0,214790774.447431
2024-11-23 08:00:00,2133.0,2172.0,2090.0,2131.0,132209305.1711784
2024-11-23 12:00:00,2132.0,2183.0,2105.0,2140.0,151152421.0023745
2024-11-23 16:00:00,2138.0,2161.0,1987.0,2058.0,210377685.5962947
2024-11-23 20:00:00,2058.0,2087.0,1979.0,2046.0,113135861.85119542
2024-11-24 00:00:00,2046.0,2098.0,2006.0,2044.0,177262455.81035268
2024-11-24 04:00:00,2043.0,2056.0,1991.0,2026.0,118353296.37369366
2024-11-24 08:00:00,2026.0,2030.0,1900.0,1906.0,235250131.83552036
2024-11-24 12:00:00,1906.0,1935.0,1760.0,1813.0,461501477.2883233
2024-11-24 16:00:00,1812.0,1938.0,1801.0,1906.0,94298941.53355953
2024-11-24 20:00:00,1907.0,2037.0,1900.0,1991.0,150360193.30687925
2024-11-25 00:00:00,1991.0,1992.0,1865.0,1934.0,146678848.1508447
2024-11-25 04:00:00,1935.0,2081.0,1933.0,2040.0,201101874.61520126
2024-11-25 08:00:00,2041.0,2119.0,2013.0,2033.0,165975898.57694837
2024-11-25 12:00:00,2035.0,2047.0,1921.0,1979.0,159419132.2161054
2024-11-25 16:00:00,1979.0,2108.0,1969.0,2058.0,158267759.00352094
2024-11-25 20:00:00,2060.0,2065.0,1938.0,1975.0,117728864.97831927
2024-11-26 00:00:00,1974.0,2027.0,1951.0,2008.0,99162857.52373806
2024-11-26 04:00:00,2009.0,2019.0,1970.0,1987.0,72794403.49408758
2024-11-26 08:00:00,1986.0,1987.0,1803.0,1866.0,292791522.6513616
2024-11-26 12:00:00,1866.0,1931.0,1835.0,1886.0,175619362.32656762
2024-11-26 16:00:00,1884.0,1944.0,1870.0,1934.0,58417911.14891627
2024-11-26 20:00:00,1934.0,1994.0,1926.0,1956.0,85433191.24402185
2024-11-27 00:00:00,1955.0,1983.0,1900.0,1909.0,101890703.2689755
2024-11-27 04:00:00,1910.0,1980.0,1895.0,1968.0,90027009.055522
2024-11-27 08:00:00,1968.0,2040.0,1963.0,1994.0,175979386.3304746
2024-11-27 12:00:00,1994.0,2084.0,1964.0,2068.0,127413718.05843937
2024-11-27 16:00:00,2068.0,2082.0,2027.0,2051.0,64163884.14769167
2024-11-27 20:00:00,2052.0,2096.0,2033.0,2040.0,85458695.00758827
2024-11-28 00:00:00,2040.0,2057.0,2000.0,2032.0,102525290.92845125
2024-11-28 04:00:00,2032.0,2075.0,2023.0,2040.0,64100615.30962739
2024-11-28 08:00:00,2039.0,2051.0,2012.0,2045.0,49515869.37802442
2024-11-28 12:00:00,2044.0,2058.0,2012.0,2018.0,64104507.08212134
2024-11-28 16:00:00,2015.0,2071.0,2015.0,2064.0,30685672.44868958
2024-11-28 20:00:00,2064.0,2152.0,2048.0,2147.0,121414660.45477544
2024-11-29 00:00:00,2148.0,2194.0,2123.0,2159.0,180652927.63768598
2024-11-29 04:00:00,2158.0,2288.0,2140.0,2213.0,226067848.23792607
2024-11-29 08:00:00,2213.0,2332.0,2212.0,2294.0,228712440.0097031
2024-11-29 12:00:00,2293.0,2453.0,2290.0,2372.0,347250560.1605713
2024-11-29 16:00:00,2372.0,2402.0,2327.0,2383.0,100515827.54335052
2024-11-29 20:00:00,2383.0,2498.0,2370.0,2488.0,195684286.61584443
2024-11-30 00:00:00,2488.0,2580.0,2443.0,2519.0,386776709.5742101
2024-11-30 04:00:00,2519.0,2698.0,2497.0,2663.0,345362460.5704538
2024-11-30 08:00:00,2664.0,2680.0,2566.0,2633.0,180955398.70546445
2024-11-30 12:00:00,2633.0,2638.0,2535.0,2606.0,151498508.92405686
2024-11-30 16:00:00,2606.0,2645.0,2580.0,2633.0,51973672.53901468
2024-11-30 20:00:00,2633.0,2707.0,2605.0,2704.0,140032522.46512732
2024-12-01 00:00:00,2703.0,2719.0,2580.0,2629.0,234967609.11840254
2024-12-01 04:00:00,2629.0,2644.0,2590.0,2608.0,72832395.02246286
2024-12-01 08:00:00,2608.0,2710.0,2605.0,2660.0,155021177.11786652
2024-12-01 12:00:00,2659.0,2666.0,2632.0,2641.0,75125593.98906133
2024-12-01 16:00:00,2640.0,2949.0,2612.0,2931.0,197401725.356533
2024-12-01 20:00:00,2931.0,3230.0,2865.0,3163.0,415710834.8239135
2024-12-02 00:00:00,3162.0,3478.0,3134.0,3339.0,620085283.2466831
2024-12-02 04:00:00,3339.0,3447.0,3298.0,3403.0,244884810.0163684
2024-12-02 08:00:00,3403.0,3419.0,3093.0,3250.0,450233866.20648265
2024-12-02 12:00:00,3247.0,3820.0,3231.0,3746.0,619536462.9987121
2024-12-02 16:00:00,3744.0,3957.0,3636.0,3834.0,361197928.89709854
2024-12-02 20:00:00,3834.0,3895.0,3680.0,3803.0,195238612.4373079
2024-12-03 00:00:00,3803.0,3859.0,3700.0,3858.0,240687712.68294686
2024-12-03 04:00:00,3858.0,3870.0,3536.0,3684.0,303032393.8486839
2024-12-03 08:00:00,3684.0,3980.0,3606.0,3972.0,244405593.92535225
2024-12-03 12:00:00,3971.0,4025.0,1623.0,3542.0,1626865604.2819233
2024-12-03 16:00:00,3542.0,3766.0,3457.0,3595.0,448705788.513148
2024-12-03 20:00:00,3595.0,3772.0,3500.0,3510.0,234421135.61945587
2024-12-04 00:00:00,3510.0,3628.0,3510.0,3581.0,184790542.22407895
2024-12-04 04:00:00,3581.0,3727.0,3574.0,3682.0,144832952.64549574
2024-12-04 08:00:00,3682.0,3752.0,3670.0,3675.0,115082821.24721992
2024-12-04 12:00:00,3675.0,3686.0,3520.0,3544.0,168138789.6767752
2024-12-04 16:00:00,3542.0,3560.0,3277.0,3361.0,196804400.15820074
2024-12-04 20:00:00,3362.0,3438.0,3200.0,3323.0,275012535.3712185
2024-12-05 00:00:00,3325.0,3398.0,3021.0,3161.0,478987604.9934703
2024-12-05 04:00:00,3161.0,3355.0,3145.0,3331.0,169768354.5719676
2024-12-05 08:00:00,3330.0,3504.0,3316.0,3375.0,194805122.42209253
2024-12-05 12:00:00,3375.0,3378.0,3243.0,3334.0,119833832.29886463
2024-12-05 16:00:00,3333.0,3417.0,3281.0,3295.0,60713904.67671958
2024-12-05 20:00:00,3298.0,3316.0,3154.0,3187.0,140916298.63219905
2024-12-06 00:00:00,3189.0,3298.0,3150.0,3244.0,118455021.29710488
2024-12-06 04:00:00,3244.0,3358.0,3234.0,3262.0,111459928.8612874
2024-12-06 08:00:00,3261.0,3287.0,3150.0,3196.0,129458978.35981895
2024-12-06 12:00:00,3196.0,3323.0,3150.0,3254.0,146033117.02054447
2024-12-06 16:00:00,3253.0,3372.0,3248.0,3284.0,76395074.15483682
2024-12-06 20:00:00,3282.0,3415.0,3280.0,3383.0,106234108.50018199
2024-12-07 00:00:00,3384.0,3485.0,3346.0,3370.0,168465416.64881942
2024-12-07 04:00:00,3370.0,3410.0,3305.0,3346.0,77211863.47515082
2024-12-07 08:00:00,3346.0,3417.0,3324.0,3387.0,72324903.63757464
2024-12-07 12:00:00,3387.0,3532.0,3379.0,3523.0,109018163.45841075
2024-12-07 16:00:00,3522.0,3562.0,3441.0,3493.0,84504048.5847465
2024-12-07 20:00:00,3493.0,3643.0,3482.0,3632.0,108706845.49706464
2024-12-08 00:00:00,3632.0,3653.0,3572.0,3614.0,130190818.94256838
2024-12-08 04:00:00,3614.0,3614.0,3550.0,3577.0,84867647.86226793
2024-12-08 08:00:00,3576.0,3582.0,3492.0,3565.0,92842612.61185697
2024-12-08 12:00:00,3564.0,3599.0,3526.0,3570.0,53467915.76015879
2024-12-08 16:00:00,3570.0,3690.0,3555.0,3614.0,64589671.71086388
2024-12-08 20:00:00,3613.0,3662.0,3584.0,3627.0,53392806.73866005
2024-12-09 00:00:00,3628.0,3643.0,3426.0,3481.0,181736184.9077267
2024-12-09 04:00:00,3479.0,3515.0,3401.0,3434.0,99970027.48382275
2024-12-09 08:00:00,3435.0,3436.0,3302.0,3321.0,202840346.1383873
2024-12-09 12:00:00,3322.0,3470.0,3319.0,3378.0,137679300.55205038
2024-12-09 16:00:00,3378.0,3449.0,3364.0,3407.0,25779087.18814953
2024-12-09 20:00:00,3407.0,3415.0,2935.0,3163.0,408243109.155399
2024-12-10 00:00:00,3164.0,3275.0,2887.0,3064.0,442243962.62836194
2024-12-10 04:00:00,3060.0,3190.0,2970.0,3154.0,177005278.70182735
2024-12-10 08:00:00,3153.0,3222.0,3110.0,3160.0,103617998.27404241
2024-12-10 12:00:00,3161.0,3170.0,2934.0,2937.0,217927393.90371117
2024-12-10 16:00:00,2939.0,3077.0,2772.0,3042.0,218532563.15907863
2024-12-10 20:00:00,3042.0,3445.0,3026.0,3393.0,366113453.80404514
2024-12-11 00:00:00,3393.0,3418.0,3176.0,3276.0,222135118.42474085
2024-12-11 04:00:00,3275.0,3347.0,3248.0,3255.0,82881009.23249862
2024-12-11 08:00:00,3253.0,3414.0,3251.0,3365.0,111299256.21796563
2024-12-11 12:00:00,3364.0,3500.0,3320.0,3469.0,186371155.27853638
2024-12-11 16:00:00,3469.0,3485.0,3377.0,3451.0,46584921.97858232
2024-12-11 20:00:00,3450.0,3458.0,3388.0,3390.0,64789329.73862143
2024-12-12 00:00:00,3389.0,3442.0,3329.0,3412.0,114574699.1379798
2024-12-12 04:00:00,3412.0,3514.0,3411.0,3442.0,120170350.01717602
2024-12-12 08:00:00,3441.0,3476.0,3385.0,3433.0,66365675.41915014
2024-12-12 12:00:00,3433.0,3477.0,3410.0,3430.0,73293961.54298998
2024-12-12 16:00:00,3430.0,3459.0,3350.0,3358.0,44325211.97951475
2024-12-12 20:00:00,3359.0,3419.0,3306.0,3339.0,57156232.55731207
2024-12-13 00:00:00,3339.0,3385.0,3302.0,3360.0,56134344.67882744
2024-12-13 04:00:00,3359.0,3364.0,3279.0,3311.0,59572133.7550528
2024-12-13 08:00:00,3312.0,3363.0,3298.0,3336.0,39065049.5982193
2024-12-13 12:00:00,3337.0,3513.0,3336.0,3426.0,178239068.85070103
2024-12-13 16:00:00,3427.0,3473.0,3405.0,3447.0,40077810.67659616
2024-12-13 20:00:00,3448.0,3476.0,3433.0,3449.0,32048135.92298761
2024-12-14 00:00:00,3450.0,3528.0,3425.0,3505.0,85253229.61340617
2024-12-14 04:00:00,3506.0,3598.0,3488.0,3556.0,109581502.69437295
2024-12-14 08:00:00,3555.0,3592.0,3471.0,3484.0,81849888.12340978
2024-12-14 12:00:00,3484.0,3494.0,3370.0,3460.0,112995457.72339407
2024-12-14 16:00:00,3455.0,3460.0,3407.0,3451.0,21440505.17480633
2024-12-14 20:00:00,3451.0,3468.0,3398.0,3451.0,30336339.00828766
2024-12-15 00:00:00,3449.0,3499.0,3429.0,3472.0,43485835.49430934
2024-12-15 04:00:00,3472.0,3514.0,3442.0,3461.0,52283690.21648276
2024-12-15 08:00:00,3462.0,3488.0,3443.0,3476.0,31384366.23242078
2024-12-15 12:00:00,3476.0,3484.0,3451.0,3465.0,44012322.35495757
2024-12-15 16:00:00,3465.0,3489.0,3454.0,3457.0,14469891.34737198
2024-12-15 20:00:00,3456.0,3525.0,3418.0,3493.0,64578700.92148765
2024-12-16 00:00:00,3494.0,3520.0,3445.0,3460.0,80369900.66582435
2024-12-16 04:00:00,3461.0,3479.0,3442.0,3462.0,39519733.83480947
2024-12-16 08:00:00,3462.0,3468.0,3402.0,3418.0,48737231.43568589
2024-12-16 12:00:00,3419.0,3468.0,3406.0,3440.0,48831490.06914913
2024-12-16 16:00:00,3440.0,3711.0,3439.0,3564.0,237860348.08877072
2024-12-16 20:00:00,3564.0,3650.0,3546.0,3592.0,76449646.58964881
2024-12-17 00:00:00,3593.0,3608.0,3535.0,3595.0,91103373.14991553
2024-12-17 04:00:00,3594.0,3693.0,3571.0,3678.0,98165483.0201144
2024-12-17 08:00:00,3678.0,3945.0,3671.0,3901.0,335088959.08924395
2024-12-17 12:00:00,3902.0,3925.0,3715.0,3783.0,205426616.6596851
2024-12-17 16:00:00,3784.0,3849.0,3761.0,3792.0,47807694.6662058
2024-12-17 20:00:00,3793.0,3833.0,3665.0,3756.0,96179947.78458671
2024-12-18 00:00:00,3756.0,3797.0,3697.0,3702.0,101197436.18564896
2024-12-18 04:00:00,3703.0,3711.0,3600.0,3689.0,123350265.37962843
2024-12-18 08:00:00,3690.0,3798.0,3662.0,3787.0,81597477.10043068
2024-12-18 12:00:00,3787.0,3789.0,3630.0,3658.0,91529596.99746284
2024-12-18 16:00:00,3658.0,3709.0,3600.0,3600.0,60823455.49415567
2024-12-18 20:00:00,3600.0,3620.0,3350.0,3409.0,268683365.80121493
2024-12-19 00:00:00,3409.0,3564.0,3245.0,3543.0,353852992.01244533
2024-12-19 04:00:00,3544.0,3564.0,3490.0,3554.0,76337142.62541942
2024-12-19 08:00:00,3554.0,3628.0,3513.0,3589.0,76834114.41832814
2024-12-19 12:00:00,3588.0,3598.0,3400.0,3482.0,130989486.4192344
2024-12-19 16:00:00,3481.0,3501.0,3335.0,3380.0,106438379.77087083
2024-12-19 20:00:00,3380.0,3470.0,3284.0,3382.0,122625141.5494292
2024-12-20 00:00:00,3382.0,3531.0,3344.0,3495.0,124910388.28012747
2024-12-20 04:00:00,3495.0,3513.0,3386.0,3425.0,81820543.33018757
2024-12-20 08:00:00,3424.0,3433.0,2990.0,3016.0,422058960.02377367
2024-12-20 12:00:00,3016.0,3408.0,3009.0,3345.0,388294489.93199897
2024-12-20 16:00:00,3346.0,3472.0,3323.0,3422.0,76585100.14445849
2024-12-20 20:00:00,3422.0,3479.0,3317.0,3452.0,83765207.53100672
2024-12-21 00:00:00,3452.0,3487.0,3389.0,3461.0,93869440.62062947
2024-12-21 04:00:00,3461.0,3575.0,3445.0,3539.0,105138094.29219525
2024-12-21 08:00:00,3539.0,3559.0,3446.0,3473.0,78928454.19526675
2024-12-21 12:00:00,3472.0,3474.0,3312.0,3416.0,122614436.07195218
2024-12-21 16:00:00,3416.0,3424.0,3354.0,3407.0,31816889.73780257
2024-12-21 20:00:00,3407.0,3428.0,3366.0,3400.0,28508511.03008156
2024-12-22 00:00:00,3399.0,3425.0,3350.0,3385.0,58429346.08186313
2024-12-22 04:00:00,3386.0,3393.0,3318.0,3375.0,47950771.83061004
2024-12-22 08:00:00,3375.0,3464.0,3374.0,3401.0,64222736.74918262
2024-12-22 12:00:00,3401.0,3438.0,3345.0,3375.0,64978947.80773514
2024-12-22 16:00:00,3375.0,3415.0,3333.0,3340.0,20961153.68435619
2024-12-22 20:00:00,3344.0,3381.0,3310.0,3347.0,42268473.8353125
2024-12-23 00:00:00,3349.0,3360.0,3241.0,3354.0,102616034.39295025
2024-12-23 04:00:00,3354.0,3377.0,3270.0,3302.0,54333587.38021317
2024-12-23 08:00:00,3302.0,3356.0,3288.0,3327.0,40212602.09742119
2024-12-23 12:00:00,3327.0,3353.0,3250.0,3260.0,66130678.25507433
2024-12-23 16:00:00,3260.0,3331.0,3254.0,3304.0,27734434.46954979
2024-12-23 20:00:00,3305.0,3430.0,3303.0,3401.0,72982583.55311194
2024-12-24 00:00:00,3400.0,3405.0,3338.0,3378.0,42769320.91193892
2024-12-24 04:00:00,3378.0,3405.0,3356.0,3377.0,29795836.1950777
2024-12-24 08:00:00,3377.0,3395.0,3355.0,3381.0,23349726.32068525
2024-12-24 12:00:00,3381.0,3499.0,3361.0,3474.0,100121789.4323764
2024-12-24 16:00:00,3474.0,3499.0,3440.0,3440.0,32435195.16425389
2024-12-24 20:00:00,3440.0,3481.0,3405.0,3454.0,36464486.22067474
2024-12-25 00:00:00,3453.0,3460.0,3391.0,3416.0,78401552.93240769
2024-12-25 04:00:00,3416.0,3459.0,3400.0,3415.0,42039995.8455195
2024-12-25 08:00:00,3415.0,3487.0,3409.0,3410.0,48159278.25136003
2024-12-25 12:00:00,3411.0,3438.0,3400.0,3415.0,42490794.72352468
2024-12-25 16:00:00,3415.0,3448.0,3400.0,3445.0,18829208.24951539
2024-12-25 20:00:00,3445.0,3455.0,3415.0,3423.0,27666918.30899056
2024-12-26 00:00:00,3423.0,3448.0,3400.0,3403.0,40349283.21381527
2024-12-26 04:00:00,3403.0,3404.0,3344.0,3350.0,45952712.50573863
2024-12-26 08:00:00,3351.0,3355.0,3247.0,3302.0,87615599.66983484
2024-12-26 12:00:00,3302.0,3304.0,3248.0,3266.0,44107581.35132037
2024-12-26 16:00:00,3265.0,3293.0,3215.0,3266.0,21335177.76514167
2024-12-26 20:00:00,3267.0,3290.0,3223.0,3242.0,29324908.47043696
2024-12-27 00:00:00,3243.0,3323.0,3190.0,3276.0,80850234.1942555
2024-12-27 04:00:00,3276.0,3292.0,3207.0,3229.0,37230178.61582247
2024-12-27 08:00:00,3228.0,3353.0,3227.0,3320.0,63548633.35013757
2024-12-27 12:00:00,3323.0,3323.0,3220.0,3240.0,34531908.59271579
2024-12-27 16:00:00,3238.0,3280.0,3201.0,3279.0,19194720.62055512
2024-12-27 20:00:00,3279.0,3280.0,3223.0,3233.0,16311937.91903727
2024-12-28 00:00:00,3232.0,3247.0,3207.0,3237.0,28104098.22240079
2024-12-28 04:00:00,3237.0,3261.0,3222.0,3242.0,20339542.46521056
2024-12-28 08:00:00,3242.0,3263.0,3235.0,3254.0,15852148.23139465
2024-12-28 12:00:00,3252.0,3292.0,3240.0,3256.0,23624135.02410978
2024-12-28 16:00:00,3257.0,3295.0,3254.0,3276.0,9420484.5135362
2024-12-28 20:00:00,3276.0,3294.0,3257.0,3260.0,13708639.27924696
2024-12-29 00:00:00,3260.0,3275.0,3240.0,3265.0,24437124.85114438
2024-12-29 04:00:00,3265.0,3280.0,3253.0,3277.0,9742776.22737113
2024-12-29 08:00:00,3278.0,3279.0,3251.0,3253.0,13217380.78718678
2024-12-29 12:00:00,3252.0,3257.0,3208.0,3232.0,29593639.20140456
2024-12-29 16:00:00,3233.0,3233.0,3201.0,3204.0,11933340.84929572
2024-12-29 20:00:00,3204.0,3205.0,3082.0,3124.0,73161728.12771618
2024-12-30 00:00:00,3124.0,3192.0,3104.0,3122.0,45506766.84276857
2024-12-30 04:00:00,3121.0,3135.0,3025.0,3060.0,75534001.29430379
2024-12-30 08:00:00,3059.0,3099.0,3034.0,3080.0,29349426.27094315
2024-12-30 12:00:00,3079.0,3112.0,2967.0,3011.0,106739362.04243408
2024-12-30 16:00:00,3011.0,3117.0,2977.0,3109.0,38059336.20281117
2024-12-30 20:00:00,3109.0,3165.0,3033.0,3057.0,36395060.67330694
2024-12-31 00:00:00,3057.0,3066.0,2982.0,2983.0,53682383.56990825
2024-12-31 04:00:00,2983.0,3020.0,2973.0,3009.0,33998374.54505655
2024-12-31 08:00:00,3009.0,3124.0,3009.0,3081.0,61356948.08062347
2024-12-31 12:00:00,3081.0,3228.0,3080.0,3157.0,127182053.78158484
2024-12-31 16:00:00,3157.0,3157.0,3117.0,3133.0,7672795.03267943
2024-12-31 20:00:00,3133.0,3136.0,3082.0,3105.0,18952557.66714017
2025-01-01 00:00:00,3104.0,3163.0,3098.0,3144.0,32153937.32109719
2025-01-01 04:00:00,3144.0,3212.0,3141.0,3179.0,41921335.73516958
2025-01-01 08:00:00,3180.0,3212.0,3125.0,3198.0,46963720.21247214
2025-01-01 12:00:00,3198.0,3337.0,3191.0,3331.0,93454234.15457986
2025-01-01 16:00:00,3332.0,3484.0,3305.0,3452.0,111015984.59529452
2025-01-01 20:00:00,3452.0,3505.0,3405.0,3479.0,65427362.51070903
2025-01-02 00:00:00,3479.0,3665.0,3474.0,3618.0,155491915.503257
2025-01-02 04:00:00,3618.0,3619.0,3460.0,3517.0,92196324.85110825
2025-01-02 08:00:00,3517.0,3585.0,3517.0,3568.0,45692216.50741631
2025-01-02 12:00:00,3567.0,3595.0,3506.0,3566.0,52599034.12135705
2025-01-02 16:00:00,3564.0,3608.0,3532.0,3542.0,24009080.40645963
2025-01-02 20:00:00,3542.0,3592.0,3515.0,3561.0,15141873.46152169
2025-01-03 00:00:00,3562.0,3653.0,3540.0,3647.0,68933909.97998057
2025-01-03 04:00:00,3647.0,3647.0,3575.0,3589.0,45263988.97426144
2025-01-03 08:00:00,3586.0,3612.0,3570.0,3581.0,32562292.01170897
2025-01-03 12:00:00,3581.0,3618.0,3570.0,3615.0,43907719.28536637
2025-01-03 16:00:00,3614.0,3654.0,3602.0,3640.0,32138454.08199388
2025-01-03 20:00:00,3640.0,3640.0,3607.0,3619.0,20615482.20255625
2025-01-04 00:00:00,3618.0,3688.0,3581.0,3639.0,79423236.38717414
2025-01-04 04:00:00,3639.0,3640.0,3608.0,3618.0,30356905.84746088
2025-01-04 08:00:00,3619.0,3625.0,3600.0,3615.0,24734016.60056604
2025-01-04 12:00:00,3615.0,3632.0,3556.0,3573.0,39923678.25341231
2025-01-04 16:00:00,3573.0,3604.0,3571.0,3583.0,13744188.26197383
2025-01-04 20:00:00,3584.0,3604.0,3561.0,3570.0,21670835.71792571
2025-01-05 00:00:00,3570.0,3586.0,3500.0,3523.0,59927635.74140415
2025-01-05 04:00:00,3523.0,3557.0,3520.0,3536.0,24021283.80656367
2025-01-05 08:00:00,3536.0,3539.0,3431.0,3469.0,71479962.8621907
2025-01-05 12:00:00,3469.0,3515.0,3459.0,3491.0,34288168.5694668
2025-01-05 16:00:00,3492.0,3548.0,3481.0,3509.0,9775525.65226616
2025-01-05 20:00:00,3509.0,3550.0,3506.0,3529.0,15613095.1743905
2025-01-06 00:00:00,3530.0,3591.0,3498.0,3556.0,46798134.83668791
2025-01-06 04:00:00,3555.0,3568.0,3530.0,3531.0,20073401.89685066
2025-01-06 08:00:00,3531.0,3543.0,3506.0,3525.0,23423904.16947579
2025-01-06 12:00:00,3525.0,3588.0,3490.0,3570.0,46431575.71456643
2025-01-06 16:00:00,3571.0,3596.0,3525.0,3553.0,17685056.51764652
2025-01-06 20:00:00,3553.0,3560.0,3536.0,3553.0,13139290.9658765
2025-01-07 00:00:00,3552.0,3561.0,3516.0,3525.0,25822806.61073305
2025-01-07 04:00:00,3526.0,3579.0,3524.0,3553.0,26124613.10235321
2025-01-07 08:00:00,3554.0,3606.0,3529.0,3554.0,38701259.41355672
2025-01-07 12:00:00,3554.0,3584.0,3393.0,3438.0,92457386.72607794
2025-01-07 16:00:00,3437.0,3485.0,3380.0,3409.0,43347624.7379766
2025-01-07 20:00:00,3407.0,3450.0,3375.0,3393.0,34256678.27712651
2025-01-08 00:00:00,3393.0,3513.0,3380.0,3460.0,69839975.75078772
2025-01-08 04:00:00,3460.0,3472.0,3384.0,3419.0,50188949.83435554
2025-01-08 08:00:00,3419.0,3485.0,3416.0,3468.0,43671027.94632782
2025-01-08 12:00:00,3468.0,3534.0,3420.0,3460.0,78909007.82504843
2025-01-08 16:00:00,3460.0,3499.0,3350.0,3478.0,47064866.03807928
2025-01-08 20:00:00,3479.0,3584.0,3455.0,3553.0,52816437.22959537
2025-01-09 00:00:00,3552.0,3578.0,3494.0,3502.0,51161920.18847875
2025-01-09 04:00:00,3502.0,3530.0,3448.0,3469.0,34470132.96720098
2025-01-09 08:00:00,3469.0,3496.0,3428.0,3454.0,37971020.97336033
2025-01-09 12:00:00,3453.0,3515.0,3390.0,3487.0,56202535.40906237
2025-01-09 16:00:00,3489.0,3502.0,3437.0,3452.0,16357986.0624541
2025-01-09 20:00:00,3453.0,3475.0,3420.0,3430.0,19892067.40678236
2025-01-10 00:00:00,3431.0,3474.0,3421.0,3465.0,29613396.4620791
2025-01-10 04:00:00,3465.0,3500.0,3440.0,3478.0,23902669.02115732
2025-01-10 08:00:00,3479.0,3497.0,3461.0,3472.0,18246056.73724867
2025-01-10 12:00:00,3472.0,3491.0,3401.0,3460.0,51762941.1469368
2025-01-10 16:00:00,3459.0,3548.0,3440.0,3540.0,27712470.27714618
2025-01-10 20:00:00,3540.0,3558.0,3510.0,3526.0,21214676.49108421
2025-01-11 00:00:00,3525.0,3554.0,3510.0,3518.0,28289920.89895361
2025-01-11 04:00:00,3519.0,3530.0,3509.0,3530.0,11332051.30732332
2025-01-11 08:00:00,3530.0,3663.0,3520.0,3641.0,62395659.1867189
2025-01-11 12:00:00,3641.0,3650.0,3580.0,3620.0,50968994.42143574
2025-01-11 16:00:00,3620.0,3789.0,3602.0,3786.0,86066171.59359746
2025-01-11 20:00:00,3786.0,3894.0,3756.0,3852.0,100376621.41528116
2025-01-12 00:00:00,3852.0,3866.0,3744.0,3804.0,78816792.84342895
2025-01-12 04:00:00,3803.0,3823.0,3764.0,3809.0,29560281.48341644
2025-01-12 08:00:00,3810.0,3819.0,3715.0,3749.0,47824822.73913964
2025-01-12 12:00:00,3749.0,3805.0,3740.0,3791.0,27817271.39608028
2025-01-12 16:00:00,3791.0,3825.0,3784.0,3820.0,14881298.43042089
2025-01-12 20:00:00,3817.0,3820.0,3751.0,3764.0,18968726.45993533
2025-01-13 00:00:00,3765.0,3832.0,3752.0,3776.0,58958067.87823798
2025-01-13 04:00:00,3776.0,3810.0,3701.0,3706.0,51458273.59923782
2025-01-13 08:00:00,3709.0,3709.0,3551.0,3556.0,103546856.93915905
2025-01-13 12:00:00,3553.0,3795.0,3550.0,3749.0,139592998.5648618
2025-01-13 16:00:00,3746.0,3793.0,3696.0,3745.0,29223652.03683364
2025-01-13 20:00:00,3745.0,3845.0,3725.0,3794.0,50389249.36002754
2025-01-14 00:00:00,3794.0,3827.0,3775.0,3797.0,42889370.1349461
2025-01-14 04:00:00,3797.0,3815.0,3759.0,3762.0,26381390.83945057
2025-01-14 08:00:00,3762.0,3882.0,3761.0,3840.0,79723903.38624364
2025-01-14 12:00:00,3840.0,3868.0,3795.0,3845.0,58060949.42125001
2025-01-14 16:00:00,3844.0,4000.0,3818.0,3962.0,84372068.31258515
2025-01-14 20:00:00,3961.0,3980.0,3921.0,3961.0,44489896.45217419
2025-01-15 00:00:00,3960.0,4299.0,3932.0,4206.0,252391869.7639881
2025-01-15 04:00:00,4206.0,4289.0,4132.0,4244.0,93507547.8913364
2025-01-15 08:00:00,4244.0,4259.0,4022.0,4107.0,140985743.89106148
2025-01-15 12:00:00,4107.0,4445.0,4039.0,4369.0,224393019.89959452
2025-01-15 16:00:00,4370.0,4420.0,4235.0,4329.0,69370534.50769882
2025-01-15 20:00:00,4329.0,4690.0,4316.0,4617.0,187095580.2867329
2025-01-16 00:00:00,4620.0,4640.0,4292.0,4465.0,254619148.3294061
2025-01-16 04:00:00,4466.0,4635.0,4464.0,4553.0,92624507.07958937
2025-01-16 08:00:00,4553.0,4721.0,4480.0,4714.0,161526513.6364038
2025-01-16 12:00:00,4713.0,4968.0,4669.0,4869.0,358824057.7762323
2025-01-16 16:00:00,4868.0,4973.0,4862.0,4901.0,77819195.09377828
2025-01-16 20:00:00,4903.0,4906.0,4652.0,4758.0,108953933.15477934
2025-01-17 00:00:00,4756.0,4935.0,4753.0,4882.0,96179658.2205504
2025-01-17 04:00:00,4883.0,4925.0,4852.0,4866.0,52599430.32630533
2025-01-17 08:00:00,4867.0,4888.0,4777.0,4852.0,98153191.70678367
2025-01-17 12:00:00,4852.0,4852.0,4700.0,4732.0,86632141.02308638
2025-01-17 16:00:00,4731.0,4799.0,4700.0,4758.0,31566596.04134935
2025-01-17 20:00:00,4758.0,4862.0,4751.0,4820.0,40560851.99394996
2025-01-18 00:00:00,4822.0,4840.0,4731.0,4784.0,87300725.27586588
2025-01-18 04:00:00,4784.0,4790.0,4578.0,4646.0,100733196.7714989
2025-01-18 08:00:00,4646.0,4755.0,4586.0,4733.0,66421272.01952668
2025-01-18 12:00:00,4733.0,4840.0,4713.0,4739.0,62860442.51903702
2025-01-18 16:00:00,4740.0,4795.0,4700.0,4785.0,26278730.15761551
2025-01-18 20:00:00,4787.0,4890.0,4742.0,4865.0,43130421.17810904
2025-01-19 00:00:00,4865.0,4885.0,4798.0,4839.0,62383023.08933422
2025-01-19 04:00:00,4840.0,4842.0,4762.0,4787.0,54861533.96533635
2025-01-19 08:00:00,4790.0,4790.0,4621.0,4651.0,102693372.34148999
2025-01-19 12:00:00,4651.0,4779.0,4649.0,4725.0,55151429.54129868
2025-01-19 16:00:00,4725.0,4804.0,4689.0,4798.0,18811920.94467651
2025-01-19 20:00:00,4802.0,4818.0,4319.0,4510.0,152282723.69441718
2025-01-20 00:00:00,4512.0,4758.0,4433.0,4702.0,142152861.62214714
2025-01-20 04:00:00,4702.0,4842.0,4646.0,4785.0,85780107.11727822
2025-01-20 08:00:00,4783.0,4979.0,4783.0,4950.0,143933293.32938972
2025-01-20 12:00:00,4950.0,4984.0,4801.0,4892.0,157886542.23621613
2025-01-20 16:00:00,4892.0,4949.0,4551.0,4726.0,143483349.61624092
2025-01-20 20:00:00,4726.0,4763.0,4502.0,4656.0,104352640.2057405
2025-01-21 00:00:00,4656.0,4781.0,4605.0,4669.0,91364060.49730638
2025-01-21 04:00:00,4669.0,4669.0,4551.0,4617.0,66131715.77824259
2025-01-21 08:00:00,4615.0,4704.0,4582.0,4660.0,59831572.2586439
2025-01-21 12:00:00,4659.0,4713.0,4625.0,4659.0,51361806.25788484
2025-01-21 16:00:00,4659.0,4797.0,4656.0,4730.0,31017516.44905968
2025-01-21 20:00:00,4730.0,4735.0,4675.0,4707.0,21958907.95078759
2025-01-22 00:00:00,4709.0,4748.0,4698.0,4718.0,30724951.72991566
2025-01-22 04:00:00,4717.0,4736.0,4693.0,4717.0,22957616.89824069
2025-01-22 08:00:00,4717.0,4810.0,4693.0,4809.0,37473197.63817894
2025-01-22 12:00:00,4808.0,4846.0,4711.0,4723.0,60732028.02086257
2025-01-22 16:00:00,4723.0,4845.0,4698.0,4790.0,30247084.99951706
2025-01-22 20:00:00,4791.0,4850.0,4710.0,4749.0,37968534.84877376
2025-01-23 00:00:00,4747.0,4752.0,4666.0,4711.0,33923468.89215465
2025-01-23 04:00:00,4713.0,4714.0,4650.0,4677.0,28380475.60525173
2025-01-23 08:00:00,4678.0,4680.0,4607.0,4626.0,27814629.51954519
2025-01-23 12:00:00,4625.0,4733.0,4562.0,4679.0,67071808.81717325
2025-01-23 16:00:00,4679.0,4735.0,4594.0,4619.0,22826335.77660164
2025-01-23 20:00:00,4622.0,4727.0,4600.0,4652.0,31425387.77906872
2025-01-24 00:00:00,4652.0,4709.0,4570.0,4682.0,84402384.17431226
2025-01-24 04:00:00,4682.0,4732.0,4670.0,4711.0,33579152.24451566
2025-01-24 08:00:00,4711.0,4765.0,4708.0,4761.0,26571578.5998591
2025-01-24 12:00:00,4761.0,4765.0,4684.0,4714.0,24384419.26780459
2025-01-24 16:00:00,4714.0,4720.0,4680.0,4685.0,9251959.60911251
2025-01-24 20:00:00,4684.0,4690.0,4625.0,4653.0,21682544.11667882
2025-01-25 00:00:00,4653.0,4703.0,4650.0,4700.0,18957295.28680591
2025-01-25 04:00:00,4702.0,4704.0,4661.0,4681.0,10013882.10447141
2025-01-25 08:00:00,4681.0,4681.0,4645.0,4680.0,13383591.92011535
2025-01-25 12:00:00,4680.0,4708.0,4670.0,4703.0,12325863.29030765
2025-01-25 16:00:00,4702.0,4708.0,4669.0,4682.0,5797409.38394397
2025-01-25 20:00:00,4681.0,4698.0,4667.0,4669.0,7611697.53145178
2025-01-26 00:00:00,4668.0,4698.0,4663.0,4693.0,14976880.89832918
2025-01-26 04:00:00,4693.0,4702.0,4682.0,4701.0,8996198.67182233
2025-01-26 08:00:00,4702.0,4704.0,4679.0,4693.0,9546946.80049047
2025-01-26 12:00:00,4694.0,4694.0,4679.0,4680.0,9472137.03638035
2025-01-26 16:00:00,4681.0,4697.0,4670.0,4689.0,5866059.78751739
2025-01-26 20:00:00,4689.0,4692.0,4586.0,4610.0,30184229.1330991
2025-01-27 00:00:00,4607.0,4634.0,4505.0,4578.0,66294885.22746199
2025-01-27 04:00:00,4578.0,4579.0,4197.0,4353.0,161801335.40669596
2025-01-27 08:00:00,4353.0,4355.0,4220.0,4289.0,95536135.65805207
2025-01-27 12:00:00,4287.0,4560.0,4284.0,4521.0,97964630.6688685
2025-01-27 16:00:00,4522.0,4612.0,4446.0,4488.0,33180533.55552369
2025-01-27 20:00:00,4485.0,4638.0,4477.0,4634.0,35949032.53775141
2025-01-28 00:00:00,4634.0,4682.0,4554.0,4666.0,53570364.65471479
2025-01-28 04:00:00,4666.0,4747.0,4661.0,4707.0,44476678.68232922
2025-01-28 08:00:00,4706.0,4750.0,4676.0,4742.0,37830097.34326791
2025-01-28 12:00:00,4743.0,4843.0,4722.0,4812.0,96185757.88690577
2025-01-28 16:00:00,4814.0,4835.0,4764.0,4772.0,21930036.80396789
2025-01-28 20:00:00,4772.0,4774.0,4655.0,4710.0,37317292.34032859
2025-01-29 00:00:00,4710.0,4739.0,4697.0,4725.0,18591637.40354419
2025-01-29 04:00:00,4725.0,4767.0,4712.0,4738.0,15657724.85939289
2025-01-29 08:00:00,4737.0,4758.0,4707.0,4718.0,14049981.44170448
2025-01-29 12:00:00,4717.0,4733.0,4652.0,4702.0,36144714.09567665
2025-01-29 16:00:00,4701.0,4758.0,4612.0,4700.0,39886092.47348479
2025-01-29 20:00:00,4700.0,4768.0,4665.0,4706.0,25720946.0966568
2025-01-30 00:00:00,4707.0,4750.0,4683.0,4735.0,24994465.34152781
2025-01-30 04:00:00,4734.0,4747.0,4713.0,4723.0,16186302.57567366
2025-01-30 08:00:00,4723.0,4730.0,4705.0,4707.0,13770180.15442969
2025-01-30 12:00:00,4707.0,4758.0,4684.0,4721.0,35054728.97859996
2025-01-30 16:00:00,4721.0,4747.0,4703.0,4723.0,9640489.72092086
2025-01-30 20:00:00,4724.0,4747.0,4717.0,4721.0,13470421.31473494
2025-01-31 00:00:00,4721.0,4732.0,4686.0,4702.0,25719389.89239875
2025-01-31 04:00:00,4702.0,4702.0,4665.0,4680.0,21851085.19229848
2025-01-31 08:00:00,4680.0,4702.0,4660.0,4692.0,19947968.59526759
2025-01-31 12:00:00,4692.0,4700.0,4662.0,4680.0,20105032.05904105
2025-01-31 16:00:00,4680.0,4682.0,4612.0,4639.0,21176297.26915303
2025-01-31 20:00:00,4637.0,4669.0,4605.0,4639.0,14330342.38746899
2025-02-01 00:00:00,4639.0,4687.0,4615.0,4651.0,16473600.51947303
2025-02-01 04:00:00,4651.0,4666.0,4633.0,4634.0,9234149.17568406
2025-02-01 08:00:00,4636.0,4651.0,4558.0,4602.0,35453691.84408184
2025-02-01 12:00:00,4603.0,4623.0,4560.0,4579.0,14664163.57624973
2025-02-01 16:00:00,4578.0,4620.0,4531.0,4569.0,11378395.93819122
2025-02-01 20:00:00,4568.0,4575.0,4409.0,4500.0,48148321.49270696
2025-02-02 00:00:00,4500.0,4600.0,4424.0,4437.0,54904406.34462602
2025-02-02 04:00:00,4438.0,4555.0,4429.0,4503.0,36533483.40634005
2025-02-02 08:00:00,4502.0,4543.0,4369.0,4380.0,44196507.73395697
2025-02-02 12:00:00,4382.0,4450.0,4286.0,4387.0,91304334.78633597
2025-02-02 16:00:00,4387.0,4387.0,3989.0,4209.0,183676194.36374083
2025-02-02 20:00:00,4208.0,4276.0,3954.0,4068.0,164605996.2012073
2025-02-03 00:00:00,4069.0,4070.0,3133.0,3669.0,841485358.6527547
2025-02-03 04:00:00,3674.0,3924.0,3455.0,3904.0,305189557.8224442
2025-02-03 08:00:00,3905.0,3906.0,3689.0,3747.0,186182462.34553748
2025-02-03 12:00:00,3746.0,4085.0,3527.0,4021.0,343645123.5040805
2025-02-03 16:00:00,4021.0,4349.0,4003.0,4292.0,172252023.7506591
2025-02-03 20:00:00,4292.0,4295.0,4135.0,4218.0,103820341.81188542
2025-02-04 00:00:00,4218.0,4349.0,4165.0,4236.0,123647382.96947451
2025-02-04 04:00:00,4236.0,4248.0,3860.0,3890.0,214974748.15861583
2025-02-04 08:00:00,3889.0,4139.0,3872.0,4050.0,108875488.4094986
2025-02-04 12:00:00,4052.0,4189.0,4044.0,4098.0,97189977.3863496
2025-02-04 16:00:00,4099.0,4200.0,4036.0,4037.0,37137824.27104444
2025-02-04 20:00:00,4036.0,4088.0,3856.0,3984.0,101741436.33711348
2025-02-05 00:00:00,3984.0,4035.0,3885.0,3925.0,72836026.72572862
2025-02-05 04:00:00,3926.0,3969.0,3890.0,3918.0,37953923.89991995
2025-02-05 08:00:00,3918.0,3984.0,3901.0,3978.0,31010528.00418937
2025-02-05 12:00:00,3978.0,4005.0,3876.0,3909.0,53368974.92681238
2025-02-05 16:00:00,3909.0,3917.0,3701.0,3820.0,71611553.97345684
2025-02-05 20:00:00,3825.0,3858.0,3705.0,3732.0,52732102.25104087
2025-02-06 00:00:00,3733.0,3800.0,3722.0,3779.0,46910020.61143911
2025-02-06 04:00:00,3778.0,3827.0,3761.0,3792.0,33483565.28779006
2025-02-06 08:00:00,3792.0,3832.0,3753.0,3800.0,33729417.52514412
2025-02-06 12:00:00,3801.0,3808.0,3563.0,3610.0,107346247.98183805
2025-02-06 16:00:00,3613.0,3687.0,3568.0,3596.0,57028773.59245011
2025-02-06 20:00:00,3595.0,3682.0,3590.0,3644.0,32587712.75834613
2025-02-07 00:00:00,3646.0,3671.0,3590.0,3633.0,47794429.95542956
2025-02-07 04:00:00,3633.0,3655.0,3497.0,3519.0,74648582.39683934
2025-02-07 08:00:00,3520.0,3749.0,3505.0,3735.0,80017915.40708853
2025-02-07 12:00:00,3735.0,3918.0,3653.0,3814.0,163607678.60388857
2025-02-07 16:00:00,3814.0,3854.0,3723.0,3751.0,36879303.86106046
2025-02-07 20:00:00,3752.0,3758.0,3650.0,3715.0,41685121.75710699
2025-02-08 00:00:00,3713.0,3759.0,3665.0,3679.0,37823105.04600888
2025-02-08 04:00:00,3679.0,3713.0,3635.0,3696.0,27544967.23829704
2025-02-08 08:00:00,3696.0,3737.0,3666.0,3721.0,26105233.4715829
2025-02-08 12:00:00,3724.0,3750.0,3685.0,3695.0,24670380.93454421
2025-02-08 16:00:00,3695.0,3748.0,3667.0,3736.0,15106655.87199844
2025-02-08 20:00:00,3735.0,3747.0,3708.0,3729.0,11477660.80111683
2025-02-09 00:00:00,3729.0,3847.0,3714.0,3847.0,38937104.77290787
2025-02-09 04:00:00,3846.0,3848.0,3755.0,3777.0,36126816.74479714
2025-02-09 08:00:00,3777.0,3820.0,3735.0,3735.0,26705512.06860333
2025-02-09 12:00:00,3735.0,3753.0,3641.0,3722.0,52603391.65535771
2025-02-09 16:00:00,3720.0,3730.0,3660.0,3680.0,10050897.25437385
2025-02-09 20:00:00,3680.0,3712.0,3573.0,3661.0,43661612.598254
2025-02-10 00:00:00,3661.0,3719.0,3557.0,3622.0,67158030.08629265
2025-02-10 04:00:00,3622.0,3669.0,3609.0,3646.0,21694609.49321689
2025-02-10 08:00:00,3647.0,3714.0,3642.0,3676.0,32837372.1803917
2025-02-10 12:00:00,3675.0,3745.0,3646.0,3667.0,35236116.07445083
2025-02-10 16:00:00,3666.0,3697.0,3652.0,3673.0,7409441.43597876
2025-02-10 20:00:00,3674.0,3694.0,3655.0,3675.0,11339861.48837125
2025-02-11 00:00:00,3675.0,3735.0,3667.0,3702.0,27427192.76311445
2025-02-11 04:00:00,3702.0,3810.0,3700.0,3770.0,47582339.37153085
2025-02-11 08:00:00,3770.0,3789.0,3740.0,3768.0,21132025.94005844
2025-02-11 12:00:00,3767.0,3770.0,3698.0,3747.0,35413013.98418928
2025-02-11 16:00:00,3743.0,3758.0,3626.0,3650.0,24772665.6110636
2025-02-11 20:00:00,3650.0,3730.0,3646.0,3681.0,20066887.63689452
2025-02-12 00:00:00,3680.0,3698.0,3628.0,3636.0,33946824.38561889
2025-02-12 04:00:00,3637.0,3662.0,3625.0,3644.0,17090497.70726991
2025-02-12 08:00:00,3644.0,3679.0,3635.0,3665.0,15162042.26706747
2025-02-12 12:00:00,3664.0,3717.0,3562.0,3641.0,89274728.72755776
2025-02-12 16:00:00,3641.0,3724.0,3616.0,3700.0,18595462.7550988
2025-02-12 20:00:00,3701.0,3768.0,3689.0,3737.0,26275618.62585051
2025-02-13 00:00:00,3737.0,3746.0,3703.0,3741.0,17265178.5877476
2025-02-13 04:00:00,3741.0,3747.0,3673.0,3696.0,22113717.58472575
2025-02-13 08:00:00,3696.0,3716.0,3658.0,3694.0,19541881.20969628
2025-02-13 12:00:00,3695.0,3740.0,3670.0,3707.0,29468482.05936176
2025-02-13 16:00:00,3707.0,3740.0,3677.0,3719.0,10132467.04935696
2025-02-13 20:00:00,3720.0,3922.0,3718.0,3858.0,75063105.96147716
2025-02-14 00:00:00,3859.0,3898.0,3813.0,3897.0,42282731.72376399
2025-02-14 04:00:00,3897.0,3905.0,3826.0,3889.0,29909120.26257759
2025-02-14 08:00:00,3889.0,4187.0,3886.0,4112.0,156950890.86461294
2025-02-14 12:00:00,4114.0,4133.0,4025.0,4094.0,67169821.29535773
2025-02-14 16:00:00,4094.0,4239.0,4065.0,4178.0,35536066.91070907
2025-02-14 20:00:00,4177.0,4205.0,4060.0,4118.0,32250591.44886393
2025-02-15 00:00:00,4118.0,4263.0,4098.0,4234.0,59754823.28566112
2025-02-15 04:00:00,4234.0,4235.0,4140.0,4169.0,32124694.30727037
2025-02-15 08:00:00,4168.0,4239.0,4168.0,4214.0,25349171.53230194
2025-02-15 12:00:00,4214.0,4250.0,4170.0,4195.0,29280320.67927315
2025-02-15 16:00:00,4194.0,4200.0,4142.0,4151.0,11456198.8029884
2025-02-15 20:00:00,4151.0,4181.0,4110.0,4172.0,15175692.60999918
2025-02-16 00:00:00,4174.0,4220.0,4158.0,4192.0,22657342.69476269
2025-02-16 04:00:00,4193.0,4219.0,4158.0,4168.0,16156121.63207238
2025-02-16 08:00:00,4167.0,4190.0,4128.0,4162.0,22183576.47454581
2025-02-16 12:00:00,4162.0,4165.0,4085.0,4111.0,28209847.38177977
2025-02-16 16:00:00,4111.0,4130.0,4070.0,4115.0,7958540.14250956
2025-02-16 20:00:00,4115.0,4175.0,4110.0,4131.0,14320237.23203907
2025-02-17 00:00:00,4132.0,4160.0,4072.0,4095.0,23236857.82277114
2025-02-17 04:00:00,4094.0,4100.0,3981.0,4005.0,48340137.00513037
2025-02-17 08:00:00,4007.0,4071.0,3989.0,4030.0,24102794.6597701
2025-02-17 12:00:00,4026.0,4110.0,4000.0,4004.0,25155758.97308877
2025-02-17 16:00:00,4005.0,4015.0,3946.0,4003.0,20706241.84135106
2025-02-17 20:00:00,4003.0,4045.0,3988.0,4008.0,11121790.33980319
2025-02-18 00:00:00,4009.0,4020.0,3953.0,4007.0,22184057.34041523
2025-02-18 04:00:00,4006.0,4016.0,3836.0,3871.0,66307944.62892702
2025-02-18 08:00:00,3871.0,3931.0,3846.0,3875.0,27510032.57597454
2025-02-18 12:00:00,3876.0,3954.0,3815.0,3834.0,31331964.80316133
2025-02-18 16:00:00,3837.0,3853.0,3736.0,3787.0,38374029.53193811
2025-02-18 20:00:00,3787.0,3862.0,3765.0,3853.0,19418758.86395613
2025-02-19 00:00:00,3852.0,3874.0,3773.0,3827.0,33919861.27142378
2025-02-19 04:00:00,3827.0,3835.0,3764.0,3819.0,25496449.76147268
2025-02-19 08:00:00,3819.0,3930.0,3797.0,3903.0,33608809.29139487
2025-02-19 12:00:00,3902.0,3920.0,3852.0,3894.0,35335009.66772533
2025-02-19 16:00:00,3895.0,4009.0,3892.0,3973.0,27709552.98535652
2025-02-19 20:00:00,3973.0,4105.0,3968.0,4088.0,38384145.19204049
2025-02-20 00:00:00,4088.0,4104.0,3985.0,4022.0,45942454.98191836
2025-02-20 04:00:00,4022.0,4054.0,3968.0,3989.0,25482528.85903927
2025-02-20 08:00:00,3989.0,4027.0,3981.0,3985.0,16610052.46119467
2025-02-20 12:00:00,3985.0,4070.0,3972.0,3975.0,29510716.2316883
2025-02-20 16:00:00,3973.0,4037.0,3971.0,4008.0,7717073.03692789
2025-02-20 20:00:00,4008.0,4013.0,3962.0,3981.0,15670019.21430322
2025-02-21 00:00:00,3981.0,4000.0,3900.0,3902.0,27887137.78579935
2025-02-21 04:00:00,3902.0,3944.0,3900.0,3921.0,15433816.95894887
2025-02-21 08:00:00,3922.0,3968.0,3901.0,3904.0,20782915.97500515
2025-02-21 12:00:00,3904.0,3995.0,3810.0,3864.0,54505608.65453722
2025-02-21 16:00:00,3865.0,3898.0,3731.0,3758.0,41260427.19989244
2025-02-21 20:00:00,3760.0,3830.0,3745.0,3816.0,28766120.22754856
2025-02-22 00:00:00,3816.0,3855.0,3777.0,3794.0,29509643.15034077
2025-02-22 04:00:00,3793.0,3833.0,3787.0,3814.0,12416142.77040073
2025-02-22 08:00:00,3813.0,3826.0,3791.0,3818.0,11228208.14548448
2025-02-22 12:00:00,3819.0,3835.0,3801.0,3817.0,9990908.76736409
2025-02-22 16:00:00,3817.0,3839.0,3807.0,3809.0,5366745.37523812
2025-02-22 20:00:00,3809.0,3812.0,3794.0,3796.0,6998459.68763103
2025-02-23 00:00:00,3796.0,3800.0,3750.0,3763.0,24908865.90684301
2025-02-23 04:00:00,3763.0,3830.0,3757.0,3811.0,14485934.79759093
2025-02-23 08:00:00,3812.0,3815.0,3772.0,3778.0,11021111.06405102
2025-02-23 12:00:00,3778.0,3783.0,3704.0,3708.0,27034139.79967486
2025-02-23 16:00:00,3708.0,3762.0,3702.0,3749.0,7705056.85274371
2025-02-23 20:00:00,3750.0,3789.0,3739.0,3779.0,9776401.76724482
2025-02-24 00:00:00,3779.0,3820.0,3611.0,3637.0,58630312.4589338
2025-02-24 04:00:00,3637.0,3658.0,3571.0,3630.0,58587189.42388908
2025-02-24 08:00:00,3630.0,3640.0,3563.0,3632.0,41659407.22106174
2025-02-24 12:00:00,3632.0,3647.0,3501.0,3536.0,60776478.46838984
2025-02-24 16:00:00,3536.0,3603.0,3480.0,3503.0,30074065.78584492
2025-02-24 20:00:00,3503.0,3554.0,3251.0,3294.0,164406699.75547624
2025-02-25 00:00:00,3294.0,3417.0,3185.0,3327.0,164736491.52282006
2025-02-25 04:00:00,3327.0,3343.0,3034.0,3115.0,194445037.57812113
2025-02-25 08:00:00,3116.0,3199.0,2986.0,3166.0,241569247.09131268
2025-02-25 12:00:00,3166.0,3325.0,3128.0,3205.0,196875656.07994145
2025-02-25 16:00:00,3206.0,3274.0,3155.0,3272.0,37630252.15239555
2025-02-25 20:00:00,3272.0,3450.0,3248.0,3391.0,77780443.82045116
2025-02-26 00:00:00,3391.0,3408.0,3290.0,3351.0,65518640.40144642
2025-02-26 04:00:00,3350.0,3372.0,3297.0,3319.0,28774316.42084614
2025-02-26 08:00:00,3319.0,3362.0,3290.0,3313.0,28533160.37650145
2025-02-26 12:00:00,3315.0,3344.0,3195.0,3306.0,87043819.50586243
2025-02-26 16:00:00,3306.0,3318.0,3151.0,3187.0,47115379.72597049
2025-02-26 20:00:00,3187.0,3264.0,3157.0,3205.0,48890242.21048372
2025-02-27 00:00:00,3205.0,3229.0,3141.0,3207.0,60742729.79604357
2025-02-27 04:00:00,3207.0,3272.0,3171.0,3248.0,44418062.00221537
2025-02-27 08:00:00,3248.0,3305.0,3214.0,3277.0,36528995.76547054
2025-02-27 12:00:00,3277.0,3285.0,3171.0,3213.0,47588906.61131536
2025-02-27 16:00:00,3216.0,3270.0,3185.0,3211.0,14998356.59225236
2025-02-27 20:00:00,3211.0,3235.0,3152.0,3222.0,28374858.96228901
2025-02-28 00:00:00,3223.0,3228.0,2992.0,2993.0,154266217.15441206
2025-02-28 04:00:00,2994.0,3030.0,2959.0,2980.0,111935088.5538757
2025-02-28 08:00:00,2981.0,3053.0,2914.0,3022.0,92086525.96507306
2025-02-28 12:00:00,3022.0,3208.0,2987.0,3179.0,117999459.51203258
2025-02-28 16:00:00,3179.0,3197.0,3118.0,3174.0,30150970.18162355
2025-02-28 20:00:00,3176.0,3186.0,3138.0,3163.0,19425659.98504555
2025-03-01 00:00:00,3163.0,3286.0,3121.0,3247.0,70888531.7980462
2025-03-01 04:00:00,3246.0,3303.0,3197.0,3205.0,42157088.76181849
2025-03-01 08:00:00,3206.0,3257.0,3172.0,3208.0,32734113.84734589
2025-03-01 12:00:00,3208.0,3225.0,3158.0,3202.0,25178925.50588646
2025-03-01 16:00:00,3201.0,3231.0,3179.0,3224.0,7817832.14681658
2025-03-01 20:00:00,3224.0,3285.0,3213.0,3263.0,21477143.59705126
2025-03-02 00:00:00,3263.0,3378.0,3232.0,3358.0,59562865.26014312
2025-03-02 04:00:00,3358.0,3418.0,3340.0,3389.0,33578481.38105061
2025-03-02 08:00:00,3388.0,3404.0,3350.0,3394.0,26447726.90433231
2025-03-02 12:00:00,3394.0,4006.0,3302.0,3864.0,221117201.43587804
2025-03-02 16:00:00,3864.0,4440.0,3862.0,4267.0,409663675.5139615
2025-03-02 20:00:00,4267.0,4465.0,4214.0,4440.0,130027141.02813762
2025-03-03 00:00:00,4439.0,4488.0,4113.0,4178.0,184395872.97250035
2025-03-03 04:00:00,4178.0,4218.0,3916.0,4027.0,121720142.31424157
2025-03-03 08:00:00,4027.0,4036.0,3781.0,3954.0,154663414.4249475
2025-03-03 12:00:00,3953.0,4097.0,3874.0,3927.0,114469070.071389
2025-03-03 16:00:00,3925.0,3979.0,3561.0,3565.0,93698197.8437591
2025-03-03 20:00:00,3565.0,3668.0,3452.0,3602.0,117977346.5789228
2025-03-04 00:00:00,3602.0,3668.0,3338.0,3463.0,183707139.7774206
2025-03-04 04:00:00,3464.0,3593.0,3449.0,3498.0,79237105.371248
2025-03-04 08:00:00,3498.0,3659.0,3477.0,3570.0,80058603.85972437
2025-03-04 12:00:00,3570.0,3812.0,3450.0,3630.0,192191170.6003515
2025-03-04 16:00:00,3629.0,3783.0,3511.0,3743.0,87066494.29083946
2025-03-04 20:00:00,3742.0,3800.0,3633.0,3668.0,59180610.3803872
2025-03-05 00:00:00,3668.0,3799.0,3628.0,3659.0,83223647.72046763
2025-03-05 04:00:00,3657.0,3689.0,3606.0,3675.0,44546315.72372355
2025-03-05 08:00:00,3674.0,3802.0,3672.0,3718.0,63395638.57579184
2025-03-05 12:00:00,3718.0,3762.0,3637.0,3666.0,57421689.69823233
2025-03-05 16:00:00,3666.0,3751.0,3645.0,3724.0,18551560.98326904
2025-03-05 20:00:00,3721.0,3747.0,3712.0,3723.0,15827114.71359545
2025-03-06 00:00:00,3723.0,3792.0,3677.0,3742.0,40052238.96270939
2025-03-06 04:00:00,3743.0,3787.0,3723.0,3740.0,30866624.52209191
2025-03-06 08:00:00,3740.0,3933.0,3737.0,3876.0,95374616.12131514
2025-03-06 12:00:00,3876.0,3920.0,3800.0,3895.0,85490230.06485014
2025-03-06 16:00:00,3893.0,3916.0,3777.0,3853.0,30614161.36207849
2025-03-06 20:00:00,3852.0,3904.0,3845.0,3866.0,24894403.30652568
2025-03-07 00:00:00,3865.0,3906.0,3566.0,3682.0,171491271.58859646
2025-03-07 04:00:00,3681.0,3740.0,3680.0,3728.0,27445086.92009349
2025-03-07 08:00:00,3729.0,3829.0,3715.0,3765.0,42301731.28731122
2025-03-07 12:00:00,3765.0,3798.0,3706.0,3735.0,72294420.71783563
2025-03-07 16:00:00,3733.0,3756.0,3568.0,3688.0,83947989.63532403
2025-03-07 20:00:00,3688.0,3777.0,3506.0,3559.0,89722241.83518787
2025-03-08 00:00:00,3559.0,3601.0,3466.0,3485.0,69474516.54138663
2025-03-08 04:00:00,3485.0,3538.0,3467.0,3525.0,26763111.14168724
2025-03-08 08:00:00,3523.0,3531.0,3429.0,3448.0,38423623.97245871
2025-03-08 12:00:00,3449.0,3525.0,3434.0,3505.0,28104074.57296905
2025-03-08 16:00:00,3506.0,3517.0,3457.0,3514.0,12653379.60995252
2025-03-08 20:00:00,3514.0,3524.0,3454.0,3472.0,13394992.57841148
2025-03-09 00:00:00,3474.0,3502.0,3440.0,3461.0,24798853.92188552
2025-03-09 04:00:00,3461.0,3488.0,3447.0,3479.0,15456111.25190267
2025-03-09 08:00:00,3479.0,3480.0,3327.0,3355.0,72598856.15646401
2025-03-09 12:00:00,3355.0,3361.0,3218.0,3265.0,100219039.56337045
2025-03-09 16:00:00,3266.0,3282.0,3130.0,3240.0,78285517.92408495
2025-03-09 20:00:00,3240.0,3300.0,3174.0,3207.0,58191968.83648943
2025-03-10 00:00:00,3207.0,3292.0,3100.0,3243.0,104295058.23025677
2025-03-10 04:00:00,3242.0,3281.0,3211.0,3247.0,32127485.7285167
2025-03-10 08:00:00,3247.0,3364.0,3164.0,3291.0,102060455.85863458
2025-03-10 12:00:00,3291.0,3309.0,3100.0,3162.0,107397847.68538266
2025-03-10 16:00:00,3162.0,3176.0,3000.0,3110.0,88612879.56085011
2025-03-10 20:00:00,3110.0,3130.0,3014.0,3025.0,56029091.4426584
2025-03-11 00:00:00,3024.0,3094.0,2853.0,3052.0,217992319.39645046
2025-03-11 04:00:00,3052.0,3176.0,3046.0,3125.0,72590949.03600018
2025-03-11 08:00:00,3123.0,3217.0,3114.0,3208.0,57379675.19858153
2025-03-11 12:00:00,3208.0,3214.0,3053.0,3167.0,123053523.125027
2025-03-11 16:00:00,3167.0,3284.0,3091.0,3279.0,42200274.85881435
2025-03-11 20:00:00,3278.0,3283.0,3207.0,3226.0,37530817.82339916
2025-03-12 00:00:00,3226.0,3347.0,3205.0,3215.0,86417064.56972358
2025-03-12 04:00:00,3216.0,3258.0,3185.0,3252.0,54161938.5846114
2025-03-12 08:00:00,3253.0,3315.0,3222.0,3287.0,49593869.98893297
2025-03-12 12:00:00,3288.0,3378.0,3185.0,3277.0,118883529.32874483
2025-03-12 16:00:00,3277.0,3344.0,3253.0,3321.0,33350698.90401096
2025-03-12 20:00:00,3322.0,3328.0,3280.0,3314.0,19862416.65531096
2025-03-13 00:00:00,3314.0,3333.0,3292.0,3313.0,31874032.49985959
2025-03-13 04:00:00,3313.0,3327.0,3284.0,3306.0,29197415.7492255
2025-03-13 08:00:00,3305.0,3378.0,3285.0,3376.0,45250621.1325846
2025-03-13 12:00:00,3375.0,3477.0,3364.0,3393.0,116256824.31538121
2025-03-13 16:00:00,3393.0,3423.0,3297.0,3326.0,35967463.8467336
2025-03-13 20:00:00,3327.0,3370.0,3301.0,3336.0,23350566.26971854
2025-03-14 00:00:00,3336.0,3399.0,3312.0,3383.0,28054561.71804914
2025-03-14 04:00:00,3384.0,3412.0,3370.0,3388.0,22273986.6986797
2025-03-14 08:00:00,3389.0,3439.0,3384.0,3421.0,27443163.16733962
2025-03-14 12:00:00,3421.0,3514.0,3387.0,3476.0,62883287.48902943
2025-03-14 16:00:00,3475.0,3490.0,3447.0,3472.0,16562214.92629686
2025-03-14 20:00:00,3470.0,3492.0,3442.0,3473.0,15571329.59119049
2025-03-15 00:00:00,3473.0,3581.0,3466.0,3575.0,42289940.07884934
2025-03-15 04:00:00,3576.0,3649.0,3489.0,3526.0,77573364.04310876
2025-03-15 08:00:00,3525.0,3583.0,3514.0,3581.0,27677279.2414353
2025-03-15 12:00:00,3581.0,3616.0,3553.0,3575.0,29948354.77979031
2025-03-15 16:00:00,3573.0,3576.0,3530.0,3540.0,9718715.89039303
2025-03-15 20:00:00,3539.0,3561.0,3501.0,3517.0,14975884.52922236
2025-03-16 00:00:00,3518.0,3550.0,3470.0,3508.0,38473392.36984567
2025-03-16 04:00:00,3508.0,3527.0,3485.0,3497.0,17860099.46945935
2025-03-16 08:00:00,3498.0,3505.0,3367.0,3390.0,63103817.11543736
2025-03-16 12:00:00,3389.0,3423.0,3346.0,3388.0,48739091.22667967
2025-03-16 16:00:00,3388.0,3459.0,3370.0,3383.0,19686221.65131768
2025-03-16 20:00:00,3385.0,3422.0,3366.0,3379.0,15881044.97043203
2025-03-17 00:00:00,3379.0,3457.0,3375.0,3453.0,27234659.65562966
2025-03-17 04:00:00,3453.0,3473.0,3388.0,3424.0,26486349.00251819
2025-03-17 08:00:00,3425.0,3448.0,3403.0,3427.0,16158291.56549987
2025-03-17 12:00:00,3427.0,3458.0,3391.0,3431.0,27861639.22788638
2025-03-17 16:00:00,3431.0,3471.0,3415.0,3446.0,10933717.48621211
2025-03-17 20:00:00,3446.0,3447.0,3419.0,3421.0,9227041.57801833
2025-03-18 00:00:00,3422.0,3425.0,3338.0,3354.0,43724264.90082118
2025-03-18 04:00:00,3356.0,3374.0,3291.0,3359.0,41415188.68397691
2025-03-18 08:00:00,3358.0,3377.0,3316.0,3322.0,20485480.81066665
2025-03-18 12:00:00,3322.0,3330.0,3278.0,3296.0,34432324.15096029
2025-03-18 16:00:00,3296.0,3330.0,3278.0,3323.0,10252761.1589141
2025-03-18 20:00:00,3326.0,3366.0,3305.0,3348.0,13580803.58044646
2025-03-19 00:00:00,3348.0,3380.0,3314.0,3358.0,23342598.0797626
2025-03-19 04:00:00,3358.0,3369.0,3340.0,3357.0,12431611.31035746
2025-03-19 08:00:00,3358.0,3448.0,3356.0,3431.0,34066990.49506165
2025-03-19 12:00:00,3432.0,3808.0,3398.0,3751.0,332465524.1356576
2025-03-19 16:00:00,3751.0,3764.0,3605.0,3647.0,69068858.55776969
2025-03-19 20:00:00,3647.0,3750.0,3630.0,3730.0,44713150.1612539
2025-03-20 00:00:00,3729.0,3751.0,3636.0,3643.0,61674428.2150341
2025-03-20 04:00:00,3642.0,3646.0,3564.0,3625.0,51142609.33209189
2025-03-20 08:00:00,3626.0,3704.0,3625.0,3663.0,48612195.15631484
2025-03-20 12:00:00,3666.0,3717.0,3604.0,3608.0,48618330.67896811
2025-03-20 16:00:00,3608.0,3631.0,3540.0,3598.0,28438626.94265068
2025-03-20 20:00:00,3599.0,3625.0,3562.0,3591.0,18458009.01437643
2025-03-21 00:00:00,3591.0,3634.0,3565.0,3586.0,35613067.67390064
2025-03-21 04:00:00,3585.0,3601.0,3514.0,3548.0,31509844.46758368
2025-03-21 08:00:00,3549.0,3573.0,3514.0,3536.0,29480661.08435896
2025-03-21 12:00:00,3536.0,3553.0,3490.0,3513.0,30052697.6634792
2025-03-21 16:00:00,3513.0,3579.0,3500.0,3548.0,10463695.74550319
2025-03-21 20:00:00,3548.0,3571.0,3515.0,3528.0,14351221.03939687
2025-03-22 00:00:00,3527.0,3557.0,3511.0,3524.0,19545947.61551449
2025-03-22 04:00:00,3525.0,3557.0,3519.0,3543.0,11108405.2353361
2025-03-22 08:00:00,3543.0,3562.0,3522.0,3532.0,14750303.6871511
2025-03-22 12:00:00,3534.0,3539.0,3498.0,3513.0,15676903.3661169
2025-03-22 16:00:00,3512.0,3530.0,3508.0,3520.0,3951673.0537896
2025-03-22 20:00:00,3520.0,3525.0,3498.0,3510.0,10881112.64367906
2025-03-23 00:00:00,3509.0,3530.0,3498.0,3525.0,13805567.4828512
2025-03-23 04:00:00,3524.0,3546.0,3515.0,3537.0,9956045.16952171
2025-03-23 08:00:00,3538.0,3593.0,3524.0,3560.0,27785983.48090095
2025-03-23 12:00:00,3560.0,3577.0,3540.0,3566.0,15040442.38347668
2025-03-23 16:00:00,3566.0,3575.0,3540.0,3553.0,5755476.66807298
2025-03-23 20:00:00,3553.0,3598.0,3535.0,3594.0,15075566.72829473
2025-03-24 00:00:00,3594.0,3620.0,3563.0,3600.0,29696016.37347843
2025-03-24 04:00:00,3599.0,3639.0,3595.0,3601.0,24617624.12494832
2025-03-24 08:00:00,3601.0,3650.0,3601.0,3631.0,22407496.5332562
2025-03-24 12:00:00,3631.0,3693.0,3610.0,3650.0,32851345.93343304
2025-03-24 16:00:00,3650.0,3653.0,3616.0,3637.0,8396112.68248312
2025-03-24 20:00:00,3636.0,3648.0,3575.0,3606.0,19714166.96452701
2025-03-25 00:00:00,3606.0,3629.0,3557.0,3563.0,25148721.37689465
2025-03-25 04:00:00,3563.0,3595.0,3553.0,3576.0,12653498.48219328
2025-03-25 08:00:00,3577.0,3619.0,3574.0,3614.0,13204326.94639978
2025-03-25 12:00:00,3615.0,3625.0,3588.0,3597.0,19919704.21494136
2025-03-25 16:00:00,3598.0,3646.0,3579.0,3615.0,16183897.79106556
2025-03-25 20:00:00,3615.0,3632.0,3592.0,3607.0,10825130.1462876
2025-03-26 00:00:00,3607.0,3649.0,3597.0,3601.0,23797207.45710782
2025-03-26 04:00:00,3601.0,3638.0,3600.0,3630.0,12238881.8401465
2025-03-26 08:00:00,3631.0,3639.0,3617.0,3623.0,13802169.35581974
2025-03-26 12:00:00,3623.0,3627.0,3547.0,3559.0,36348542.72905303
2025-03-26 16:00:00,3560.0,3570.0,3500.0,3513.0,16014747.25001537
2025-03-26 20:00:00,3513.0,3538.0,3448.0,3481.0,33470975.71539645
2025-03-27 00:00:00,3480.0,3529.0,3468.0,3509.0,20161873.70444753
2025-03-27 04:00:00,3509.0,3515.0,3474.0,3490.0,15992292.64121378
2025-03-27 08:00:00,3490.0,3510.0,3458.0,3463.0,13557628.32856536
2025-03-27 12:00:00,3463.0,3496.0,3408.0,3457.0,37921605.98022843
2025-03-27 16:00:00,3456.0,3478.0,3429.0,3458.0,6767110.52990006
2025-03-27 20:00:00,3459.0,3483.0,3445.0,3452.0,9531023.0497047
2025-03-28 00:00:00,3454.0,3457.0,3402.0,3415.0,26521860.1776975
2025-03-28 04:00:00,3414.0,3418.0,3281.0,3285.0,56393099.65112983
2025-03-28 08:00:00,3284.0,3323.0,3255.0,3315.0,42984284.27530484
2025-03-28 12:00:00,3313.0,3343.0,3241.0,3245.0,39667271.12300125
2025-03-28 16:00:00,3244.0,3264.0,3216.0,3248.0,15179049.95951808
2025-03-28 20:00:00,3248.0,3302.0,3221.0,3292.0,14209946.54317039
2025-03-29 00:00:00,3291.0,3318.0,3167.0,3233.0,48451291.67225506
2025-03-29 04:00:00,3233.0,3249.0,3147.0,3157.0,35220000.98102476
2025-03-29 08:00:00,3157.0,3187.0,3067.0,3100.0,66665288.5067878
2025-03-29 12:00:00,3100.0,3194.0,3100.0,3144.0,41842685.16672975
2025-03-29 16:00:00,3144.0,3187.0,3100.0,3179.0,15803886.76990652
2025-03-29 20:00:00,3180.0,3198.0,3140.0,3185.0,11215027.34198577
2025-03-30 00:00:00,3186.0,3312.0,3161.0,3263.0,45672294.01192839
2025-03-30 04:00:00,3262.0,3278.0,3222.0,3245.0,20355115.79887076
2025-03-30 08:00:00,3246.0,3278.0,3221.0,3235.0,17184217.82976014
2025-03-30 12:00:00,3235.0,3248.0,3167.0,3196.0,25675958.06774212
2025-03-30 16:00:00,3196.0,3247.0,3167.0,3206.0,8184824.33698538
2025-03-30 20:00:00,3206.0,3241.0,3160.0,3190.0,18710160.53352526
2025-03-31 00:00:00,3192.0,3200.0,3095.0,3100.0,46295369.78976725
2025-03-31 04:00:00,3099.0,3142.0,3059.0,3078.0,38585536.07983336
2025-03-31 08:00:00,3078.0,3115.0,3022.0,3099.0,50875584.49103097
2025-03-31 12:00:00,3099.0,3190.0,3076.0,3155.0,53012508.25543501
2025-03-31 16:00:00,3155.0,3175.0,3145.0,3146.0,3811278.16840826
2025-03-31 20:00:00,3145.0,3145.0,3096.0,3116.0,11186738.78499098
2025-04-01 00:00:00,3117.0,3147.0,3072.0,3116.0,26524175.53918324
2025-04-01 04:00:00,3119.0,3145.0,3106.0,3112.0,20130015.9537313
2025-04-01 08:00:00,3113.0,3269.0,3111.0,3173.0,67762634.44628419
2025-04-01 12:00:00,3173.0,3238.0,3123.0,3199.0,43799452.33963198
2025-04-01 16:00:00,3200.0,3215.0,3155.0,3178.0,10701424.95265454
2025-04-01 20:00:00,3178.0,3199.0,3158.0,3178.0,10925062.57840806
2025-04-02 00:00:00,3180.0,3183.0,3093.0,3115.0,30535115.18964377
2025-04-02 04:00:00,3115.0,3134.0,3071.0,3128.0,28564316.96158865
2025-04-02 08:00:00,3130.0,3165.0,3108.0,3126.0,19548250.39937969
2025-04-02 12:00:00,3126.0,3242.0,3111.0,3211.0,37124117.53275768
2025-04-02 16:00:00,3213.0,3224.0,3153.0,3194.0,16160128.6495155
2025-04-02 20:00:00,3198.0,3289.0,2955.0,3010.0,138782383.41388038
2025-04-03 00:00:00,3010.0,3085.0,2989.0,3060.0,38578465.08108985
2025-04-03 04:00:00,3061.0,3086.0,3018.0,3048.0,22457809.15068066
2025-04-03 08:00:00,3048.0,3056.0,2989.0,3015.0,28166229.81898989
2025-04-03 12:00:00,3015.0,3029.0,2922.0,2980.0,75087017.8212621
2025-04-03 16:00:00,2981.0,3076.0,2960.0,3043.0,17076124.90612278
2025-04-03 20:00:00,3046.0,3070.0,3019.0,3056.0,18977749.74983028
2025-04-04 00:00:00,3056.0,3068.0,3004.0,3016.0,29862299.35151093
2025-04-04 04:00:00,3015.0,3081.0,3002.0,3073.0,22970552.20616429
2025-04-04 08:00:00,3074.0,3095.0,2994.0,3037.0,39370402.23290704
2025-04-04 12:00:00,3037.0,3189.0,3022.0,3137.0,76583377.86854976
2025-04-04 16:00:00,3137.0,3162.0,3102.0,3133.0,18034934.61736603
2025-04-04 20:00:00,3135.0,3165.0,3114.0,3130.0,15196288.57095607
2025-04-05 00:00:00,3131.0,3156.0,3117.0,3120.0,13568365.65304706
2025-04-05 04:00:00,3120.0,3153.0,3120.0,3149.0,9909798.52952508
2025-04-05 08:00:00,3149.0,3201.0,3140.0,3186.0,20380168.12892773
2025-04-05 12:00:00,3185.0,3209.0,3136.0,3146.0,26702283.4938946
2025-04-05 16:00:00,3145.0,3165.0,3134.0,3138.0,3634499.55727329
2025-04-05 20:00:00,3138.0,3169.0,3135.0,3166.0,5131923.76027107
2025-04-06 00:00:00,3166.0,3185.0,3141.0,3149.0,13717420.12982568
2025-04-06 04:00:00,3149.0,3160.0,3087.0,3101.0,17522254.50321702
2025-04-06 08:00:00,3100.0,3113.0,3076.0,3080.0,16693166.6275751
2025-04-06 12:00:00,3085.0,3097.0,3030.0,3070.0,26832642.91032199
2025-04-06 16:00:00,3068.0,3074.0,2964.0,2987.0,36484437.84313631
2025-04-06 20:00:00,2987.0,2998.0,2800.0,2880.0,144293912.8452892
2025-04-07 00:00:00,2881.0,2936.0,2701.0,2737.0,146949685.2111469
2025-04-07 04:00:00,2737.0,2760.0,2426.0,2527.0,338562889.98843867
2025-04-07 08:00:00,2526.0,2714.0,2521.0,2642.0,185013405.98433185
2025-04-07 12:00:00,2642.0,2990.0,2613.0,2796.0,323503620.4892976
2025-04-07 16:00:00,2795.0,2860.0,2745.0,2816.0,45861782.27044828
2025-04-07 20:00:00,2816.0,2905.0,2816.0,2829.0,57805762.74311743
2025-04-08 00:00:00,2829.0,2879.0,2764.0,2836.0,65117678.28060889
2025-04-08 04:00:00,2835.0,2856.0,2752.0,2787.0,39173009.74581901
2025-04-08 08:00:00,2786.0,2939.0,2766.0,2923.0,50678593.54230389
2025-04-08 12:00:00,2923.0,2942.0,2830.0,2852.0,93756543.95439358
2025-04-08 16:00:00,2852.0,2858.0,2713.0,2738.0,53946169.04034094
2025-04-08 20:00:00,2738.0,2766.0,2666.0,2694.0,52484842.82729756
2025-04-09 00:00:00,2694.0,2727.0,2595.0,2630.0,99582959.15303674
2025-04-09 04:00:00,2630.0,2766.0,2622.0,2751.0,65130259.38871773
2025-04-09 08:00:00,2751.0,2769.0,2650.0,2682.0,56466729.28542868
2025-04-09 12:00:00,2680.0,2792.0,2654.0,2738.0,67689484.07884626
2025-04-09 16:00:00,2738.0,3082.0,2731.0,2999.0,143765086.66530585
2025-04-09 20:00:00,2999.0,3074.0,2991.0,3016.0,68562332.95350814
2025-04-10 00:00:00,3016.0,3024.0,2911.0,2957.0,70752179.74738836
2025-04-10 04:00:00,2956.0,2982.0,2920.0,2946.0,32918968.25031033
2025-04-10 08:00:00,2946.0,2982.0,2934.0,2961.0,22970704.36672298
2025-04-10 12:00:00,2961.0,3017.0,2861.0,2873.0,78308271.55368815
2025-04-10 16:00:00,2873.0,2925.0,2856.0,2909.0,25315617.15116005
2025-04-10 20:00:00,2909.0,2956.0,2901.0,2909.0,20047604.60781448
2025-04-11 00:00:00,2908.0,2960.0,2879.0,2952.0,33132625.68154603
2025-04-11 04:00:00,2952.0,2972.0,2942.0,2957.0,22245401.24374381
2025-04-11 08:00:00,2957.0,2980.0,2938.0,2951.0,28977453.14528654
2025-04-11 12:00:00,2951.0,2967.0,2906.0,2924.0,32066699.49113236
2025-04-11 16:00:00,2925.0,2996.0,2916.0,2966.0,16032839.83641396
2025-04-11 20:00:00,2967.0,2978.0,2936.0,2944.0,11153928.76396131
2025-04-12 00:00:00,2944.0,2953.0,2925.0,2931.0,14543344.58580137
2025-04-12 04:00:00,2933.0,2985.0,2927.0,2980.0,16093330.79330756
2025-04-12 08:00:00,2981.0,3010.0,2979.0,2995.0,24532045.88535102
2025-04-12 12:00:00,2995.0,3170.0,2992.0,3114.0,86570852.53151354
2025-04-12 16:00:00,3114.0,3127.0,3068.0,3091.0,17920877.16236224
2025-04-12 20:00:00,3091.0,3133.0,3088.0,3125.0,15132894.84900253
2025-04-13 00:00:00,3125.0,3145.0,3103.0,3126.0,30209443.64248763
2025-04-13 04:00:00,3126.0,3130.0,3089.0,3115.0,17045364.71118198
2025-04-13 08:00:00,3115.0,3259.0,3103.0,3197.0,67095041.17451968
2025-04-13 12:00:00,3197.0,3206.0,3102.0,3122.0,40927994.2870535
2025-04-13 16:00:00,3121.0,3161.0,3066.0,3089.0,18844793.38121003
2025-04-13 20:00:00,3090.0,3120.0,3023.0,3078.0,29055101.97913751
2025-04-14 00:00:00,3078.0,3155.0,3069.0,3112.0,32797048.07434087
2025-04-14 04:00:00,3112.0,3128.0,3056.0,3090.0,24370337.39885886
2025-04-14 08:00:00,3090.0,3119.0,3072.0,3118.0,21158518.22870998
2025-04-14 12:00:00,3118.0,3145.0,3071.0,3078.0,34335122.82960956
2025-04-14 16:00:00,3078.0,3131.0,3063.0,3113.0,10535364.07418858
2025-04-14 20:00:00,3113.0,3122.0,3082.0,3085.0,12604970.1213479
2025-04-15 00:00:00,3088.0,3117.0,3075.0,3114.0,21118356.16461718
2025-04-15 04:00:00,3111.0,3119.0,3092.0,3113.0,13171466.86849211
2025-04-15 08:00:00,3113.0,3166.0,3110.0,3125.0,26793582.11988992
2025-04-15 12:00:00,3123.0,3165.0,3096.0,3103.0,28742695.06122403
2025-04-15 16:00:00,3107.0,3116.0,3070.0,3090.0,11248245.45301122
2025-04-15 20:00:00,3091.0,3104.0,3046.0,3047.0,20484402.6630618
2025-04-16 00:00:00,3046.0,3062.0,3015.0,3034.0,29432651.99124484
2025-04-16 04:00:00,3034.0,3042.0,2981.0,2992.0,30820312.41669057
2025-04-16 08:00:00,2993.0,3036.0,2966.0,3033.0,31053205.03639319
2025-04-16 12:00:00,3033.0,3071.0,3001.0,3035.0,25709494.9601214
2025-04-16 16:00:00,3035.0,3079.0,2981.0,3050.0,21199346.92377932
2025-04-16 20:00:00,3050.0,3067.0,3012.0,3019.0,17881541.10255775
2025-04-17 00:00:00,3020.0,3030.0,2991.0,3000.0,22069683.86803641
2025-04-17 04:00:00,2999.0,3045.0,2993.0,3026.0,14162524.90917135
2025-04-17 08:00:00,3025.0,3045.0,3019.0,3038.0,10012166.60217834
2025-04-17 12:00:00,3038.0,3054.0,2986.0,2995.0,25806914.65510923
2025-04-17 16:00:00,2994.0,3034.0,2974.0,2995.0,14379303.76139422
2025-04-17 20:00:00,2993.0,3010.0,2983.0,2985.0,13509645.77879751
2025-04-18 00:00:00,2987.0,2992.0,2953.0,2976.0,27709503.12442295
2025-04-18 04:00:00,2975.0,2996.0,2965.0,2992.0,12309172.21010996
2025-04-18 08:00:00,2992.0,3011.0,2991.0,3008.0,11984638.01258063
2025-04-18 12:00:00,3009.0,3017.0,2983.0,2985.0,12848749.33102701
2025-04-18 16:00:00,2985.0,3023.0,2982.0,3011.0,5603120.11566216
2025-04-18 20:00:00,3009.0,3018.0,2982.0,2984.0,8961273.81067968
2025-04-19 00:00:00,2985.0,3014.0,2983.0,3012.0,11638462.35669813
2025-04-19 04:00:00,3010.0,3025.0,3003.0,3018.0,9098640.11067913
2025-04-19 08:00:00,3018.0,3025.0,3005.0,3009.0,8815639.45200075
2025-04-19 12:00:00,3007.0,3018.0,3000.0,3002.0,9080644.27862934
2025-04-19 16:00:00,3002.0,3021.0,2990.0,3006.0,6760825.82685321
2025-04-19 20:00:00,3006.0,3016.0,3002.0,3009.0,4803911.05462737
2025-04-20 00:00:00,3009.0,3018.0,3004.0,3008.0,7199519.2159117
2025-04-20 04:00:00,3008.0,3011.0,2986.0,2994.0,10920072.49193382
2025-04-20 08:00:00,2994.0,2997.0,2951.0,2955.0,21253612.78605625
2025-04-20 12:00:00,2955.0,2979.0,2953.0,2967.0,10814529.498928
2025-04-20 16:00:00,2967.0,3009.0,2960.0,3002.0,5013315.3878702
2025-04-20 20:00:00,3003.0,3013.0,2976.0,2994.0,9635864.42279789
2025-04-21 00:00:00,2994.0,3050.0,2990.0,3021.0,34191862.32984307
2025-04-21 04:00:00,3021.0,3062.0,3020.0,3043.0,15635224.79169112
2025-04-21 08:00:00,3043.0,3062.0,3027.0,3037.0,16534412.85371974
2025-04-21 12:00:00,3037.0,3061.0,3024.0,3035.0,15632380.35783744
2025-04-21 16:00:00,3033.0,3039.0,2970.0,3003.0,20272638.88668692
2025-04-21 20:00:00,3003.0,3008.0,2985.0,3006.0,9939813.95507588
2025-04-22 00:00:00,3006.0,3025.0,2980.0,2999.0,20135840.61833882
2025-04-22 04:00:00,2999.0,3016.0,2984.0,3008.0,13870900.50107939
2025-04-22 08:00:00,3008.0,3027.0,3006.0,3022.0,13385654.26807977
2025-04-22 12:00:00,3021.0,3142.0,3013.0,3094.0,55935171.40163193
2025-04-22 16:00:00,3094.0,3107.0,3073.0,3090.0,11574324.62788
2025-04-22 20:00:00,3089.0,3217.0,3081.0,3170.0,52942498.21598846
2025-04-23 00:00:00,3168.0,3200.0,3146.0,3196.0,42402867.42179489
2025-04-23 04:00:00,3196.0,3240.0,3178.0,3231.0,28793102.89466467
2025-04-23 08:00:00,3231.0,3296.0,3225.0,3236.0,43722370.9541032
2025-04-23 12:00:00,3236.0,3290.0,3143.0,3193.0,54475506.54946941
2025-04-23 16:00:00,3192.0,3220.0,3156.0,3186.0,11536290.17080528
2025-04-23 20:00:00,3185.0,3199.0,3165.0,3180.0,12266224.21565305
2025-04-24 00:00:00,3181.0,3186.0,3111.0,3119.0,25725975.66138408
2025-04-24 04:00:00,3118.0,3142.0,3086.0,3095.0,23212957.65664753
2025-04-24 08:00:00,3096.0,3114.0,3055.0,3106.0,25182482.79269709
2025-04-24 12:00:00,3106.0,3206.0,3099.0,3174.0,38492422.33702473
2025-04-24 16:00:00,3174.0,3195.0,3139.0,3170.0,10074352.23099127
2025-04-24 20:00:00,3170.0,3179.0,3143.0,3160.0,9988494.50831233
2025-04-25 00:00:00,3160.0,3182.0,3122.0,3140.0,20862997.36249261
2025-04-25 04:00:00,3142.0,3169.0,3135.0,3160.0,13472982.43950016
2025-04-25 08:00:00,3160.0,3179.0,3150.0,3173.0,17365270.02851819
2025-04-25 12:00:00,3173.0,3196.0,3142.0,3176.0,28405921.290623
2025-04-25 16:00:00,3176.0,3185.0,3156.0,3163.0,8113224.8453088
2025-04-25 20:00:00,3164.0,3173.0,3146.0,3149.0,9060361.82804731
2025-04-26 00:00:00,3149.0,3174.0,3145.0,3161.0,13529460.9803175
2025-04-26 04:00:00,3161.0,3235.0,3150.0,3196.0,31626105.54575257
2025-04-26 08:00:00,3195.0,3214.0,3155.0,3164.0,22080267.85858131
2025-04-26 12:00:00,3164.0,3177.0,3152.0,3172.0,10675459.21697195
2025-04-26 16:00:00,3172.0,3180.0,3165.0,3173.0,2934770.23858962
2025-04-26 20:00:00,3173.0,3176.0,3156.0,3160.0,5386024.7973021
2025-04-27 00:00:00,3160.0,3182.0,3129.0,3148.0,21019696.49489757
2025-04-27 04:00:00,3148.0,3152.0,3130.0,3144.0,6644643.73191704
2025-04-27 08:00:00,3143.0,3158.0,3140.0,3154.0,5221183.12109961
2025-04-27 12:00:00,3153.0,3273.0,3140.0,3213.0,73438940.32730156
2025-04-27 16:00:00,3213.0,3288.0,3201.0,3287.0,13061377.34003059
2025-04-27 20:00:00,3287.0,3299.0,3236.0,3243.0,29473957.29706536
2025-04-28 00:00:00,3244.0,3260.0,3203.0,3255.0,28677102.98224054
2025-04-28 04:00:00,3255.0,3368.0,3250.0,3360.0,45251107.27192964
2025-04-28 08:00:00,3360.0,3390.0,3325.0,3339.0,46814208.9493148
2025-04-28 12:00:00,3339.0,3360.0,3254.0,3285.0,35884274.07833262
2025-04-28 16:00:00,3285.0,3310.0,3268.0,3301.0,7291672.61558192
2025-04-28 20:00:00,3302.0,3325.0,3294.0,3303.0,10254891.69691459
2025-04-29 00:00:00,3303.0,3335.0,3287.0,3300.0,18811181.48175081
2025-04-29 04:00:00,3300.0,3307.0,3271.0,3298.0,14489709.72157157
2025-04-29 08:00:00,3299.0,3324.0,3280.0,3301.0,13317016.51275775
2025-04-29 12:00:00,3301.0,3304.0,3269.0,3301.0,12047135.95737291
2025-04-29 16:00:00,3302.0,3315.0,3285.0,3302.0,5204756.38406466
2025-04-29 20:00:00,3300.0,3303.0,3216.0,3235.0,25749494.54848112
2025-04-30 00:00:00,3235.0,3249.0,3210.0,3234.0,16033105.14945539
2025-04-30 04:00:00,3235.0,3244.0,3180.0,3194.0,18378133.47497877
2025-04-30 08:00:00,3193.0,3218.0,3182.0,3218.0,10363388.91730661
2025-04-30 12:00:00,3217.0,3218.0,3070.0,3120.0,56079908.84916973
2025-04-30 16:00:00,3120.0,3190.0,3110.0,3169.0,9142612.16016695
2025-04-30 20:00:00,3169.0,3190.0,3160.0,3163.0,9071986.83335466
2025-05-01 00:00:00,3163.0,3202.0,3156.0,3181.0,12308191.81639161
2025-05-01 04:00:00,3181.0,3192.0,3165.0,3174.0,8807165.89953336
2025-05-01 08:00:00,3174.0,3230.0,3170.0,3219.0,16975484.10287621
2025-05-01 12:00:00,3219.0,3244.0,3193.0,3223.0,15856887.76940403
2025-05-01 16:00:00,3223.0,3241.0,3196.0,3199.0,5974261.93100556
2025-05-01 20:00:00,3197.0,3208.0,3182.0,3189.0,8416059.6388792
2025-05-02 00:00:00,3190.0,3220.0,3184.0,3202.0,12032068.15978653
2025-05-02 04:00:00,3202.0,3210.0,3138.0,3138.0,20060731.7294228
2025-05-02 08:00:00,3139.0,3176.0,3138.0,3161.0,10903472.04336722
2025-05-02 12:00:00,3161.0,3187.0,3150.0,3160.0,11046661.58072556
2025-05-02 16:00:00,3159.0,3180.0,3148.0,3159.0,5585240.74104729
2025-05-02 20:00:00,3159.0,3168.0,3143.0,3158.0,5231929.03050286
2025-05-03 00:00:00,3158.0,3165.0,3136.0,3154.0,9698240.66116445
2025-05-03 04:00:00,3156.0,3165.0,3146.0,3151.0,4473347.86399869
2025-05-03 08:00:00,3152.0,3157.0,3131.0,3134.0,6115039.07949707
2025-05-03 12:00:00,3134.0,3168.0,3133.0,3159.0,6243079.39666666
2025-05-03 16:00:00,3160.0,3163.0,3123.0,3141.0,6441754.92453465
2025-05-03 20:00:00,3142.0,3153.0,3130.0,3141.0,4745059.91872394
2025-05-04 00:00:00,3141.0,3180.0,3133.0,3153.0,11957169.2177802
2025-05-04 04:00:00,3153.0,3170.0,3147.0,3168.0,5466251.72591318
2025-05-04 08:00:00,3168.0,3170.0,3132.0,3142.0,10005207.77245
2025-05-04 12:00:00,3142.0,3161.0,3123.0,3152.0,6949142.61967423
2025-05-04 16:00:00,3152.0,3154.0,3114.0,3125.0,4537295.18158783
2025-05-04 20:00:00,3125.0,3141.0,3094.0,3101.0,10259188.21230617
2025-05-05 00:00:00,3101.0,3118.0,3051.0,3071.0,20097747.15210645
2025-05-05 04:00:00,3071.0,3107.0,3069.0,3099.0,7184164.59631212
2025-05-05 08:00:00,3098.0,3130.0,3033.0,3039.0,21497513.20392229
2025-05-05 12:00:00,3039.0,3057.0,3006.0,3015.0,18822522.78246034
2025-05-05 16:00:00,3015.0,3071.0,3013.0,3046.0,5984872.20931482
2025-05-05 20:00:00,3046.0,3064.0,3019.0,3038.0,7043157.25407694
2025-05-06 00:00:00,3038.0,3056.0,3000.0,3020.0,16842691.51362819
2025-05-06 04:00:00,3021.0,3024.0,2993.0,3000.0,14984377.09713374
2025-05-06 08:00:00,3000.0,3012.0,2970.0,2980.0,24215470.35520012
2025-05-06 12:00:00,2981.0,3014.0,2963.0,3005.0,19021102.75349739
2025-05-06 16:00:00,3005.0,3046.0,2994.0,3031.0,6178510.85420965
2025-05-06 20:00:00,3031.0,3068.0,2999.0,3057.0,14918274.82291816
2025-05-07 00:00:00,3057.0,3076.0,3032.0,3045.0,14494837.93397139
2025-05-07 04:00:00,3045.0,3056.0,3021.0,3033.0,7899818.24990227
2025-05-07 08:00:00,3034.0,3046.0,3027.0,3037.0,5607554.10655584
2025-05-07 12:00:00,3037.0,3039.0,3008.0,3020.0,11658157.53023097
2025-05-07 16:00:00,3019.0,3029.0,2991.0,3004.0,9713110.34533562
2025-05-07 20:00:00,3005.0,3032.0,3000.0,3018.0,6848930.18687248
2025-05-08 00:00:00,3019.0,3082.0,3002.0,3082.0,19047396.28562167
2025-05-08 04:00:00,3082.0,3110.0,3060.0,3085.0,21245794.2335431
2025-05-08 08:00:00,3085.0,3130.0,3085.0,3113.0,20764192.33237958
2025-05-08 12:00:00,3113.0,3188.0,3103.0,3158.0,29821199.33579028
2025-05-08 16:00:00,3158.0,3203.0,3138.0,3201.0,18231434.96211373
2025-05-08 20:00:00,3200.0,3262.0,3180.0,3262.0,42712547.47380736
2025-05-09 00:00:00,3262.0,3275.0,3228.0,3230.0,38739455.83618969
2025-05-09 04:00:00,3229.0,3309.0,3210.0,3284.0,36341135.51124798
2025-05-09 08:00:00,3285.0,3393.0,3274.0,3350.0,91606970.70779258
2025-05-09 12:00:00,3349.0,3359.0,3273.0,3294.0,29043301.7967492
2025-05-09 16:00:00,3292.0,3309.0,3263.0,3296.0,9334420.10512568
2025-05-09 20:00:00,3295.0,3302.0,3256.0,3267.0,10445343.75456411
2025-05-10 00:00:00,3268.0,3324.0,3266.0,3306.0,22255901.94470729
2025-05-10 04:00:00,3307.0,3342.0,3288.0,3334.0,19298397.74796155
2025-05-10 08:00:00,3334.0,3390.0,3313.0,3322.0,39827520.84782138
2025-05-10 12:00:00,3322.0,3371.0,3321.0,3348.0,18486438.61616007
2025-05-10 16:00:00,3348.0,3399.0,3344.0,3371.0,20640076.97777045
2025-05-10 20:00:00,3372.0,3425.0,3355.0,3417.0,27173993.4668477
2025-05-11 00:00:00,3417.0,3434.0,3323.0,3344.0,48610792.17320054
2025-05-11 04:00:00,3343.0,3365.0,3270.0,3285.0,26223133.98211238
2025-05-11 08:00:00,3285.0,3332.0,3282.0,3330.0,14716532.608041
2025-05-11 12:00:00,3331.0,3332.0,3276.0,3290.0,16567949.65214748
2025-05-11 16:00:00,3290.0,3320.0,3267.0,3310.0,7561498.53249683
2025-05-11 20:00:00,3309.0,3319.0,3295.0,3307.0,7895308.32049666
2025-05-12 00:00:00,3307.0,3356.0,3298.0,3350.0,25116926.13970161
2025-05-12 04:00:00,3349.0,3413.0,3332.0,3385.0,38027380.32811343
2025-05-12 08:00:00,3385.0,3492.0,3368.0,3448.0,58882834.02257991
2025-05-12 12:00:00,3446.0,3707.0,3446.0,3638.0,239101123.9633396
2025-05-12 16:00:00,3637.0,3658.0,3449.0,3568.0,61790326.27566131
2025-05-12 20:00:00,3569.0,3605.0,3530.0,3587.0,28566053.30379789
2025-05-13 00:00:00,3587.0,3591.0,3434.0,3442.0,64446608.95009558
2025-05-13 04:00:00,3442.0,3553.0,3433.0,3536.0,27666354.01437731
2025-05-13 08:00:00,3535.0,3623.0,3521.0,3575.0,43730642.31766635
2025-05-13 12:00:00,3574.0,3617.0,3537.0,3584.0,37518797.24753288
2025-05-13 16:00:00,3584.0,3638.0,3563.0,3611.0,19465875.50599761
2025-05-13 20:00:00,3611.0,3639.0,3586.0,3618.0,24578691.65089989
2025-05-14 00:00:00,3618.0,3641.0,3581.0,3603.0,32458959.68672148
2025-05-14 04:00:00,3602.0,3702.0,3590.0,3686.0,33086313.06227352
2025-05-14 08:00:00,3685.0,3709.0,3595.0,3663.0,65192338.06091876
2025-05-14 12:00:00,3664.0,3676.0,3593.0,3607.0,30409021.40811848
2025-05-14 16:00:00,3607.0,3617.0,3560.0,3615.0,10343008.92130914
2025-05-14 20:00:00,3615.0,3624.0,3586.0,3592.0,9045524.13730962
2025-05-15 00:00:00,3594.0,3615.0,3548.0,3549.0,22356999.94456582
2025-05-15 04:00:00,3550.0,3567.0,3460.0,3476.0,32342271.90110118
2025-05-15 08:00:00,3476.0,3534.0,3471.0,3506.0,25733903.5577313
2025-05-15 12:00:00,3506.0,3524.0,3416.0,3493.0,38643465.25713197
2025-05-15 16:00:00,3492.0,3525.0,3426.0,3465.0,15410209.00519311
2025-05-15 20:00:00,3463.0,3482.0,3314.0,3363.0,65805958.44705016
2025-05-16 00:00:00,3364.0,3411.0,3311.0,3405.0,48526712.53429029
2025-05-16 04:00:00,3404.0,3420.0,3383.0,3392.0,17740169.90505788
2025-05-16 08:00:00,3391.0,3435.0,3352.0,3417.0,24145285.250457
2025-05-16 12:00:00,3417.0,3435.0,3396.0,3418.0,14066415.01074666
2025-05-16 16:00:00,3418.0,3427.0,3382.0,3414.0,7153723.5974185
2025-05-16 20:00:00,3414.0,3419.0,3353.0,3370.0,11708735.05846518
2025-05-17 00:00:00,3370.0,3374.0,3286.0,3363.0,37419659.57111725
2025-05-17 04:00:00,3363.0,3387.0,3346.0,3374.0,11649074.84399821
2025-05-17 08:00:00,3374.0,3378.0,3324.0,3338.0,12243672.70887433
2025-05-17 12:00:00,3338.0,3345.0,3298.0,3316.0,15634726.25051555
2025-05-17 16:00:00,3316.0,3339.0,3280.0,3317.0,10447151.32630527
2025-05-17 20:00:00,3317.0,3355.0,3312.0,3347.0,7980385.69666034
2025-05-18 00:00:00,3347.0,3362.0,3341.0,3354.0,8511287.34867237
2025-05-18 04:00:00,3354.0,3396.0,3352.0,3394.0,10499737.14790522
2025-05-18 08:00:00,3393.0,3404.0,3375.0,3380.0,11647679.29727935
2025-05-18 12:00:00,3382.0,3457.0,3370.0,3446.0,23372192.7985228
2025-05-18 16:00:00,3447.0,3460.0,3363.0,3374.0,14554187.80996954
2025-05-18 20:00:00,3371.0,3440.0,3330.0,3428.0,19961069.27788214
2025-05-19 00:00:00,3428.0,3446.0,3340.0,3340.0,27229865.90193811
2025-05-19 04:00:00,3341.0,3357.0,3264.0,3279.0,40586367.32700764
2025-05-19 08:00:00,3279.0,3305.0,3255.0,3302.0,19233935.49459773
2025-05-19 12:00:00,3302.0,3340.0,3262.0,3325.0,17479679.10633387
2025-05-19 16:00:00,3328.0,3384.0,3309.0,3384.0,8683710.42862178
2025-05-19 20:00:00,3382.0,3384.0,3331.0,3352.0,8524143.89748752
2025-05-20 00:00:00,3350.0,3385.0,3345.0,3354.0,18941726.80620823
2025-05-20 04:00:00,3357.0,3370.0,3317.0,3317.0,14657140.25905725
2025-05-20 08:00:00,3318.0,3334.0,3304.0,3320.0,11064390.85614869
2025-05-20 12:00:00,3320.0,3322.0,3291.0,3319.0,11338453.65575331
2025-05-20 16:00:00,3318.0,3335.0,3283.0,3322.0,6876230.27794631
2025-05-20 20:00:00,3323.0,3332.0,3301.0,3323.0,11323192.5805464
2025-05-21 00:00:00,3322.0,3325.0,3284.0,3309.0,14009543.23009689
2025-05-21 04:00:00,3310.0,3344.0,3300.0,3308.0,19485405.71117897
2025-05-21 08:00:00,3308.0,3322.0,3287.0,3298.0,11442973.64230323
2025-05-21 12:00:00,3298.0,3345.0,3287.0,3335.0,16205197.7493498
2025-05-21 16:00:00,3336.0,3366.0,3274.0,3330.0,22497708.60993944
2025-05-21 20:00:00,3329.0,3350.0,3304.0,3328.0,9247744.63341867
2025-05-22 00:00:00,3331.0,3362.0,3325.0,3356.0,17984509.89899615
2025-05-22 04:00:00,3357.0,3363.0,3327.0,3342.0,18202419.36249746
2025-05-22 08:00:00,3342.0,3408.0,3340.0,3375.0,31940192.30315952
2025-05-22 12:00:00,3374.0,3384.0,3355.0,3378.0,15475793.8741721
2025-05-22 16:00:00,3377.0,3384.0,3361.0,3370.0,4238097.49993046
2025-05-22 20:00:00,3368.0,3377.0,3350.0,3369.0,9084903.98876991
2025-05-23 00:00:00,3369.0,3426.0,3359.0,3411.0,31303309.9696195
2025-05-23 04:00:00,3411.0,3415.0,3352.0,3363.0,20566086.43201374
2025-05-23 08:00:00,3362.0,3395.0,3285.0,3296.0,26801395.69751647
2025-05-23 12:00:00,3299.0,3308.0,3223.0,3285.0,54427318.63801796
2025-05-23 16:00:00,3288.0,3294.0,3260.0,3260.0,7701781.73614307
2025-05-23 20:00:00,3260.0,3270.0,3200.0,3211.0,25408204.38816485
2025-05-24 00:00:00,3212.0,3262.0,3200.0,3255.0,18268377.15379817
2025-05-24 04:00:00,3254.0,3276.0,3249.0,3257.0,7421939.94140726
2025-05-24 08:00:00,3258.0,3290.0,3256.0,3281.0,8016536.49808852
2025-05-24 12:00:00,3280.0,3285.0,3271.0,3278.0,4585311.72207067
2025-05-24 16:00:00,3279.0,3282.0,3268.0,3276.0,1947387.57935991
2025-05-24 20:00:00,3276.0,3281.0,3250.0,3257.0,5408379.66898301
2025-05-25 00:00:00,3257.0,3266.0,3220.0,3248.0,12484472.43503163
2025-05-25 04:00:00,3248.0,3251.0,3223.0,3234.0,5163521.47411556
2025-05-25 08:00:00,3233.0,3234.0,3201.0,3213.0,12354751.12398771
2025-05-25 12:00:00,3212.0,3230.0,3185.0,3210.0,13146977.57559139
2025-05-25 16:00:00,3210.0,3233.0,3193.0,3227.0,3557618.12748514
2025-05-25 20:00:00,3227.0,3271.0,3218.0,3269.0,10061208.84713046
2025-05-26 00:00:00,3270.0,3279.0,3245.0,3254.0,10679259.90627588
2025-05-26 04:00:00,3252.0,3269.0,3240.0,3258.0,8384633.47282261
2025-05-26 08:00:00,3257.0,3265.0,3234.0,3239.0,6839874.51931621
2025-05-26 12:00:00,3238.0,3252.0,3211.0,3237.0,10905794.58507433
2025-05-26 16:00:00,3237.0,3242.0,3197.0,3216.0,7318071.94263251
2025-05-26 20:00:00,3217.0,3233.0,3204.0,3216.0,6311682.05049935
2025-05-27 00:00:00,3217.0,3221.0,3160.0,3189.0,20604420.30672813
2025-05-27 04:00:00,3189.0,3200.0,3172.0,3194.0,9778671.22761044
2025-05-27 08:00:00,3194.0,3223.0,3193.0,3213.0,10907872.03117281
2025-05-27 12:00:00,3212.0,3257.0,3206.0,3240.0,18484269.34291607
2025-05-27 16:00:00,3241.0,3250.0,3230.0,3233.0,4203747.32565354
2025-05-27 20:00:00,3233.0,3236.0,3202.0,3215.0,6934047.02935859
2025-05-28 00:00:00,3215.0,3224.0,3201.0,3214.0,7789477.54460396
2025-05-28 04:00:00,3214.0,3218.0,3183.0,3193.0,10510792.58103206
2025-05-28 08:00:00,3193.0,3209.0,3184.0,3204.0,5840453.79474659
2025-05-28 12:00:00,3204.0,3215.0,3147.0,3147.0,18151940.68640998
2025-05-28 16:00:00,3146.0,3167.0,3117.0,3117.0,9784992.02624752
2025-05-28 20:00:00,3118.0,3179.0,3117.0,3170.0,8233791.22953935
2025-05-29 00:00:00,3170.0,3215.0,3166.0,3193.0,14422524.62934281
2025-05-29 04:00:00,3192.0,3197.0,3171.0,3172.0,8688885.56983184
2025-05-29 08:00:00,3175.0,3204.0,3171.0,3199.0,7712295.58327168
2025-05-29 12:00:00,3199.0,3206.0,3162.0,3172.0,13676916.50794061
2025-05-29 16:00:00,3172.0,3194.0,3151.0,3164.0,6046723.13793001
2025-05-29 20:00:00,3163.0,3187.0,3127.0,3136.0,11308291.03920111
2025-05-30 00:00:00,3136.0,3146.0,3020.0,3106.0,48634055.36868373
2025-05-30 04:00:00,3107.0,3110.0,3049.0,3070.0,19356486.43426001
2025-05-30 08:00:00,3070.0,3099.0,3046.0,3089.0,17316358.00211322
2025-05-30 12:00:00,3090.0,3094.0,3038.0,3062.0,18452309.87130226
2025-05-30 16:00:00,3061.0,3103.0,3015.0,3075.0,10899583.43108191
2025-05-30 20:00:00,3078.0,3091.0,3015.0,3029.0,14752791.08046307
2025-05-31 00:00:00,3029.0,3042.0,2953.0,2990.0,56651728.81080701
2025-05-31 04:00:00,2990.0,3024.0,2976.0,3006.0,14729452.42215798
2025-05-31 08:00:00,3005.0,3046.0,3004.0,3033.0,14734041.49870301
2025-05-31 12:00:00,3032.0,3096.0,3032.0,3084.0,15589097.16202743
2025-05-31 16:00:00,3084.0,3123.0,3081.0,3103.0,7109995.12217726
2025-05-31 20:00:00,3104.0,3119.0,3070.0,3072.0,8878022.84338003
2025-06-01 00:00:00,3072.0,3085.0,3043.0,3063.0,10268161.02724912
2025-06-01 04:00:00,3064.0,3082.0,3047.0,3053.0,6451120.58917125
2025-06-01 08:00:00,3053.0,3055.0,3011.0,3034.0,11566195.72262505
2025-06-01 12:00:00,3034.0,3052.0,3015.0,3047.0,7476715.5293376
2025-06-01 16:00:00,3046.0,3071.0,3036.0,3061.0,4005003.57798023
2025-06-01 20:00:00,3061.0,3091.0,3041.0,3073.0,6895293.42162368
2025-06-02 00:00:00,3073.0,3075.0,3023.0,3035.0,12449200.43575481
2025-06-02 04:00:00,3035.0,3053.0,3027.0,3032.0,8999188.0062422
2025-06-02 08:00:00,3031.0,3051.0,3010.0,3018.0,11139243.60461264
2025-06-02 12:00:00,3018.0,3042.0,3012.0,3037.0,8016867.77615899
2025-06-02 16:00:00,3037.0,3057.0,3025.0,3045.0,3629978.60570713
2025-06-02 20:00:00,3045.0,3087.0,3045.0,3073.0,8741866.1531723
2025-06-03 00:00:00,3072.0,3103.0,3061.0,3074.0,13538424.00589372
2025-06-03 04:00:00,3073.0,3086.0,3063.0,3068.0,5783866.28604389
2025-06-03 08:00:00,3067.0,3096.0,3062.0,3095.0,5681421.82908608
2025-06-03 12:00:00,3095.0,3175.0,3084.0,3157.0,20665813.58177549
2025-06-03 16:00:00,3156.0,3178.0,3125.0,3178.0,9769788.45193907
2025-06-03 20:00:00,3177.0,3178.0,3123.0,3133.0,10319515.46451355
2025-06-04 00:00:00,3133.0,3159.0,3113.0,3136.0,11514485.31076638
2025-06-04 04:00:00,3136.0,3139.0,3097.0,3105.0,8695557.10378721
2025-06-04 08:00:00,3105.0,3145.0,3104.0,3134.0,7718650.27805893
2025-06-04 12:00:00,3133.0,3139.0,3093.0,3123.0,9797027.32346313
2025-06-04 16:00:00,3123.0,3125.0,3070.0,3071.0,5176663.75429176
2025-06-04 20:00:00,3071.0,3083.0,3053.0,3056.0,9254378.86907915
2025-06-05 00:00:00,3057.0,3065.0,3035.0,3046.0,12190051.51501209
2025-06-05 04:00:00,3046.0,3058.0,3022.0,3024.0,10573609.45916763
2025-06-05 08:00:00,3024.0,3054.0,3023.0,3046.0,7354300.76863218
2025-06-05 12:00:00,3046.0,3079.0,3021.0,3040.0,11661971.66614407
2025-06-05 16:00:00,3040.0,3041.0,2957.0,2972.0,21066469.23407507
2025-06-05 20:00:00,2970.0,2974.0,2885.0,2924.0,43230675.13092193
2025-06-06 00:00:00,2925.0,2965.0,2903.0,2962.0,19773047.45894859
2025-06-06 04:00:00,2963.0,2986.0,2954.0,2968.0,9492823.00295705
2025-06-06 08:00:00,2968.0,3001.0,2967.0,2995.0,7236416.86601422
2025-06-06 12:00:00,2995.0,3039.0,2990.0,3033.0,12404431.12267745
2025-06-06 16:00:00,3032.0,3034.0,3003.0,3021.0,4391973.13800517
2025-06-06 20:00:00,3020.0,3031.0,3001.0,3005.0,3937709.24137712
2025-06-07 00:00:00,3005.0,3028.0,2989.0,3027.0,7634594.77604907
2025-06-07 04:00:00,3028.0,3037.0,3017.0,3029.0,4611509.2001528
2025-06-07 08:00:00,3030.0,3032.0,3016.0,3027.0,3417595.73271453
2025-06-07 12:00:00,3027.0,3036.0,3020.0,3027.0,4517412.49687757
2025-06-07 16:00:00,3026.0,3029.0,3012.0,3016.0,2153214.29893229
2025-06-07 20:00:00,3018.0,3034.0,3016.0,3018.0,2928550.24912931
2025-06-08 00:00:00,3018.0,3020.0,3006.0,3012.0,4630764.85180343
2025-06-08 04:00:00,3010.0,3072.0,3006.0,3050.0,15810561.17911533
2025-06-08 08:00:00,3050.0,3107.0,3041.0,3097.0,11823607.44778251
2025-06-08 12:00:00,3096.0,3163.0,3096.0,3142.0,32004616.23924883
2025-06-08 16:00:00,3142.0,3160.0,3133.0,3155.0,4558897.77922519
2025-06-08 20:00:00,3154.0,3163.0,3107.0,3121.0,11541431.94421427
2025-06-09 00:00:00,3121.0,3130.0,3080.0,3090.0,13582520.899027
2025-06-09 04:00:00,3090.0,3091.0,3063.0,3073.0,9160953.10151713
2025-06-09 08:00:00,3071.0,3126.0,3068.0,3121.0,12223779.99779365
2025-06-09 12:00:00,3120.0,3129.0,3082.0,3112.0,11383055.49737328
2025-06-09 16:00:00,3111.0,3170.0,3109.0,3143.0,9698118.1920709
2025-06-09 20:00:00,3142.0,3176.0,3141.0,3164.0,17379068.00317027
2025-06-10 00:00:00,3165.0,3176.0,3144.0,3145.0,14514896.15432179
2025-06-10 04:00:00,3145.0,3147.0,3123.0,3139.0,11964053.54627738
2025-06-10 08:00:00,3138.0,3173.0,3125.0,3159.0,15751478.93604834
2025-06-10 12:00:00,3159.0,3174.0,3112.0,3128.0,18208157.65534225
2025-06-10 16:00:00,3129.0,3164.0,3121.0,3147.0,4026011.7042666
2025-06-10 20:00:00,3148.0,3162.0,3136.0,3154.0,6838128.34284067
2025-06-11 00:00:00,3153.0,3162.0,3129.0,3152.0,10072926.76713807
2025-06-11 04:00:00,3152.0,3158.0,3143.0,3155.0,6838239.0203993
2025-06-11 08:00:00,3155.0,3205.0,3154.0,3186.0,25229721.88635617
2025-06-11 12:00:00,3186.0,3208.0,3179.0,3195.0,15493721.32195768
2025-06-11 16:00:00,3193.0,3199.0,3151.0,3152.0,7209366.4818975
2025-06-11 20:00:00,3152.0,3171.0,3113.0,3130.0,13750317.14618789
2025-06-12 00:00:00,3130.0,3132.0,3080.0,3086.0,17705180.56277113
2025-06-12 04:00:00,3085.0,3104.0,3075.0,3084.0,11043355.93299385
2025-06-12 08:00:00,3083.0,3090.0,3053.0,3056.0,9629681.22151762
2025-06-12 12:00:00,3057.0,3096.0,3051.0,3070.0,10665501.37442217
2025-06-12 16:00:00,3070.0,3095.0,3037.0,3037.0,5342776.90260845
2025-06-12 20:00:00,3040.0,3050.0,3002.0,3020.0,16407806.75324788
2025-06-13 00:00:00,3022.0,3022.0,2903.0,2963.0,69577830.59241343
2025-06-13 04:00:00,2962.0,2972.0,2915.0,2971.0,18700230.15889355
2025-06-13 08:00:00,2972.0,3006.0,2961.0,2997.0,15822617.64215966
2025-06-13 12:00:00,2996.0,3007.0,2952.0,2983.0,12610194.55901875
2025-06-13 16:00:00,2982.0,2996.0,2945.0,2951.0,6260689.15981908
2025-06-13 20:00:00,2953.0,2991.0,2951.0,2984.0,6280755.05562098
2025-06-14 00:00:00,2985.0,3004.0,2967.0,3004.0,9337345.74874093
2025-06-14 04:00:00,3004.0,3019.0,2986.0,3003.0,10466435.25240776
2025-06-14 08:00:00,3003.0,3019.0,2994.0,3016.0,7103580.16896876
2025-06-14 12:00:00,3016.0,3018.0,2982.0,2987.0,6832292.52135665
2025-06-14 16:00:00,2986.0,2990.0,2945.0,2958.0,9691990.54033449
2025-06-14 20:00:00,2958.0,2984.0,2940.0,2973.0,5693171.28377213
2025-06-15 00:00:00,2974.0,2989.0,2973.0,2989.0,4707322.96894064
2025-06-15 04:00:00,2988.0,3002.0,2976.0,2983.0,6128158.79744887
2025-06-15 08:00:00,2984.0,3006.0,2975.0,2995.0,6928457.70300293
2025-06-15 12:00:00,2995.0,3012.0,2993.0,2999.0,5889461.58432908
2025-06-15 16:00:00,2998.0,3006.0,2992.0,2997.0,2165196.19493069
2025-06-15 20:00:00,2998.0,3005.0,2973.0,2994.0,7868833.79603403
2025-06-16 00:00:00,2996.0,3017.0,2974.0,3001.0,12760049.30217291
2025-06-16 04:00:00,3001.0,3036.0,2997.0,3035.0,11756477.19851337
2025-06-16 08:00:00,3035.0,3096.0,3023.0,3092.0,16473087.54057884
2025-06-16 12:00:00,3092.0,3152.0,3089.0,3143.0,36477385.27602488
2025-06-16 16:00:00,3143.0,3200.0,3142.0,3199.0,16804094.61746841
2025-06-16 20:00:00,3198.0,3200.0,3064.0,3073.0,33505480.62136253
2025-06-17 00:00:00,3077.0,3105.0,3040.0,3088.0,29845465.61185976
2025-06-17 04:00:00,3087.0,3095.0,3062.0,3075.0,11837774.0773843
2025-06-17 08:00:00,3075.0,3077.0,3020.0,3028.0,14582915.31966939
2025-06-17 12:00:00,3028.0,3068.0,3001.0,3022.0,17806128.57889995
2025-06-17 16:00:00,3021.0,3060.0,2985.0,3034.0,12600524.1902934
2025-06-17 20:00:00,3033.0,3044.0,2990.0,3001.0,12551910.62501197
2025-06-18 00:00:00,3001.0,3024.0,2994.0,3003.0,10989242.42724831
2025-06-18 04:00:00,3003.0,3011.0,2981.0,2998.0,13302138.86435186
2025-06-18 08:00:00,2998.0,3006.0,2948.0,2975.0,20854806.98570776
2025-06-18 12:00:00,2974.0,2997.0,2945.0,2983.0,17813778.84876026
2025-06-18 16:00:00,2983.0,3005.0,2962.0,2977.0,5767883.9599524
2025-06-18 20:00:00,2977.0,3021.0,2972.0,3005.0,9144559.35150936
2025-06-19 00:00:00,3005.0,3025.0,2995.0,3009.0,10238983.64476091
2025-06-19 04:00:00,3008.0,3013.0,2994.0,2995.0,7278768.65845636
2025-06-19 08:00:00,2995.0,3004.0,2983.0,2989.0,5888906.11273445
2025-06-19 12:00:00,2989.0,2998.0,2981.0,2983.0,5397499.23334455
2025-06-19 16:00:00,2983.0,3016.0,2983.0,3010.0,4850918.93675352
2025-06-19 20:00:00,3010.0,3012.0,2996.0,2998.0,4029281.04218094
2025-06-20 00:00:00,2998.0,3003.0,2980.0,2981.0,8170259.73610971
2025-06-20 04:00:00,2981.0,2996.0,2960.0,2994.0,14329762.01218856
2025-06-20 08:00:00,2994.0,3007.0,2984.0,2997.0,8294832.18513205
2025-06-20 12:00:00,2996.0,3004.0,2961.0,2966.0,10579873.9396834
2025-06-20 16:00:00,2966.0,2975.0,2916.0,2968.0,16676068.78364648
2025-06-20 20:00:00,2968.0,2991.0,2939.0,2953.0,9133139.92117853
2025-06-21 00:00:00,2954.0,2966.0,2945.0,2964.0,7180439.37607954
2025-06-21 04:00:00,2964.0,2966.0,2950.0,2965.0,3481931.9925209
2025-06-21 08:00:00,2965.0,2981.0,2964.0,2971.0,4615761.07416821
2025-06-21 12:00:00,2971.0,2972.0,2940.0,2948.0,8894805.70234588
2025-06-21 16:00:00,2948.0,2952.0,2900.0,2901.0,12648833.36066927
2025-06-21 20:00:00,2900.0,2930.0,2821.0,2884.0,42879121.46709924
2025-06-22 00:00:00,2883.0,2925.0,2847.0,2878.0,27660486.16534294
2025-06-22 04:00:00,2878.0,2911.0,2872.0,2885.0,9297389.35218245
2025-06-22 08:00:00,2885.0,2897.0,2809.0,2823.0,25467451.70985769
2025-06-22 12:00:00,2823.0,2831.0,2695.0,2699.0,102693289.37208493
2025-06-22 16:00:00,2700.0,2760.0,2695.0,2736.0,15357692.71586298
2025-06-22 20:00:00,2736.0,2825.0,2670.0,2816.0,36902399.76992677
2025-06-23 00:00:00,2816.0,2842.0,2802.0,2818.0,19285874.35332001
2025-06-23 04:00:00,2817.0,2840.0,2811.0,2825.0,13220908.68403961
2025-06-23 08:00:00,2825.0,2829.0,2776.0,2798.0,16020048.14402154
2025-06-23 12:00:00,2799.0,2847.0,2777.0,2795.0,22762577.51678905
2025-06-23 16:00:00,2795.0,2862.0,2750.0,2852.0,24943782.31900382
2025-06-23 20:00:00,2855.0,3010.0,2852.0,2991.0,54202061.47584612
2025-06-24 00:00:00,2991.0,3000.0,2951.0,2975.0,21845491.3100586
2025-06-24 04:00:00,2975.0,3055.0,2970.0,3006.0,27228763.32211214
2025-06-24 08:00:00,3006.0,3035.0,2975.0,3011.0,21261766.72951496
2025-06-24 12:00:00,3010.0,3018.0,2984.0,3014.0,13311085.12698655
2025-06-24 16:00:00,3010.0,3035.0,3007.0,3034.0,5400806.88324852
2025-06-24 20:00:00,3034.0,3044.0,2995.0,3005.0,9758131.94921408
2025-06-25 00:00:00,3005.0,3018.0,2997.0,2997.0,12077639.8957527
2025-06-25 04:00:00,2998.0,3006.0,2987.0,3001.0,8907314.47564859
2025-06-25 08:00:00,3002.0,3018.0,2991.0,3017.0,9118319.87614908
2025-06-25 12:00:00,3017.0,3062.0,2997.0,3004.0,24340263.04868687
2025-06-25 16:00:00,3004.0,3029.0,2993.0,3028.0,4994405.68051027
2025-06-25 20:00:00,3028.0,3029.0,2991.0,3000.0,6098678.38292334
2025-06-26 00:00:00,3000.0,3028.0,2991.0,3007.0,12190552.31104261
2025-06-26 04:00:00,3008.0,3011.0,2996.0,3001.0,7054701.12462438
2025-06-26 08:00:00,3002.0,3006.0,2984.0,2984.0,9488952.68189741
2025-06-26 12:00:00,2984.0,2986.0,2893.0,2914.0,43333612.3095624
2025-06-26 16:00:00,2914.0,2933.0,2877.0,2920.0,11116355.41951465
2025-06-26 20:00:00,2919.0,2947.0,2887.0,2889.0,15541686.63459927
2025-06-27 00:00:00,2890.0,2897.0,2851.0,2888.0,25431031.85394207
2025-06-27 04:00:00,2888.0,2897.0,2857.0,2863.0,13581864.80239201
2025-06-27 08:00:00,2864.0,2887.0,2863.0,2873.0,7974972.67265079
2025-06-27 12:00:00,2872.0,2886.0,2848.0,2879.0,13495975.1459018
2025-06-27 16:00:00,2880.0,2910.0,2855.0,2881.0,6328392.04297457
2025-06-27 20:00:00,2882.0,2958.0,2880.0,2942.0,16302275.86637337
2025-06-28 00:00:00,2942.0,3014.0,2930.0,3001.0,27922023.94975988
2025-06-28 04:00:00,3001.0,3018.0,2987.0,3005.0,12275764.81406675
2025-06-28 08:00:00,3005.0,3009.0,2990.0,3009.0,6010986.77390237
2025-06-28 12:00:00,3008.0,3020.0,2996.0,3019.0,9203693.92666478
2025-06-28 16:00:00,3019.0,3023.0,2999.0,3000.0,4077670.34038704
2025-06-28 20:00:00,2999.0,3001.0,2989.0,2995.0,5308665.81383451
2025-06-29 00:00:00,2995.0,3003.0,2985.0,2995.0,6829662.9415174
2025-06-29 04:00:00,2994.0,3000.0,2990.0,2994.0,3123330.95205427
2025-06-29 08:00:00,2993.0,3009.0,2991.0,3006.0,6426562.16376149
2025-06-29 12:00:00,3005.0,3008.0,2991.0,2996.0,4648386.2631954
2025-06-29 16:00:00,2996.0,3006.0,2993.0,2999.0,1639700.14492473
2025-06-29 20:00:00,2999.0,3030.0,2992.0,3012.0,12604012.97220264
2025-06-30 00:00:00,3012.0,3020.0,2995.0,2997.0,10252041.90243598
2025-06-30 04:00:00,2996.0,2997.0,2965.0,2983.0,15586984.00587789
2025-06-30 08:00:00,2983.0,2984.0,2963.0,2975.0,7348172.26186076
2025-06-30 12:00:00,2975.0,3001.0,2965.0,2991.0,8072888.83833449
2025-06-30 16:00:00,2990.0,3016.0,2990.0,2996.0,2432601.85648826
2025-06-30 20:00:00,3000.0,3080.0,3000.0,3035.0,24271741.16732671
2025-07-01 00:00:00,3035.0,3058.0,3027.0,3042.0,17016082.8328469
2025-07-01 04:00:00,3041.0,3042.0,3010.0,3030.0,9456966.42078162
2025-07-01 08:00:00,3029.0,3035.0,3000.0,3011.0,8614357.74160344
2025-07-01 12:00:00,3010.0,3025.0,2987.0,3002.0,13473794.91736497
2025-07-01 16:00:00,3001.0,3023.0,2969.0,2970.0,7530049.3576702
2025-07-01 20:00:00,2970.0,2999.0,2957.0,2984.0,8343030.38947755
2025-07-02 00:00:00,2984.0,2997.0,2961.0,2996.0,11596232.65363072
2025-07-02 04:00:00,2996.0,3007.0,2988.0,3000.0,7642518.36430023
2025-07-02 08:00:00,2999.0,3010.0,2973.0,2978.0,9943735.24911618
2025-07-02 12:00:00,2977.0,3017.0,2971.0,3014.0,13160954.95581037
2025-07-02 16:00:00,3013.0,3102.0,3010.0,3070.0,27754200.96559406
2025-07-02 20:00:00,3070.0,3070.0,3021.0,3024.0,13402340.2172587
2025-07-03 00:00:00,3024.0,3053.0,3015.0,3046.0,13646773.51513999
2025-07-03 04:00:00,3046.0,3090.0,3046.0,3088.0,17100799.14278595
2025-07-03 08:00:00,3087.0,3136.0,3086.0,3113.0,24315363.4583445
2025-07-03 12:00:00,3113.0,3135.0,3053.0,3058.0,28510537.40439808
2025-07-03 16:00:00,3058.0,3106.0,3056.0,3091.0,4996459.18117488
2025-07-03 20:00:00,3092.0,3101.0,3058.0,3063.0,7300280.72784488
2025-07-04 00:00:00,3063.0,3088.0,3050.0,3063.0,11492544.01616356
2025-07-04 04:00:00,3062.0,3066.0,3020.0,3028.0,13119231.12280961
2025-07-04 08:00:00,3028.0,3055.0,3012.0,3049.0,9017120.81289479
2025-07-04 12:00:00,3049.0,3056.0,3016.0,3029.0,8936303.40219751
2025-07-04 16:00:00,3030.0,3043.0,3011.0,3027.0,4803847.31832688
2025-07-04 20:00:00,3027.0,3049.0,3023.0,3035.0,3987826.00169473
2025-07-05 00:00:00,3035.0,3048.0,3029.0,3047.0,4794788.13195249
2025-07-05 04:00:00,3047.0,3053.0,3036.0,3043.0,3056033.91636049
2025-07-05 08:00:00,3042.0,3047.0,3031.0,3039.0,2592111.44387653
2025-07-05 12:00:00,3039.0,3050.0,3035.0,3041.0,2713821.86951599
2025-07-05 16:00:00,3042.0,3045.0,3020.0,3034.0,3310205.22025383
2025-07-05 20:00:00,3034.0,3040.0,3027.0,3034.0,2073181.00582769
2025-07-06 00:00:00,3034.0,3042.0,3025.0,3031.0,3695555.37128577
2025-07-06 04:00:00,3032.0,3053.0,3031.0,3047.0,5601950.09656729
2025-07-06 08:00:00,3047.0,3120.0,3044.0,3083.0,28214229.50591264
2025-07-06 12:00:00,3082.0,3116.0,3082.0,3098.0,12359364.79321346
2025-07-06 16:00:00,3098.0,3105.0,3067.0,3086.0,4092735.67198787
2025-07-06 20:00:00,3086.0,3110.0,3081.0,3089.0,6677574.03670975
2025-07-07 00:00:00,3089.0,3101.0,3075.0,3091.0,9201402.88287967
2025-07-07 04:00:00,3090.0,3095.0,3077.0,3095.0,5735678.38865123
2025-07-07 08:00:00,3094.0,3127.0,3089.0,3112.0,15318603.49518579
2025-07-07 12:00:00,3112.0,3194.0,3102.0,3185.0,39912159.3017407
2025-07-07 16:00:00,3184.0,3198.0,3126.0,3146.0,13955577.29410571
2025-07-07 20:00:00,3145.0,3146.0,3099.0,3111.0,12655395.02171524
2025-07-08 00:00:00,3110.0,3111.0,3080.0,3095.0,15014428.355603
2025-07-08 04:00:00,3094.0,3108.0,3089.0,3106.0,6237284.09169044
2025-07-08 08:00:00,3105.0,3137.0,3105.0,3127.0,10372347.1526311
2025-07-08 12:00:00,3126.0,3140.0,3112.0,3121.0,7859611.48267696
2025-07-08 16:00:00,3122.0,3156.0,3118.0,3156.0,6093376.58863355
2025-07-08 20:00:00,3155.0,3156.0,3126.0,3143.0,5585689.03530474
2025-07-09 00:00:00,3142.0,3159.0,3133.0,3143.0,7818670.78320107
2025-07-09 04:00:00,3143.0,3185.0,3143.0,3181.0,11807511.38014733
2025-07-09 08:00:00,3181.0,3250.0,3178.0,3244.0,28721511.97266897
2025-07-09 12:00:00,3243.0,3273.0,3204.0,3242.0,41940212.86049212
2025-07-09 16:00:00,3242.0,3287.0,3237.0,3279.0,11963592.330956
2025-07-09 20:00:00,3279.0,3279.0,3237.0,3259.0,18030319.59021812
2025-07-10 00:00:00,3259.0,3306.0,3245.0,3288.0,30078016.46667406
2025-07-10 04:00:00,3288.0,3315.0,3280.0,3312.0,14913698.41346428
2025-07-10 08:00:00,3311.0,3345.0,3300.0,3335.0,27892680.54534766
2025-07-10 12:00:00,3335.0,3343.0,3292.0,3338.0,23493277.63108268
2025-07-10 16:00:00,3337.0,3395.0,3330.0,3388.0,16422984.09911066
2025-07-10 20:00:00,3389.0,3450.0,3376.0,3432.0,40571276.20949722
2025-07-11 00:00:00,3432.0,3520.0,3383.0,3501.0,56543946.28202673
2025-07-11 04:00:00,3501.0,3518.0,3455.0,3483.0,35199328.98726169
2025-07-11 08:00:00,3483.0,3598.0,3483.0,3568.0,44443254.64204736
2025-07-11 12:00:00,3568.0,3989.0,3565.0,3744.0,216382412.79551384
2025-07-11 16:00:00,3749.0,3832.0,3653.0,3832.0,74230743.4181461
2025-07-11 20:00:00,3833.0,3834.0,3557.0,3674.0,87192617.91833715
2025-07-12 00:00:00,3674.0,3839.0,3603.0,3780.0,84931053.84821568
2025-07-12 04:00:00,3778.0,3788.0,3730.0,3743.0,28533817.0924152
2025-07-12 08:00:00,3743.0,3850.0,3741.0,3794.0,42545488.19303073
2025-07-12 12:00:00,3794.0,3801.0,3632.0,3655.0,57567096.29946524
2025-07-12 16:00:00,3655.0,3739.0,3641.0,3725.0,14936071.37059387
2025-07-12 20:00:00,3724.0,3735.0,3655.0,3720.0,17049013.85231816
2025-07-13 00:00:00,3722.0,3783.0,3704.0,3769.0,26874081.7324466
2025-07-13 04:00:00,3769.0,3814.0,3753.0,3798.0,24287773.35437434
2025-07-13 08:00:00,3797.0,3813.0,3762.0,3784.0,20981836.72971044
2025-07-13 12:00:00,3783.0,3899.0,3773.0,3844.0,60280920.7106947
2025-07-13 16:00:00,3844.0,3887.0,3815.0,3849.0,15043206.26325108
2025-07-13 20:00:00,3849.0,3867.0,3772.0,3846.0,26589882.62952215
2025-07-14 00:00:00,3846.0,3990.0,3828.0,3975.0,68571610.76200677
2025-07-14 04:00:00,3975.0,4050.0,3923.0,4010.0,89450240.99772672
2025-07-14 08:00:00,4010.0,4091.0,3981.0,4037.0,77449244.31355324
2025-07-14 12:00:00,4039.0,4099.0,3977.0,4016.0,81511858.27897957
2025-07-14 16:00:00,4016.0,4080.0,3981.0,4001.0,22021136.26776086
2025-07-14 20:00:00,4000.0,4048.0,3938.0,4043.0,25105735.91713475
2025-07-15 00:00:00,4040.0,4045.0,3827.0,3885.0,122030555.96386373
2025-07-15 04:00:00,3884.0,3945.0,3843.0,3901.0,34469741.88398996
2025-07-15 08:00:00,3901.0,3995.0,3863.0,3969.0,36339333.03916412
2025-07-15 12:00:00,3970.0,4013.0,3907.0,3969.0,58418908.42713027
2025-07-15 16:00:00,3969.0,4013.0,3925.0,3928.0,17324361.95969193
2025-07-15 20:00:00,3928.0,3995.0,3920.0,3982.0,18817367.60728399
2025-07-16 00:00:00,3983.0,4018.0,3938.0,3984.0,37850464.40527329
2025-07-16 04:00:00,3984.0,4012.0,3965.0,4002.0,19166415.65774549
2025-07-16 08:00:00,4003.0,4043.0,3995.0,4035.0,24919981.05599614
2025-07-16 12:00:00,4034.0,4095.0,4031.0,4069.0,46475810.29037161
2025-07-16 16:00:00,4070.0,4175.0,4061.0,4165.0,38153767.70989521
2025-07-16 20:00:00,4165.0,4200.0,4101.0,4125.0,50998482.86055681
2025-07-17 00:00:00,4125.0,4194.0,4092.0,4142.0,56092408.5162426
2025-07-17 04:00:00,4142.0,4323.0,4125.0,4311.0,88484553.81308806
2025-07-17 08:00:00,4311.0,4483.0,4294.0,4448.0,118239438.756114
2025-07-17 12:00:00,4448.0,4455.0,4321.0,4421.0,72769926.00918627
2025-07-17 16:00:00,4421.0,4610.0,4402.0,4487.0,66506799.38730072
2025-07-17 20:00:00,4487.0,4805.0,4475.0,4741.0,148969812.55670428
2025-07-18 00:00:00,4741.0,4972.0,4723.0,4915.0,163501019.734231
2025-07-18 04:00:00,4914.0,4948.0,4561.0,4585.0,122462845.08647929
2025-07-18 08:00:00,4589.0,4772.0,4583.0,4763.0,141680454.17133796
2025-07-18 12:00:00,4762.0,4817.0,4581.0,4618.0,86799588.28406622
2025-07-18 16:00:00,4616.0,4750.0,4601.0,4697.0,21662355.49315337
2025-07-18 20:00:00,4696.0,4718.0,4607.0,4662.0,31305773.69284882
2025-07-19 00:00:00,4661.0,4749.0,4650.0,4721.0,47983593.1838875
2025-07-19 04:00:00,4720.0,4769.0,4692.0,4736.0,30459702.24817096
2025-07-19 08:00:00,4737.0,4744.0,4652.0,4655.0,29447392.24263617
2025-07-19 12:00:00,4654.0,4698.0,4605.0,4671.0,32471377.97618926
2025-07-19 16:00:00,4671.0,4729.0,4663.0,4692.0,13556610.65589797
2025-07-19 20:00:00,4695.0,4710.0,4643.0,4690.0,14929813.77168573
2025-07-20 00:00:00,4691.0,4720.0,4655.0,4698.0,31352427.27641231
2025-07-20 04:00:00,4698.0,4723.0,4671.0,4707.0,24410965.52994397
2025-07-20 08:00:00,4707.0,4811.0,4706.0,4778.0,59196029.75202431
2025-07-20 12:00:00,4779.0,4828.0,4756.0,4792.0,37437420.78713352
2025-07-20 16:00:00,4792.0,4823.0,4757.0,4791.0,17950339.65507243
2025-07-20 20:00:00,4790.0,4798.0,4680.0,4716.0,37376465.15819278
2025-07-21 00:00:00,4716.0,4767.0,4658.0,4745.0,34518105.31132323
2025-07-21 04:00:00,4744.0,4855.0,4733.0,4843.0,41773552.86403741
2025-07-21 08:00:00,4844.0,4853.0,4800.0,4805.0,28419941.57270081
2025-07-21 12:00:00,4805.0,4935.0,4772.0,4898.0,66374357.81527819
2025-07-21 16:00:00,4897.0,4920.0,4823.0,4841.0,27277056.1875504
2025-07-21 20:00:00,4840.0,4875.0,4810.0,4842.0,17358609.4161056
2025-07-22 00:00:00,4842.0,4878.0,4747.0,4783.0,61508430.23541353
2025-07-22 04:00:00,4783.0,4784.0,4665.0,4743.0,53480519.29703102
2025-07-22 08:00:00,4747.0,4789.0,4693.0,4787.0,26135166.12222178
2025-07-22 12:00:00,4788.0,4809.0,4700.0,4770.0,32251526.20524256
2025-07-22 16:00:00,4770.0,4850.0,4750.0,4785.0,17042176.61216396
2025-07-22 20:00:00,4783.0,4822.0,4773.0,4808.0,13858141.14195527
2025-07-23 00:00:00,4807.0,4810.0,4748.0,4751.0,23956253.15249859
2025-07-23 04:00:00,4751.0,4775.0,4720.0,4729.0,16557342.13106833
2025-07-23 08:00:00,4728.0,4740.0,4681.0,4695.0,24777801.20426655
2025-07-23 12:00:00,4696.0,4696.0,4370.0,4531.0,188089037.70177597
2025-07-23 16:00:00,4532.0,4536.0,4331.0,4352.0,49838423.04273519
2025-07-23 20:00:00,4350.0,4393.0,4150.0,4344.0,147126079.01479715
2025-07-24 00:00:00,4344.0,4427.0,4280.0,4359.0,73807929.18046097
2025-07-24 04:00:00,4360.0,4365.0,4010.0,4172.0,187581118.56391037
2025-07-24 08:00:00,4171.0,4327.0,4141.0,4310.0,76634362.7193457
2025-07-24 12:00:00,4311.0,4442.0,4244.0,4385.0,76851602.06265315
2025-07-24 16:00:00,4384.0,4416.0,4305.0,4362.0,19383855.2387255
2025-07-24 20:00:00,4362.0,4407.0,4250.0,4277.0,29078640.64132049
2025-07-25 00:00:00,4277.0,4320.0,4172.0,4203.0,58757454.27619731
2025-07-25 04:00:00,4203.0,4273.0,4171.0,4218.0,39506831.47146923
2025-07-25 08:00:00,4216.0,4310.0,4201.0,4288.0,35142198.31658213
2025-07-25 12:00:00,4290.0,4311.0,4127.0,4178.0,46236482.32867177
2025-07-25 16:00:00,4178.0,4239.0,4166.0,4206.0,10630415.2160488
2025-07-25 20:00:00,4208.0,4297.0,4206.0,4280.0,17917134.94383479
2025-07-26 00:00:00,4280.0,4304.0,4241.0,4290.0,21386825.09294055
2025-07-26 04:00:00,4290.0,4330.0,4279.0,4307.0,17629523.27750844
2025-07-26 08:00:00,4306.0,4390.0,4298.0,4347.0,30324931.24327951
2025-07-26 12:00:00,4347.0,4365.0,4331.0,4353.0,12588438.22887802
2025-07-26 16:00:00,4351.0,4379.0,4314.0,4348.0,8570779.19060757
2025-07-26 20:00:00,4347.0,4368.0,4324.0,4325.0,7972697.77511987
2025-07-27 00:00:00,4325.0,4370.0,4314.0,4362.0,14382848.38824367
2025-07-27 04:00:00,4362.0,4417.0,4353.0,4359.0,23877997.76760263
2025-07-27 08:00:00,4358.0,4381.0,4334.0,4346.0,17796650.34168453
2025-07-27 12:00:00,4346.0,4375.0,4330.0,4351.0,15741974.2901434
2025-07-27 16:00:00,4351.0,4395.0,4341.0,4370.0,10796186.71450181
2025-07-27 20:00:00,4370.0,4415.0,4355.0,4409.0,24280506.53837883
2025-07-28 00:00:00,4409.0,4479.0,4391.0,4450.0,45871354.41806518
2025-07-28 04:00:00,4450.0,4514.0,4428.0,4464.0,40924658.77487066
2025-07-28 08:00:00,4464.0,4471.0,4409.0,4437.0,22301407.33157089
2025-07-28 12:00:00,4437.0,4443.0,4303.0,4335.0,45375558.43063928
2025-07-28 16:00:00,4335.0,4366.0,4288.0,4344.0,12338829.56309231
2025-07-28 20:00:00,4345.0,4355.0,4287.0,4299.0,18552970.89984088
2025-07-29 00:00:00,4298.0,4336.0,4246.0,4325.0,29122802.46683607
2025-07-29 04:00:00,4324.0,4376.0,4305.0,4365.0,15309099.16023608
2025-07-29 08:00:00,4365.0,4377.0,4295.0,4324.0,19782547.0527734
2025-07-29 12:00:00,4324.0,4362.0,4260.0,4288.0,22889570.87077545
2025-07-29 16:00:00,4288.0,4359.0,4239.0,4313.0,16078007.7171028
2025-07-29 20:00:00,4312.0,4340.0,4290.0,4330.0,9298606.58605389
2025-07-30 00:00:00,4330.0,4339.0,4280.0,4322.0,18751529.38674574
2025-07-30 04:00:00,4322.0,4334.0,4289.0,4305.0,13277083.19460006
2025-07-30 08:00:00,4305.0,4324.0,4214.0,4225.0,28324308.4534525
2025-07-30 12:00:00,4225.0,4348.0,4214.0,4340.0,28067565.40891966
2025-07-30 16:00:00,4340.0,4349.0,4205.0,4306.0,19405349.31530872
2025-07-30 20:00:00,4306.0,4324.0,4250.0,4284.0,12661249.08929302
2025-07-31 00:00:00,4284.0,4340.0,4272.0,4331.0,16671980.34729328
2025-07-31 04:00:00,4331.0,4343.0,4318.0,4343.0,11601133.21888188
2025-07-31 08:00:00,4342.0,4377.0,4341.0,4349.0,15345172.79241273
2025-07-31 12:00:00,4348.0,4350.0,4275.0,4303.0,27543710.72575217
2025-07-31 16:00:00,4303.0,4333.0,4261.0,4266.0,9414671.01183907
2025-07-31 20:00:00,4268.0,4284.0,4210.0,4212.0,24942948.61781357
2025-08-01 00:00:00,4212.0,4223.0,4071.0,4176.0,83170603.78402425
2025-08-01 04:00:00,4175.0,4180.0,4092.0,4126.0,31773628.83157182
2025-08-01 08:00:00,4125.0,4135.0,4057.0,4133.0,31981693.51181693
2025-08-01 12:00:00,4134.0,4235.0,4090.0,4216.0,43445607.78618872
2025-08-01 16:00:00,4219.0,4226.0,4151.0,4206.0,12932136.47213105
2025-08-01 20:00:00,4206.0,4224.0,4065.0,4126.0,32930852.05028226
2025-08-02 00:00:00,4125.0,4170.0,4108.0,4165.0,14368376.54392893
2025-08-02 04:00:00,4165.0,4210.0,4115.0,4174.0,23858382.13385411
2025-08-02 08:00:00,4174.0,4185.0,4102.0,4113.0,17085926.47104379
2025-08-02 12:00:00,4113.0,4124.0,3969.0,3973.0,48493055.47687982
2025-08-02 16:00:00,3974.0,4018.0,3871.0,3909.0,51630328.73640632
2025-08-02 20:00:00,3910.0,3960.0,3836.0,3875.0,51744205.26847956
2025-08-03 00:00:00,3876.0,3986.0,3811.0,3980.0,61404548.18485687
2025-08-03 04:00:00,3980.0,4014.0,3938.0,4008.0,24626423.71357753
2025-08-03 08:00:00,4008.0,4058.0,3992.0,4022.0,26418671.8744569
2025-08-03 12:00:00,4022.0,4056.0,4001.0,4050.0,18857044.12698567
2025-08-03 16:00:00,4050.0,4095.0,4035.0,4074.0,9647685.72550501
2025-08-03 20:00:00,4075.0,4153.0,4057.0,4140.0,21158117.12960211
2025-08-04 00:00:00,4140.0,4254.0,4106.0,4196.0,54396699.98124117
2025-08-04 04:00:00,4197.0,4219.0,4138.0,4214.0,25707395.68435146
2025-08-04 08:00:00,4212.0,4223.0,4162.0,4180.0,14490980.79792953
2025-08-04 12:00:00,4180.0,4289.0,4162.0,4237.0,40804053.99341044
2025-08-04 16:00:00,4236.0,4297.0,4236.0,4254.0,11914528.08876602
2025-08-04 20:00:00,4253.0,4297.0,4243.0,4275.0,16153720.11333548
2025-08-05 00:00:00,4276.0,4334.0,4227.0,4236.0,36769121.26840162
2025-08-05 04:00:00,4235.0,4266.0,4197.0,4199.0,20609264.81452882
2025-08-05 08:00:00,4200.0,4294.0,4191.0,4264.0,23360523.26110238
2025-08-05 12:00:00,4263.0,4268.0,4151.0,4167.0,33714235.33475562
2025-08-05 16:00:00,4167.0,4194.0,4140.0,4140.0,8897743.06414786
2025-08-05 20:00:00,4140.0,4179.0,4101.0,4155.0,18242466.48262343
2025-08-06 00:00:00,4154.0,4163.0,4075.0,4078.0,25818584.00006845
2025-08-06 04:00:00,4078.0,4159.0,4059.0,4134.0,24961465.62255019
2025-08-06 08:00:00,4134.0,4139.0,4089.0,4119.0,10009747.22558086
2025-08-06 12:00:00,4119.0,4189.0,4092.0,4186.0,16241436.5531787
2025-08-06 16:00:00,4186.0,4200.0,4148.0,4189.0,9617105.35682641
2025-08-06 20:00:00,4190.0,4191.0,4154.0,4164.0,6942297.63622127
2025-08-07 00:00:00,4163.0,4190.0,4141.0,4143.0,11834522.58699425
2025-08-07 04:00:00,4143.0,4188.0,4140.0,4169.0,11194471.3520596
2025-08-07 08:00:00,4170.0,4275.0,4158.0,4260.0,29535562.52476272
2025-08-07 12:00:00,4260.0,4268.0,4214.0,4237.0,23080327.18022564
2025-08-07 16:00:00,4237.0,4274.0,4182.0,4273.0,10198184.85885228
2025-08-07 20:00:00,4273.0,4595.0,4271.0,4568.0,126752577.71006292
2025-08-08 00:00:00,4568.0,4650.0,4500.0,4650.0,99819855.27569799
2025-08-08 04:00:00,4650.0,4664.0,4547.0,4620.0,55321364.84839042
2025-08-08 08:00:00,4619.0,4624.0,4555.0,4595.0,21813539.28842402
2025-08-08 12:00:00,4594.0,4633.0,4423.0,4450.0,59915175.3469823
2025-08-08 16:00:00,4448.0,4579.0,4445.0,4579.0,18689851.7832856
2025-08-08 20:00:00,4578.0,4579.0,4500.0,4503.0,14860673.33741382
2025-08-09 00:00:00,4503.0,4556.0,4498.0,4528.0,18414265.13914732
2025-08-09 04:00:00,4529.0,4579.0,4527.0,4560.0,23564732.07175485
2025-08-09 08:00:00,4561.0,4590.0,4539.0,4541.0,20462460.55814502
2025-08-09 12:00:00,4541.0,4562.0,4460.0,4503.0,34578849.7924176
2025-08-09 16:00:00,4502.0,4527.0,4477.0,4485.0,10568006.05974614
2025-08-09 20:00:00,4487.0,4503.0,4420.0,4442.0,35805291.83522643
2025-08-10 00:00:00,4440.0,4477.0,4434.0,4470.0,30047421.50347604
2025-08-10 04:00:00,4469.0,4500.0,4345.0,4372.0,36349882.76175526
2025-08-10 08:00:00,4372.0,4420.0,4321.0,4379.0,32333191.76569588
2025-08-10 12:00:00,4379.0,4389.0,4330.0,4367.0,18116871.18448989
2025-08-10 16:00:00,4367.0,4407.0,4365.0,4402.0,4758618.31025937
2025-08-10 20:00:00,4402.0,4403.0,4347.0,4382.0,14945111.29912439
2025-08-11 00:00:00,4382.0,4484.0,4356.0,4463.0,35209998.51785349
2025-08-11 04:00:00,4463.0,4488.0,4423.0,4434.0,23321320.3552636
2025-08-11 08:00:00,4434.0,4555.0,4405.0,4418.0,63729365.50927405
2025-08-11 12:00:00,4418.0,4447.0,4381.0,4410.0,33333349.56675401
2025-08-11 16:00:00,4409.0,4436.0,4352.0,4353.0,15190430.94740405
2025-08-11 20:00:00,4353.0,4375.0,4315.0,4334.0,25381031.46249716
2025-08-12 00:00:00,4333.0,4380.0,4331.0,4339.0,16733888.19452591
2025-08-12 04:00:00,4339.0,4355.0,4301.0,4341.0,21949308.70029395
2025-08-12 08:00:00,4341.0,4361.0,4282.0,4341.0,26920044.59794989
2025-08-12 12:00:00,4341.0,4428.0,4327.0,4415.0,46980814.97178119
2025-08-12 16:00:00,4413.0,4497.0,4405.0,4494.0,16058260.0811914
2025-08-12 20:00:00,4493.0,4510.0,4443.0,4465.0,30794242.977143
2025-08-13 00:00:00,4466.0,4475.0,4402.0,4447.0,35102289.84855647
2025-08-13 04:00:00,4446.0,4459.0,4400.0,4442.0,20119728.20380739
2025-08-13 08:00:00,4441.0,4495.0,4438.0,4474.0,32541422.74749907
2025-08-13 12:00:00,4474.0,4538.0,4420.0,4450.0,53325954.26389879
2025-08-13 16:00:00,4450.0,4472.0,4436.0,4462.0,7724063.89607426
2025-08-13 20:00:00,4461.0,4486.0,4443.0,4467.0,18866216.63876455
2025-08-14 00:00:00,4467.0,4560.0,4465.0,4534.0,55492400.41902247
2025-08-14 04:00:00,4535.0,4543.0,4431.0,4468.0,49104375.16418405
2025-08-14 08:00:00,4469.0,4469.0,4411.0,4434.0,24445011.70487266
2025-08-14 12:00:00,4434.0,4455.0,4188.0,4294.0,140618988.56536275
2025-08-14 16:00:00,4294.0,4309.0,4235.0,4271.0,19653795.38323516
2025-08-14 20:00:00,4270.0,4308.0,4226.0,4289.0,17840272.89759036
2025-08-15 00:00:00,4289.0,4344.0,4283.0,4340.0,16951576.82685405
2025-08-15 04:00:00,4339.0,4352.0,4314.0,4328.0,14358543.14106619
2025-08-15 08:00:00,4327.0,4335.0,4294.0,4315.0,11421359.96623146
2025-08-15 12:00:00,4313.0,4347.0,4206.0,4223.0,33010890.64473509
2025-08-15 16:00:00,4223.0,4318.0,4201.0,4289.0,14765500.24464905
2025-08-15 20:00:00,4286.0,4334.0,4271.0,4302.0,11726756.1247277
2025-08-16 00:00:00,4302.0,4330.0,4295.0,4323.0,10608318.32327701
2025-08-16 04:00:00,4322.0,4334.0,4298.0,4331.0,9279275.13975273
2025-08-16 08:00:00,4331.0,4375.0,4302.0,4302.0,25052819.56208125
2025-08-16 12:00:00,4303.0,4333.0,4301.0,4306.0,11257788.9005619
2025-08-16 16:00:00,4305.0,4317.0,4297.0,4304.0,4982846.71889038
2025-08-16 20:00:00,4304.0,4318.0,4299.0,4315.0,3739036.73733898
2025-08-17 00:00:00,4315.0,4333.0,4290.0,4331.0,10233844.98354672
2025-08-17 04:00:00,4330.0,4352.0,4316.0,4321.0,10975506.22342896
2025-08-17 08:00:00,4320.0,4349.0,4315.0,4334.0,10333804.12847976
2025-08-17 12:00:00,4334.0,4345.0,4314.0,4339.0,11635638.79307018
2025-08-17 16:00:00,4340.0,4345.0,4282.0,4291.0,9487513.9714808
2025-08-17 20:00:00,4292.0,4322.0,4292.0,4296.0,8827692.4063342
2025-08-18 00:00:00,4296.0,4303.0,4122.0,4168.0,58057717.90274143
2025-08-18 04:00:00,4168.0,4190.0,4127.0,4136.0,26620349.28853115
2025-08-18 08:00:00,4135.0,4152.0,4104.0,4131.0,20417585.60186626
2025-08-18 12:00:00,4132.0,4205.0,4127.0,4197.0,17392914.5314968
2025-08-18 16:00:00,4197.0,4295.0,4179.0,4280.0,14676977.64976767
2025-08-18 20:00:00,4281.0,4300.0,4243.0,4252.0,15953594.48481954
2025-08-19 00:00:00,4251.0,4279.0,4160.0,4170.0,23131236.11269714
2025-08-19 04:00:00,4170.0,4218.0,4151.0,4182.0,16423422.64141228
2025-08-19 08:00:00,4182.0,4209.0,4168.0,4192.0,10098357.95559039
2025-08-19 12:00:00,4192.0,4215.0,4093.0,4096.0,29594834.67485952
2025-08-19 16:00:00,4096.0,4106.0,4026.0,4034.0,23170493.79625158
2025-08-19 20:00:00,4034.0,4073.0,3970.0,3990.0,42517459.50411847
2025-08-20 00:00:00,3990.0,4061.0,3989.0,4050.0,31896228.36468927
2025-08-20 04:00:00,4050.0,4071.0,4012.0,4016.0,14384741.44724027
2025-08-20 08:00:00,4016.0,4075.0,4005.0,4038.0,17688823.4839681
2025-08-20 12:00:00,4038.0,4095.0,3954.0,4050.0,41819416.92784567
2025-08-20 16:00:00,4050.0,4152.0,4050.0,4151.0,13214811.76336515
2025-08-20 20:00:00,4150.0,4152.0,4108.0,4109.0,13245489.39964878
2025-08-21 00:00:00,4110.0,4120.0,4065.0,4084.0,18738921.02572303
2025-08-21 04:00:00,4084.0,4092.0,4038.0,4055.0,10753731.57481634
2025-08-21 08:00:00,4055.0,4065.0,4028.0,4054.0,9615074.22188753
2025-08-21 12:00:00,4055.0,4083.0,4027.0,4044.0,13838494.83502866
2025-08-21 16:00:00,4044.0,4087.0,4010.0,4030.0,8971295.79667655
2025-08-21 20:00:00,4030.0,4049.0,3990.0,4000.0,12627491.03475161
2025-08-22 00:00:00,4000.0,4031.0,3955.0,3970.0,26834575.3649024
2025-08-22 04:00:00,3970.0,4013.0,3966.0,3999.0,15748546.58779359
2025-08-22 08:00:00,3997.0,4016.0,3926.0,3928.0,24641710.2550882
2025-08-22 12:00:00,3928.0,4247.0,3901.0,4185.0,136380251.04023907
2025-08-22 16:00:00,4186.0,4286.0,4185.0,4240.0,37047537.38234402
2025-08-22 20:00:00,4243.0,4277.0,4216.0,4236.0,24437081.97567104
2025-08-23 00:00:00,4235.0,4237.0,4101.0,4138.0,43355925.62169442
2025-08-23 04:00:00,4138.0,4243.0,4137.0,4219.0,23897027.00312348
2025-08-23 08:00:00,4219.0,4233.0,4185.0,4207.0,12161378.83671451
2025-08-23 12:00:00,4207.0,4214.0,4170.0,4185.0,9632470.59712751
2025-08-23 16:00:00,4185.0,4194.0,4177.0,4189.0,2320639.14664535
2025-08-23 20:00:00,4192.0,4229.0,4189.0,4215.0,6058739.73813279
2025-08-24 00:00:00,4215.0,4276.0,4212.0,4234.0,23949357.93136016
2025-08-24 04:00:00,4234.0,4239.0,4203.0,4210.0,9819701.05959236
2025-08-24 08:00:00,4210.0,4227.0,4162.0,4183.0,15590547.28955349
2025-08-24 12:00:00,4183.0,4220.0,4178.0,4192.0,10726356.48287113
2025-08-24 16:00:00,4191.0,4307.0,4175.0,4219.0,29103171.75853848
2025-08-24 20:00:00,4217.0,4232.0,4165.0,4201.0,18478980.31493493
2025-08-25 00:00:00,4201.0,4234.0,4150.0,4197.0,23748993.47236528
2025-08-25 04:00:00,4197.0,4204.0,4105.0,4108.0,25907118.05935343
2025-08-25 08:00:00,4108.0,4141.0,4089.0,4125.0,20208864.33631941
2025-08-25 12:00:00,4125.0,4158.0,4110.0,4133.0,12878729.7943465
2025-08-25 16:00:00,4133.0,4156.0,4064.0,4071.0,7665297.23870908
2025-08-25 20:00:00,4071.0,4090.0,4017.0,4046.0,24142816.84905161
2025-08-26 00:00:00,4046.0,4099.0,4032.0,4076.0,18780247.53453338
2025-08-26 04:00:00,4076.0,4135.0,4075.0,4115.0,13705504.4121378
2025-08-26 08:00:00,4115.0,4128.0,4080.0,4100.0,8621771.69421491
2025-08-26 12:00:00,4099.0,4136.0,4080.0,4127.0,17197147.56724952
2025-08-26 16:00:00,4127.0,4300.0,4121.0,4277.0,19069339.52298752
2025-08-26 20:00:00,4272.0,4277.0,4201.0,4216.0,22806428.33606199
2025-08-27 00:00:00,4216.0,4218.0,4173.0,4198.0,17657995.45426761
2025-08-27 04:00:00,4198.0,4226.0,4182.0,4192.0,11859868.69524896
2025-08-27 08:00:00,4191.0,4226.0,4191.0,4201.0,8909501.57489638
2025-08-27 12:00:00,4200.0,4229.0,4187.0,4213.0,13905570.65568802
2025-08-27 16:00:00,4212.0,4241.0,4182.0,4203.0,7337798.43469493
2025-08-27 20:00:00,4204.0,4230.0,4150.0,4158.0,16122261.75569037
2025-08-28 00:00:00,4156.0,4177.0,4137.0,4168.0,14522544.57572334
2025-08-28 04:00:00,4165.0,4197.0,4162.0,4184.0,11949005.20981224
2025-08-28 08:00:00,4184.0,4199.0,4170.0,4180.0,9747735.27910823
2025-08-28 12:00:00,4179.0,4204.0,4151.0,4164.0,17351223.74503057
2025-08-28 16:00:00,4164.0,4177.0,4120.0,4120.0,8565996.53457276
2025-08-28 20:00:00,4120.0,4155.0,4120.0,4134.0,8889477.97463324
2025-08-29 00:00:00,4134.0,4150.0,4095.0,4097.0,23109522.39933994
2025-08-29 04:00:00,4097.0,4097.0,3991.0,4009.0,62959032.20589852
2025-08-29 08:00:00,4009.0,4042.0,3966.0,4009.0,41689186.47607846
2025-08-29 12:00:00,4010.0,4083.0,3944.0,3967.0,61368642.34899048
2025-08-29 16:00:00,3969.0,3983.0,3935.0,3946.0,12606824.26765542
2025-08-29 20:00:00,3946.0,3973.0,3900.0,3961.0,26203948.41302874
2025-08-30 00:00:00,3961.0,3965.0,3855.0,3931.0,55508538.15787887
2025-08-30 04:00:00,3931.0,3966.0,3922.0,3952.0,15077655.71020727
2025-08-30 08:00:00,3951.0,3953.0,3897.0,3926.0,16165742.87357231
2025-08-30 12:00:00,3926.0,3926.0,3868.0,3911.0,21767544.82143431
2025-08-30 16:00:00,3911.0,3927.0,3902.0,3915.0,5120363.12485752
2025-08-30 20:00:00,3915.0,3933.0,3903.0,3928.0,6392255.71805157
2025-08-31 00:00:00,3928.0,4000.0,3926.0,3971.0,23235124.90623147
2025-08-31 04:00:00,3971.0,3979.0,3928.0,3935.0,13694343.87810452
2025-08-31 08:00:00,3935.0,3960.0,3912.0,3928.0,11566441.20295059
2025-08-31 12:00:00,3928.0,3930.0,3892.0,3918.0,17148506.27105309
2025-08-31 16:00:00,3918.0,3920.0,3893.0,3894.0,4537923.93562514
2025-08-31 20:00:00,3894.0,3918.0,3862.0,3868.0,14574039.19530213
2025-09-01 00:00:00,3868.0,3869.0,3800.0,3816.0,51704095.17152593
2025-09-01 04:00:00,3816.0,3888.0,3750.0,3888.0,47941836.61913958
2025-09-01 08:00:00,3888.0,3945.0,3839.0,3852.0,38910910.88634858
2025-09-01 12:00:00,3853.0,3871.0,3838.0,3849.0,13911520.10994198
2025-09-01 16:00:00,3849.0,3866.0,3798.0,3862.0,7616272.40780993
2025-09-01 20:00:00,3863.0,3868.0,3781.0,3849.0,13503261.84776818
2025-09-02 00:00:00,3849.0,3900.0,3831.0,3889.0,16602411.18072043
2025-09-02 04:00:00,3890.0,3916.0,3871.0,3881.0,13953234.83021504
2025-09-02 08:00:00,3881.0,3937.0,3881.0,3891.0,14288343.01999653
2025-09-02 12:00:00,3892.0,3950.0,3848.0,3887.0,38211817.7259184
2025-09-02 16:00:00,3886.0,3948.0,3882.0,3946.0,10399024.62488582
2025-09-02 20:00:00,3946.0,3988.0,3934.0,3983.0,17672548.93852595
2025-09-03 00:00:00,3983.0,3995.0,3936.0,3961.0,20141167.55458986
2025-09-03 04:00:00,3960.0,3963.0,3919.0,3934.0,12109884.57705185
2025-09-03 08:00:00,3934.0,3980.0,3933.0,3971.0,9998422.06554761
2025-09-03 12:00:00,3970.0,3998.0,3948.0,3981.0,17704423.79900406
2025-09-03 16:00:00,3981.0,3982.0,3949.0,3972.0,4060213.79656236
2025-09-03 20:00:00,3973.0,3974.0,3941.0,3944.0,7358706.02816834
2025-09-04 00:00:00,3944.0,3969.0,3935.0,3962.0,14050999.89739591
2025-09-04 04:00:00,3963.0,3987.0,3932.0,3946.0,21680877.93427941
2025-09-04 08:00:00,3947.0,3980.0,3945.0,3965.0,10866703.46013452
2025-09-04 12:00:00,3967.0,3974.0,3930.0,3937.0,16597861.97643915
2025-09-04 16:00:00,3937.0,3955.0,3917.0,3917.0,6686609.13365917
2025-09-04 20:00:00,3917.0,3956.0,3917.0,3927.0,8215998.28399002
2025-09-05 00:00:00,3927.0,3939.0,3901.0,3930.0,12731801.37574849
2025-09-05 04:00:00,3930.0,3976.0,3925.0,3964.0,12039783.30841909
2025-09-05 08:00:00,3965.0,3982.0,3956.0,3970.0,11972218.28618372
2025-09-05 12:00:00,3969.0,4012.0,3930.0,3941.0,36980160.96466667
2025-09-05 16:00:00,3940.0,4000.0,3936.0,4000.0,6498987.93518925
2025-09-05 20:00:00,3999.0,4000.0,3944.0,3944.0,7750088.99632438
2025-09-06 00:00:00,3944.0,3957.0,3940.0,3954.0,6132091.87297247
2025-09-06 04:00:00,3953.0,3954.0,3941.0,3949.0,2901913.74521731
2025-09-06 08:00:00,3949.0,3950.0,3927.0,3934.0,6467925.00728877
2025-09-06 12:00:00,3934.0,3952.0,3932.0,3934.0,6937292.2954007
2025-09-06 16:00:00,3934.0,3942.0,3925.0,3926.0,3768226.84353094
2025-09-06 20:00:00,3926.0,3940.0,3925.0,3935.0,2411540.58596884
2025-09-07 00:00:00,3936.0,3952.0,3935.0,3948.0,4904814.42454617
2025-09-07 04:00:00,3949.0,3961.0,3941.0,3956.0,4273733.35829977
2025-09-07 08:00:00,3956.0,3966.0,3950.0,3955.0,4845123.21471068
2025-09-07 12:00:00,3956.0,4092.0,3953.0,4048.0,42172850.75587944
2025-09-07 16:00:00,4047.0,4049.0,3991.0,4003.0,7563792.15479496
2025-09-07 20:00:00,4003.0,4029.0,3991.0,4013.0,9541407.39336551
2025-09-08 00:00:00,4013.0,4042.0,4002.0,4031.0,12903748.11784089
2025-09-08 04:00:00,4030.0,4058.0,4020.0,4058.0,12217543.01126162
2025-09-08 08:00:00,4057.0,4114.0,4049.0,4091.0,25966757.6517706
2025-09-08 12:00:00,4091.0,4167.0,4090.0,4146.0,39059844.79748994
2025-09-08 16:00:00,4145.0,4154.0,4119.0,4148.0,6522100.60282975
2025-09-08 20:00:00,4149.0,4154.0,4122.0,4138.0,8810224.60468334
2025-09-09 00:00:00,4138.0,4145.0,4087.0,4109.0,21486362.24215103
2025-09-09 04:00:00,4109.0,4200.0,4103.0,4190.0,22930260.344987
2025-09-09 08:00:00,4189.0,4209.0,4157.0,4168.0,18499113.40797034
2025-09-09 12:00:00,4168.0,4198.0,4100.0,4114.0,24205708.90404917
2025-09-09 16:00:00,4113.0,4147.0,4108.0,4136.0,3656564.75166764
2025-09-09 20:00:00,4138.0,4140.0,4103.0,4109.0,7443604.91398482
2025-09-10 00:00:00,4109.0,4131.0,4092.0,4126.0,11414050.09390627
2025-09-10 04:00:00,4126.0,4146.0,4109.0,4146.0,8534772.50287798
2025-09-10 08:00:00,4145.0,4153.0,4126.0,4133.0,8118386.76127609
2025-09-10 12:00:00,4133.0,4194.0,4133.0,4170.0,24667477.83707825
2025-09-10 16:00:00,4170.0,4181.0,4138.0,4152.0,4559027.03201912
2025-09-10 20:00:00,4152.0,4163.0,4142.0,4150.0,5543534.54046838
2025-09-11 00:00:00,4150.0,4185.0,4147.0,4185.0,9806818.72549373
2025-09-11 04:00:00,4185.0,4190.0,4170.0,4178.0,8419433.54489723
2025-09-11 08:00:00,4179.0,4220.0,4175.0,4192.0,18153018.20468321
2025-09-11 12:00:00,4193.0,4225.0,4126.0,4173.0,39206925.79112001
2025-09-11 16:00:00,4171.0,4220.0,4170.0,4208.0,6294422.88038762
2025-09-11 20:00:00,4206.0,4234.0,4189.0,4223.0,12500084.00521672
2025-09-12 00:00:00,4224.0,4269.0,4215.0,4224.0,23827750.90315519
2025-09-12 04:00:00,4224.0,4267.0,4216.0,4261.0,17041665.42975579
2025-09-12 08:00:00,4260.0,4263.0,4235.0,4236.0,8841558.82385272
2025-09-12 12:00:00,4235.0,4261.0,4210.0,4221.0,18441465.18354875
2025-09-12 16:00:00,4221.0,4286.0,4215.0,4285.0,11683170.28138511
2025-09-12 20:00:00,4283.0,4343.0,4274.0,4312.0,28702645.71239141
2025-09-13 00:00:00,4311.0,4334.0,4285.0,4319.0,24074564.57836353
2025-09-13 04:00:00,4319.0,4331.0,4303.0,4327.0,11558037.51793223
2025-09-13 08:00:00,4326.0,4412.0,4320.0,4388.0,40230190.10537975
2025-09-13 12:00:00,4388.0,4398.0,4314.0,4329.0,26876473.20566334
2025-09-13 16:00:00,4329.0,4342.0,4282.0,4313.0,11368062.97488152
2025-09-13 20:00:00,4310.0,4338.0,4310.0,4324.0,6136108.8717567
2025-09-14 00:00:00,4324.0,4329.0,4276.0,4292.0,19324421.78134629
2025-09-14 04:00:00,4292.0,4303.0,4263.0,4272.0,13490261.17533065
2025-09-14 08:00:00,4273.0,4291.0,4245.0,4250.0,14759593.79979362
2025-09-14 12:00:00,4250.0,4259.0,4176.0,4212.0,30163912.04897119
2025-09-14 16:00:00,4213.0,4243.0,4210.0,4219.0,4235656.7147712
2025-09-14 20:00:00,4219.0,4249.0,4208.0,4209.0,8124584.65260934
2025-09-15 00:00:00,4209.0,4238.0,4183.0,4231.0,13782116.63155688
2025-09-15 04:00:00,4232.0,4255.0,4192.0,4203.0,16369913.83205188
2025-09-15 08:00:00,4202.0,4203.0,4112.0,4182.0,34071185.19387725
2025-09-15 12:00:00,4182.0,4235.0,4160.0,4220.0,21784646.780276
2025-09-15 16:00:00,4220.0,4230.0,4170.0,4171.0,5977088.19828086
2025-09-15 20:00:00,4172.0,4192.0,4161.0,4182.0,5842703.90650737
2025-09-16 00:00:00,4182.0,4184.0,4147.0,4152.0,10032224.87652646
2025-09-16 04:00:00,4152.0,4185.0,4130.0,4180.0,10866997.72347947
2025-09-16 08:00:00,4179.0,4236.0,4175.0,4215.0,15094579.12055692
2025-09-16 12:00:00,4215.0,4240.0,4188.0,4236.0,15124272.93733045
2025-09-16 16:00:00,4236.0,4249.0,4220.0,4240.0,4354509.90907078
2025-09-16 20:00:00,4240.0,4245.0,4217.0,4224.0,5126203.21111488
2025-09-17 00:00:00,4224.0,4230.0,4192.0,4192.0,10195963.71371008
2025-09-17 04:00:00,4194.0,4228.0,4182.0,4220.0,10830369.37195345
2025-09-17 08:00:00,4220.0,4220.0,4190.0,4196.0,6773400.31574763
2025-09-17 12:00:00,4198.0,4229.0,4195.0,4211.0,8433991.70102552
2025-09-17 16:00:00,4211.0,4265.0,4162.0,4220.0,23292437.7789829
2025-09-17 20:00:00,4220.0,4311.0,4186.0,4270.0,28282982.22509907
2025-09-18 00:00:00,4271.0,4312.0,4257.0,4305.0,20681247.73498821
2025-09-18 04:00:00,4305.0,4306.0,4247.0,4291.0,15689931.44410302
2025-09-18 08:00:00,4291.0,4350.0,4288.0,4350.0,27669157.12617221
2025-09-18 12:00:00,4349.0,4353.0,4314.0,4320.0,20425038.64116866
2025-09-18 16:00:00,4318.0,4326.0,4290.0,4312.0,8250710.89792641
2025-09-18 20:00:00,4311.0,4313.0,4251.0,4270.0,19669979.20893303
2025-09-19 00:00:00,4269.0,4295.0,4240.0,4242.0,19050644.78996033
2025-09-19 04:00:00,4241.0,4253.0,4215.0,4233.0,16836864.9975512
2025-09-19 08:00:00,4233.0,4245.0,4213.0,4227.0,11399962.97982261
2025-09-19 12:00:00,4226.0,4247.0,4186.0,4214.0,21294760.21441845
2025-09-19 16:00:00,4214.0,4217.0,4186.0,4188.0,5343107.89964374
2025-09-19 20:00:00,4189.0,4206.0,4184.0,4197.0,8390531.35053792
2025-09-20 00:00:00,4197.0,4215.0,4187.0,4200.0,8032999.30478447
2025-09-20 04:00:00,4200.0,4216.0,4193.0,4214.0,6539166.45916717
2025-09-20 08:00:00,4214.0,4217.0,4180.0,4193.0,11256744.42956281
2025-09-20 12:00:00,4193.0,4194.0,4151.0,4181.0,15578777.26958832
2025-09-20 16:00:00,4181.0,4187.0,4161.0,4167.0,3797915.40627881
2025-09-20 20:00:00,4167.0,4184.0,4161.0,4176.0,5916286.66194979
2025-09-21 00:00:00,4175.0,4195.0,4164.0,4192.0,10588915.78851082
2025-09-21 04:00:00,4191.0,4214.0,4185.0,4195.0,14990164.44468108
2025-09-21 08:00:00,4194.0,4198.0,4156.0,4172.0,11891502.77121366
2025-09-21 12:00:00,4172.0,4184.0,4157.0,4166.0,9700464.74528245
2025-09-21 16:00:00,4166.0,4177.0,4145.0,4173.0,6314132.38456299
2025-09-21 20:00:00,4172.0,4185.0,4153.0,4162.0,8404756.33383621
2025-09-22 00:00:00,4162.0,4169.0,4045.0,4078.0,51981195.05404047
2025-09-22 04:00:00,4078.0,4079.0,3953.0,3972.0,60488073.55866903
2025-09-22 08:00:00,3973.0,4000.0,3962.0,3991.0,30577414.06854986
2025-09-22 12:00:00,3990.0,4087.0,3976.0,4075.0,45622033.35458109
2025-09-22 16:00:00,4073.0,4085.0,4024.0,4050.0,10589085.40814131
2025-09-22 20:00:00,4045.0,4079.0,4020.0,4073.0,10925038.16248069
2025-09-23 00:00:00,4072.0,4098.0,3983.0,4071.0,34264038.20613301
2025-09-23 04:00:00,4071.0,4095.0,4038.0,4075.0,14242127.97610565
2025-09-23 08:00:00,4075.0,4092.0,4062.0,4071.0,9452704.59172033
2025-09-23 12:00:00,4071.0,4096.0,4061.0,4089.0,9369524.63150192
2025-09-23 16:00:00,4090.0,4111.0,4050.0,4071.0,7638589.56029635
2025-09-23 20:00:00,4071.0,4076.0,4016.0,4025.0,9212410.77710174
2025-09-24 00:00:00,4024.0,4053.0,4004.0,4011.0,12602084.60137513
2025-09-24 04:00:00,4013.0,4084.0,3992.0,4080.0,20289166.94660064
2025-09-24 08:00:00,4081.0,4097.0,4070.0,4085.0,9261707.1447301
2025-09-24 12:00:00,4085.0,4176.0,4078.0,4163.0,20990410.35923953
2025-09-24 16:00:00,4163.0,4230.0,4145.0,4204.0,15438139.55587489
2025-09-24 20:00:00,4204.0,4212.0,4142.0,4149.0,18140745.35154735
2025-09-25 00:00:00,4150.0,4181.0,4093.0,4098.0,24934304.50854496
2025-09-25 04:00:00,4097.0,4105.0,4054.0,4071.0,20135487.64021067
2025-09-25 08:00:00,4070.0,4084.0,4022.0,4032.0,17070177.43123354
2025-09-25 12:00:00,4031.0,4097.0,4010.0,4062.0,27273050.58834732
2025-09-25 16:00:00,4063.0,4070.0,3983.0,3997.0,25285261.18224942
2025-09-25 20:00:00,3999.0,4017.0,3978.0,3987.0,26642215.64083299
2025-09-26 00:00:00,3986.0,4027.0,3985.0,4006.0,18492474.53327504
2025-09-26 04:00:00,4006.0,4010.0,3964.0,3986.0,17441622.24097185
2025-09-26 08:00:00,3986.0,3997.0,3924.0,3959.0,23426801.43725282
2025-09-26 12:00:00,3959.0,4024.0,3935.0,3975.0,28600798.26630518
2025-09-26 16:00:00,3976.0,4030.0,3971.0,4018.0,10267801.63133238
2025-09-26 20:00:00,4020.0,4023.0,3991.0,4015.0,6008302.41297478
2025-09-27 00:00:00,4016.0,4016.0,3992.0,4004.0,7851821.2599533
2025-09-27 04:00:00,4004.0,4025.0,3996.0,3998.0,7387080.80788303
2025-09-27 08:00:00,3998.0,4012.0,3980.0,3996.0,6900066.11501098
2025-09-27 12:00:00,3996.0,4010.0,3991.0,4004.0,4380320.46017916
2025-09-27 16:00:00,4004.0,4019.0,3985.0,4013.0,3937414.36612493
2025-09-27 20:00:00,4014.0,4070.0,4011.0,4034.0,11988496.88869998
2025-09-28 00:00:00,4034.0,4049.0,4005.0,4012.0,9177830.27001217
2025-09-28 04:00:00,4011.0,4025.0,4004.0,4015.0,4548972.68073324
2025-09-28 08:00:00,4015.0,4029.0,4000.0,4003.0,6599081.77935317
2025-09-28 12:00:00,4003.0,4044.0,3995.0,4039.0,11003081.06533752
2025-09-28 16:00:00,4039.0,4065.0,4032.0,4058.0,5580112.78617783
2025-09-28 20:00:00,4056.0,4106.0,4055.0,4104.0,14030762.91829394
2025-09-29 00:00:00,4103.0,4119.0,4069.0,4093.0,16531458.69374882
2025-09-29 04:00:00,4093.0,4140.0,4066.0,4117.0,15001051.26343731
2025-09-29 08:00:00,4117.0,4130.0,4082.0,4092.0,11120459.72802951
2025-09-29 12:00:00,4091.0,4183.0,4080.0,4129.0,24238847.60824189
2025-09-29 16:00:00,4128.0,4139.0,4101.0,4130.0,5708222.02974666
2025-09-29 20:00:00,4130.0,4153.0,4099.0,4107.0,10761392.45238731
2025-09-30 00:00:00,4107.0,4123.0,4101.0,4108.0,11705617.87874511
2025-09-30 04:00:00,4107.0,4135.0,4100.0,4101.0,11572811.79232911
2025-09-30 08:00:00,4101.0,4102.0,4056.0,4078.0,13951192.18129779
2025-09-30 12:00:00,4078.0,4097.0,4043.0,4061.0,10470912.19800892
2025-09-30 16:00:00,4061.0,4100.0,4045.0,4095.0,3968485.7712966
2025-09-30 20:00:00,4095.0,4108.0,4050.0,4066.0,9621927.41049524
2025-10-01 00:00:00,4065.0,4083.0,4030.0,4036.0,13688579.5280769
2025-10-01 04:00:00,4036.0,4080.0,4033.0,4079.0,12454501.48160887
2025-10-01 08:00:00,4079.0,4195.0,4075.0,4184.0,38627283.36024549
2025-10-01 12:00:00,4182.0,4195.0,4159.0,4177.0,18397456.04753048
2025-10-01 16:00:00,4177.0,4197.0,4150.0,4190.0,7580194.97539026
2025-10-01 20:00:00,4189.0,4194.0,4161.0,4188.0,10986302.7465093
2025-10-02 00:00:00,4186.0,4250.0,4171.0,4227.0,35972094.71979808
2025-10-02 04:00:00,4227.0,4241.0,4204.0,4215.0,14569610.80195832
2025-10-02 08:00:00,4215.0,4250.0,4212.0,4221.0,13476192.97818007
2025-10-02 12:00:00,4221.0,4250.0,4197.0,4244.0,20764528.79836526
2025-10-02 16:00:00,4244.0,4379.0,4238.0,4367.0,29967995.0681029
2025-10-02 20:00:00,4367.0,4370.0,4285.0,4307.0,19015450.18116906
2025-10-03 00:00:00,4307.0,4309.0,4243.0,4277.0,28026740.30798562
2025-10-03 04:00:00,4276.0,4298.0,4270.0,4298.0,8760239.13672657
2025-10-03 08:00:00,4297.0,4330.0,4288.0,4312.0,15512249.56368029
2025-10-03 12:00:00,4313.0,4345.0,4276.0,4342.0,16341705.95705566
2025-10-03 16:00:00,4342.0,4368.0,4280.0,4302.0,20795599.90374732
2025-10-03 20:00:00,4302.0,4327.0,4287.0,4311.0,8294413.61939134
2025-10-04 00:00:00,4311.0,4325.0,4280.0,4300.0,14298581.89488942
2025-10-04 04:00:00,4299.0,4309.0,4291.0,4294.0,6742696.75121364
2025-10-04 08:00:00,4295.0,4300.0,4262.0,4276.0,14227556.25447865
2025-10-04 12:00:00,4276.0,4289.0,4210.0,4219.0,19863696.07216299
2025-10-04 16:00:00,4218.0,4230.0,4211.0,4223.0,5697234.27988243
2025-10-04 20:00:00,4221.0,4254.0,4218.0,4244.0,6221730.99975636
2025-10-05 00:00:00,4244.0,4305.0,4221.0,4286.0,18021126.3807094
2025-10-05 04:00:00,4285.0,4354.0,4283.0,4353.0,24786982.3248682
2025-10-05 08:00:00,4352.0,4357.0,4270.0,4308.0,25504775.71159806
2025-10-05 12:00:00,4308.0,4308.0,4267.0,4296.0,10001086.86471074
2025-10-05 16:00:00,4295.0,4299.0,4230.0,4241.0,9309856.7761357
2025-10-05 20:00:00,4236.0,4280.0,4231.0,4257.0,7835307.2756008
2025-10-06 00:00:00,4257.0,4285.0,4250.0,4269.0,11172089.54503631
2025-10-06 04:00:00,4270.0,4282.0,4250.0,4263.0,8622333.89334123
2025-10-06 08:00:00,4263.0,4291.0,4260.0,4278.0,7279274.69964776
2025-10-06 12:00:00,4278.0,4312.0,4260.0,4303.0,19934959.97462908
2025-10-06 16:00:00,4303.0,4324.0,4294.0,4294.0,10301778.04131754
2025-10-06 20:00:00,4294.0,4304.0,4262.0,4262.0,15021190.84461709
2025-10-07 00:00:00,4262.0,4283.0,4255.0,4262.0,13252976.34832812
2025-10-07 04:00:00,4262.0,4273.0,4231.0,4245.0,16029149.20405081
2025-10-07 08:00:00,4245.0,4258.0,4215.0,4248.0,12134719.70658402
2025-10-07 12:00:00,4247.0,4265.0,4135.0,4154.0,42489034.73507183
2025-10-07 16:00:00,4155.0,4182.0,4130.0,4139.0,12010178.68034023
2025-10-07 20:00:00,4138.0,4173.0,4132.0,4133.0,9616274.42040232
2025-10-08 00:00:00,4132.0,4181.0,4131.0,4147.0,12442865.09785068
2025-10-08 04:00:00,4148.0,4167.0,4133.0,4152.0,7232254.75459994
2025-10-08 08:00:00,4153.0,4179.0,4151.0,4171.0,5688575.84681475
2025-10-08 12:00:00,4171.0,4183.0,4146.0,4160.0,8199935.91333755
2025-10-08 16:00:00,4160.0,4208.0,4158.0,4191.0,6640153.93943918
2025-10-08 20:00:00,4192.0,4194.0,4153.0,4157.0,5030764.36711748
2025-10-09 00:00:00,4158.0,4158.0,4109.0,4129.0,17687025.89267742
2025-10-09 04:00:00,4129.0,4133.0,4101.0,4102.0,11313888.00136205
2025-10-09 08:00:00,4103.0,4124.0,4067.0,4119.0,20836579.27529504
2025-10-09 12:00:00,4119.0,4128.0,4090.0,4109.0,12455552.7480633
2025-10-09 16:00:00,4108.0,4116.0,4080.0,4090.0,5430289.02627818
2025-10-09 20:00:00,4094.0,4114.0,4086.0,4096.0,4712883.14140649
2025-10-10 00:00:00,4096.0,4117.0,4084.0,4100.0,10481161.58301295
2025-10-10 04:00:00,4101.0,4116.0,4090.0,4097.0,9015607.90260294
2025-10-10 08:00:00,4097.0,4120.0,4094.0,4105.0,6423538.51936676
2025-10-10 12:00:00,4105.0,4120.0,4030.0,4058.0,26196759.28624701
2025-10-10 16:00:00,4058.0,4073.0,3983.0,3985.0,29675866.65688286
2025-10-10 20:00:00,3984.0,4002.0,3013.0,3688.0,295767867.4386813
2025-10-11 00:00:00,3694.0,3790.0,3480.0,3688.0,159553772.05084765
2025-10-11 04:00:00,3687.0,3733.0,3671.0,3689.0,41646602.21251566
2025-10-11 08:00:00,3689.0,3817.0,3681.0,3772.0,43598570.18571578
2025-10-11 12:00:00,3773.0,3783.0,3708.0,3774.0,25414963.59293221
2025-10-11 16:00:00,3774.0,3794.0,3685.0,3714.0,13900496.86862901
2025-10-11 20:00:00,3714.0,3722.0,3608.0,3674.0,24283814.31398019
2025-10-12 00:00:00,3673.0,3680.0,3550.0,3596.0,54956302.70000883
2025-10-12 04:00:00,3595.0,3679.0,3592.0,3658.0,26121487.22623519
2025-10-12 08:00:00,3659.0,3684.0,3629.0,3670.0,15650748.41354026
2025-10-12 12:00:00,3670.0,3847.0,3620.0,3791.0,74959145.08533391
2025-10-12 16:00:00,3791.0,3845.0,3777.0,3840.0,30305296.64205962
2025-10-12 20:00:00,3840.0,3876.0,3801.0,3821.0,28833103.17197982
2025-10-13 00:00:00,3821.0,3896.0,3805.0,3850.0,30283188.61155317
2025-10-13 04:00:00,3850.0,3958.0,3831.0,3941.0,33476439.53646749
2025-10-13 08:00:00,3941.0,3963.0,3817.0,3869.0,32425841.3473771
2025-10-13 12:00:00,3869.0,3920.0,3843.0,3893.0,26035792.31548118
2025-10-13 16:00:00,3892.0,3929.0,3865.0,3905.0,9316366.1022802
2025-10-13 20:00:00,3906.0,3929.0,3877.0,3884.0,11960111.87843972
2025-10-14 00:00:00,3885.0,3911.0,3822.0,3834.0,22382676.7237781
2025-10-14 04:00:00,3835.0,3840.0,3673.0,3727.0,56178957.31904312
2025-10-14 08:00:00,3726.0,3753.0,3684.0,3729.0,26752100.03631477
2025-10-14 12:00:00,3730.0,3788.0,3667.0,3780.0,34065730.6644392
2025-10-14 16:00:00,3780.0,3830.0,3725.0,3753.0,15367077.90695469
2025-10-14 20:00:00,3753.0,3779.0,3733.0,3767.0,8482475.45704279
2025-10-15 00:00:00,3767.0,3799.0,3750.0,3758.0,14222408.46379723
2025-10-15 04:00:00,3758.0,3788.0,3744.0,3764.0,11627160.36754595
2025-10-15 08:00:00,3764.0,3810.0,3743.0,3760.0,15269864.47182912
2025-10-15 12:00:00,3761.0,3789.0,3697.0,3705.0,20828651.85346414
2025-10-15 16:00:00,3705.0,3723.0,3667.0,3672.0,11448056.76028493
2025-10-15 20:00:00,3671.0,3696.0,3650.0,3672.0,15566661.43920651
2025-10-16 00:00:00,3671.0,3702.0,3660.0,3681.0,11094360.10033139
2025-10-16 04:00:00,3681.0,3695.0,3650.0,3665.0,12274747.52427329
2025-10-16 08:00:00,3664.0,3719.0,3604.0,3708.0,27805560.22271594
2025-10-16 12:00:00,3708.0,3725.0,3600.0,3610.0,28793956.3289448
2025-10-16 16:00:00,3610.0,3654.0,3550.0,3569.0,24972986.78165027
2025-10-16 20:00:00,3568.0,3581.0,3517.0,3562.0,25550989.64685974
2025-10-17 00:00:00,3561.0,3660.0,3553.0,3593.0,22762877.94512965
2025-10-17 04:00:00,3593.0,3594.0,3402.0,3416.0,69925174.0490044
2025-10-17 08:00:00,3417.0,3517.0,3372.0,3505.0,75576425.39171842
2025-10-17 12:00:00,3505.0,3545.0,3453.0,3528.0,35291077.4580673
2025-10-17 16:00:00,3528.0,3560.0,3495.0,3528.0,9767611.82432842
2025-10-17 20:00:00,3529.0,3606.0,3525.0,3528.0,14567106.59446904
2025-10-18 00:00:00,3527.0,3590.0,3521.0,3583.0,15603721.28088057
2025-10-18 04:00:00,3584.0,3625.0,3541.0,3600.0,16692079.70175937
2025-10-18 08:00:00,3600.0,3634.0,3590.0,3632.0,10045648.41326954
2025-10-18 12:00:00,3632.0,3654.0,3581.0,3595.0,15721864.74978621
2025-10-18 16:00:00,3595.0,3619.0,3573.0,3611.0,4195847.94860416
2025-10-18 20:00:00,3611.0,3619.0,3590.0,3601.0,3648751.91672601
2025-10-19 00:00:00,3602.0,3607.0,3565.0,3607.0,10780128.56517589
2025-10-19 04:00:00,3607.0,3607.0,3567.0,3573.0,6467329.23749765
2025-10-19 08:00:00,3574.0,3632.0,3520.0,3603.0,27559305.69751622
2025-10-19 12:00:00,3603.0,3650.0,3588.0,3636.0,13125511.02475396
2025-10-19 16:00:00,3635.0,3659.0,3620.0,3635.0,5274858.91749484
2025-10-19 20:00:00,3635.0,3654.0,3621.0,3626.0,6993598.59925395
2025-10-20 00:00:00,3626.0,3682.0,3583.0,3675.0,19553904.57038059
2025-10-20 04:00:00,3673.0,3720.0,3666.0,3704.0,19380262.21386201
2025-10-20 08:00:00,3703.0,3714.0,3673.0,3681.0,14051496.06949963
2025-10-20 12:00:00,3681.0,3716.0,3668.0,3690.0,10774638.90923647
2025-10-20 16:00:00,3689.0,3816.0,3656.0,3774.0,15365867.06695856
2025-10-20 20:00:00,3774.0,3795.0,3723.0,3740.0,15492154.13036536
2025-10-21 00:00:00,3740.0,3743.0,3683.0,3686.0,14047406.81749723
2025-10-21 04:00:00,3686.0,3689.0,3637.0,3665.0,19544320.28114224
2025-10-21 08:00:00,3665.0,3668.0,3620.0,3664.0,14821756.50756366
2025-10-21 12:00:00,3664.0,3766.0,3630.0,3751.0,27297914.62170804
2025-10-21 16:00:00,3750.0,3754.0,3683.0,3703.0,11695178.60460065
2025-10-21 20:00:00,3703.0,3709.0,3640.0,3648.0,12713661.95469954
2025-10-22 00:00:00,3648.0,3667.0,3633.0,3653.0,10793122.4322251
2025-10-22 04:00:00,3653.0,3674.0,3614.0,3636.0,14371228.17742545
2025-10-22 08:00:00,3633.0,3640.0,3590.0,3622.0,15458067.69015793
2025-10-22 12:00:00,3622.0,3643.0,3587.0,3618.0,13430933.27366125
2025-10-22 16:00:00,3618.0,3624.0,3572.0,3602.0,6899682.99274484
2025-10-22 20:00:00,3603.0,3605.0,3550.0,3583.0,12617856.1991268
2025-10-23 00:00:00,3584.0,3605.0,3579.0,3596.0,7828592.22172966
2025-10-23 04:00:00,3596.0,3638.0,3593.0,3624.0,8601339.46495502
2025-10-23 08:00:00,3625.0,3635.0,3591.0,3593.0,7904744.56001313
2025-10-23 12:00:00,3593.0,3632.0,3576.0,3615.0,12440836.41138966
2025-10-23 16:00:00,3615.0,3629.0,3592.0,3612.0,3941498.82178285
2025-10-23 20:00:00,3612.0,3612.0,3582.0,3600.0,5600503.4960244
2025-10-24 00:00:00,3602.0,3625.0,3592.0,3616.0,9753393.65646302
2025-10-24 04:00:00,3616.0,3659.0,3616.0,3651.0,14004748.91380127
2025-10-24 08:00:00,3651.0,3684.0,3642.0,3672.0,11711654.17179335
2025-10-24 12:00:00,3672.0,3754.0,3671.0,3717.0,38345875.03224518
2025-10-24 16:00:00,3716.0,3749.0,3687.0,3732.0,7335851.31436497
2025-10-24 20:00:00,3732.0,3750.0,3726.0,3742.0,7681951.00510799
2025-10-25 00:00:00,3744.0,3822.0,3735.0,3799.0,26214378.60437555
2025-10-25 04:00:00,3798.0,3834.0,3782.0,3794.0,15261500.10570891
2025-10-25 08:00:00,3794.0,3830.0,3774.0,3823.0,11379557.29240281
2025-10-25 12:00:00,3822.0,3899.0,3814.0,3868.0,26064180.54583079
2025-10-25 16:00:00,3869.0,3882.0,3856.0,3864.0,2137090.57323749
2025-10-25 20:00:00,3864.0,3872.0,3854.0,3870.0,936810.04437087
2025-10-26 00:00:00,3870.0,3919.0,3859.0,3882.0,23135123.14027644
2025-10-26 04:00:00,3882.0,3910.0,3882.0,3906.0,7283886.96747598
2025-10-26 08:00:00,3906.0,3955.0,3893.0,3933.0,25162527.07776968
2025-10-26 12:00:00,3931.0,3942.0,3902.0,3915.0,12176531.42554248
2025-10-26 16:00:00,3915.0,3915.0,3872.0,3878.0,5277347.17179031
2025-10-26 20:00:00,3878.0,3934.0,3859.0,3916.0,14369119.71651147
2025-10-27 00:00:00,3916.0,3946.0,3880.0,3896.0,21976736.99150702
2025-10-27 04:00:00,3896.0,3944.0,3884.0,3886.0,15703463.65355257
2025-10-27 08:00:00,3886.0,3900.0,3845.0,3880.0,21344517.71572599
2025-10-27 12:00:00,3880.0,3928.0,3851.0,3923.0,16873005.95280563
2025-10-27 16:00:00,3926.0,3970.0,3916.0,3935.0,13721541.88947152
2025-10-27 20:00:00,3934.0,3939.0,3886.0,3897.0,9596908.50175935
2025-10-28 00:00:00,3896.0,3919.0,3881.0,3902.0,11802997.10198719
2025-10-28 04:00:00,3902.0,3930.0,3871.0,3901.0,13172530.15849418
2025-10-28 08:00:00,3901.0,3937.0,3900.0,3911.0,9296810.98325902
2025-10-28 12:00:00,3911.0,3964.0,3871.0,3901.0,22378885.16202033
2025-10-28 16:00:00,3901.0,3950.0,3883.0,3923.0,8036742.38992466
2025-10-28 20:00:00,3923.0,3923.0,3845.0,3879.0,15634599.2532878
2025-10-29 00:00:00,3879.0,3912.0,3875.0,3893.0,9582390.72245289
2025-10-29 04:00:00,3893.0,3905.0,3885.0,3903.0,5938137.56463533
2025-10-29 08:00:00,3903.0,3942.0,3896.0,3921.0,14571691.17260556
2025-10-29 12:00:00,3922.0,3935.0,3888.0,3908.0,12767028.81872008
2025-10-29 16:00:00,3907.0,3940.0,3834.0,3870.0,19717796.32309302
2025-10-29 20:00:00,3870.0,3904.0,3790.0,3814.0,20408772.9951239
2025-10-30 00:00:00,3813.0,3862.0,3777.0,3845.0,17341760.57612571
2025-10-30 04:00:00,3845.0,3859.0,3739.0,3847.0,31456257.34503793
2025-10-30 08:00:00,3848.0,3856.0,3803.0,3810.0,10549260.62575523
2025-10-30 12:00:00,3810.0,3819.0,3698.0,3709.0,35099997.09980693
2025-10-30 16:00:00,3709.0,3733.0,3625.0,3636.0,16670543.44054821
2025-10-30 20:00:00,3635.0,3719.0,3623.0,3702.0,16322539.62798729
2025-10-31 00:00:00,3702.0,3742.0,3690.0,3717.0,13449600.97834956
2025-10-31 04:00:00,3717.0,3739.0,3702.0,3708.0,8525080.99652367
2025-10-31 08:00:00,3708.0,3758.0,3700.0,3758.0,8673104.47092663
2025-10-31 12:00:00,3757.0,3808.0,3736.0,3776.0,16341618.64219099
2025-10-31 16:00:00,3773.0,3811.0,3731.0,3800.0,6829154.64398786
2025-10-31 20:00:00,3800.0,3801.0,3750.0,3759.0,4315568.83620778
2025-11-01 00:00:00,3761.0,3762.0,3729.0,3752.0,7656198.37365374
2025-11-01 04:00:00,3752.0,3762.0,3730.0,3739.0,4883336.94896327
2025-11-01 08:00:00,3739.0,3751.0,3728.0,3728.0,4170055.88753859
2025-11-01 12:00:00,3729.0,3735.0,3695.0,3729.0,11251449.86009084
2025-11-01 16:00:00,3728.0,3740.0,3716.0,3729.0,2091024.80929206
2025-11-01 20:00:00,3730.0,3739.0,3715.0,3732.0,2737243.42890403
2025-11-02 00:00:00,3732.0,3740.0,3719.0,3726.0,4614751.38990665
2025-11-02 04:00:00,3726.0,3762.0,3725.0,3760.0,6327724.62305118
2025-11-02 08:00:00,3760.0,3793.0,3738.0,3775.0,8119540.0017524
2025-11-02 12:00:00,3775.0,3787.0,3725.0,3726.0,7846142.0650764
2025-11-02 16:00:00,3725.0,3734.0,3700.0,3711.0,4998445.13535364
2025-11-02 20:00:00,3712.0,3752.0,3706.0,3747.0,5742555.43653579
2025-11-03 00:00:00,3747.0,3753.0,3626.0,3633.0,27805088.54397649
2025-11-03 04:00:00,3632.0,3671.0,3570.0,3608.0,33876466.61250612
2025-11-03 08:00:00,3608.0,3622.0,3561.0,3590.0,22634862.57456097
2025-11-03 12:00:00,3591.0,3614.0,3500.0,3501.0,30262762.73684847
2025-11-03 16:00:00,3500.0,3578.0,3484.0,3485.0,20533994.05136678
2025-11-03 20:00:00,3485.0,3496.0,3384.0,3442.0,53113378.7497025
2025-11-04 00:00:00,3442.0,3537.0,3434.0,3531.0,29642480.11804819
2025-11-04 04:00:00,3530.0,3540.0,3310.0,3323.0,72859520.65063873
2025-11-04 08:00:00,3323.0,3410.0,3303.0,3395.0,37046889.97205134
2025-11-04 12:00:00,3395.0,3462.0,3326.0,3397.0,33688542.46765854
2025-11-04 16:00:00,3397.0,3415.0,3236.0,3241.0,45748123.95985593
2025-11-04 20:00:00,3241.0,3344.0,3100.0,3323.0,97209595.0414188
2025-11-05 00:00:00,3324.0,3379.0,3116.0,3330.0,100008447.4900651
2025-11-05 04:00:00,3330.0,3365.0,3304.0,3347.0,26080981.38015271
2025-11-05 08:00:00,3347.0,3348.0,3275.0,3325.0,23606635.2579924
2025-11-05 12:00:00,3324.0,3423.0,3317.0,3403.0,34710161.673676
2025-11-05 16:00:00,3403.0,3478.0,3375.0,3471.0,14188638.49508217
2025-11-05 20:00:00,3472.0,3549.0,3466.0,3512.0,28068149.24883568
2025-11-06 00:00:00,3512.0,3600.0,3437.0,3524.0,39481871.84050808
2025-11-06 04:00:00,3523.0,3530.0,3454.0,3482.0,15902444.1707335
2025-11-06 08:00:00,3482.0,3487.0,3426.0,3441.0,12000558.52499307
2025-11-06 12:00:00,3440.0,3458.0,3335.0,3346.0,27991552.62256254
2025-11-06 16:00:00,3346.0,3370.0,3301.0,3310.0,18199487.78728341
2025-11-06 20:00:00,3310.0,3334.0,3266.0,3309.0,24134253.72443737
2025-11-07 00:00:00,3309.0,3344.0,3286.0,3333.0,22646184.13504799
2025-11-07 04:00:00,3334.0,3348.0,3310.0,3338.0,12727548.64008585
2025-11-07 08:00:00,3338.0,3341.0,3240.0,3283.0,28820206.17384461
2025-11-07 12:00:00,3284.0,3325.0,3230.0,3316.0,27713481.92020881
2025-11-07 16:00:00,3317.0,3515.0,3303.0,3507.0,38833814.08149645
2025-11-07 20:00:00,3507.0,3530.0,3439.0,3445.0,26046201.35495088
2025-11-08 00:00:00,3445.0,3484.0,3427.0,3460.0,20987455.50882655
2025-11-08 04:00:00,3460.0,3482.0,3415.0,3458.0,14839997.70769959
2025-11-08 08:00:00,3457.0,3475.0,3421.0,3429.0,10060943.97089668
2025-11-08 12:00:00,3429.0,3437.0,3350.0,3366.0,19351886.7701365
2025-11-08 16:00:00,3366.0,3400.0,3360.0,3391.0,5825596.54440821
2025-11-08 20:00:00,3393.0,3416.0,3392.0,3410.0,4800254.41752085
2025-11-09 00:00:00,3410.0,3412.0,3341.0,3359.0,12107750.0665818
2025-11-09 04:00:00,3359.0,3423.0,3357.0,3418.0,8100219.44906677
2025-11-09 08:00:00,3419.0,3419.0,3360.0,3390.0,10351636.83653243
2025-11-09 12:00:00,3390.0,3470.0,3380.0,3444.0,22424855.66496219
2025-11-09 16:00:00,3444.0,3483.0,3421.0,3483.0,8364201.06457717
2025-11-09 20:00:00,3481.0,3543.0,3445.0,3510.0,21625031.32961663
2025-11-10 00:00:00,3508.0,3670.0,3484.0,3649.0,52230159.25837257
2025-11-10 04:00:00,3648.0,3690.0,3617.0,3674.0,26642833.52386948
2025-11-10 08:00:00,3674.0,3809.0,3663.0,3761.0,47834647.28170482
2025-11-10 12:00:00,3760.0,3798.0,3695.0,3747.0,42988571.43494991
2025-11-10 16:00:00,3747.0,3791.0,3726.0,3771.0,11486671.71503142
2025-11-10 20:00:00,3771.0,3814.0,3717.0,3738.0,21096933.80859799
2025-11-11 00:00:00,3738.0,3804.0,3727.0,3759.0,26697292.16824291
2025-11-11 04:00:00,3759.0,3763.0,3640.0,3642.0,35086570.53012299
2025-11-11 08:00:00,3641.0,3675.0,3627.0,3668.0,15123996.77142804
2025-11-11 12:00:00,3668.0,3682.0,3618.0,3633.0,16989048.9482238
2025-11-11 16:00:00,3633.0,3638.0,3601.0,3609.0,6600191.03220874
2025-11-11 20:00:00,3607.0,3616.0,3558.0,3584.0,18815726.77152983
2025-11-12 00:00:00,3585.0,3606.0,3560.0,3593.0,16346246.76467826
2025-11-12 04:00:00,3593.0,3602.0,3548.0,3555.0,12740510.57958745
2025-11-12 08:00:00,3557.0,3646.0,3555.0,3642.0,18184487.53823831
2025-11-12 12:00:00,3643.0,3654.0,3544.0,3551.0,19831718.97091717
2025-11-12 16:00:00,3551.0,3559.0,3490.0,3524.0,18345023.46492181
2025-11-12 20:00:00,3523.0,3613.0,3516.0,3602.0,11628700.15178631
2025-11-13 00:00:00,3602.0,3769.0,3592.0,3725.0,35712041.15912913
2025-11-13 04:00:00,3725.0,3762.0,3678.0,3716.0,34858860.30378523
2025-11-13 08:00:00,3716.0,3769.0,3702.0,3727.0,20012104.44161125
2025-11-13 12:00:00,3727.0,3758.0,3632.0,3650.0,38318036.14117467
2025-11-13 16:00:00,3649.0,3659.0,3515.0,3521.0,31216995.19563729
2025-11-13 20:00:00,3521.0,3561.0,3479.0,3527.0,35708041.72995324
2025-11-14 00:00:00,3527.0,3538.0,3462.0,3499.0,29672066.47190549
2025-11-14 04:00:00,3500.0,3521.0,3429.0,3498.0,40144112.54879172
2025-11-14 08:00:00,3499.0,3505.0,3417.0,3430.0,24140327.41907178
2025-11-14 12:00:00,3431.0,3524.0,3368.0,3503.0,64247596.09218174
2025-11-14 16:00:00,3503.0,3543.0,3454.0,3499.0,15694651.45372494
2025-11-14 20:00:00,3501.0,3507.0,3400.0,3411.0,18970005.40322698
2025-11-15 00:00:00,3410.0,3486.0,3408.0,3466.0,16730464.28133151
2025-11-15 04:00:00,3465.0,3472.0,3437.0,3452.0,10715314.97853268
2025-11-15 08:00:00,3452.0,3452.0,3389.0,3409.0,16784821.7505654
2025-11-15 12:00:00,3410.0,3433.0,3392.0,3404.0,12093165.90235485
2025-11-15 16:00:00,3403.0,3423.0,3371.0,3404.0,7999895.21889723
2025-11-15 20:00:00,3404.0,3412.0,3354.0,3378.0,11510738.56728543
2025-11-16 00:00:00,3377.0,3391.0,3310.0,3382.0,29175494.42137124
2025-11-16 04:00:00,3380.0,3407.0,3364.0,3403.0,8940309.37016978
2025-11-16 08:00:00,3402.0,3421.0,3354.0,3362.0,15682458.2760338
2025-11-16 12:00:00,3362.0,3382.0,3298.0,3301.0,23049455.57932861
2025-11-16 16:00:00,3301.0,3350.0,3252.0,3325.0,24382487.04283841
2025-11-16 20:00:00,3326.0,3344.0,3240.0,3302.0,28013986.36824995
2025-11-17 00:00:00,3302.0,3370.0,3278.0,3365.0,21515710.13096138
2025-11-17 04:00:00,3364.0,3377.0,3338.0,3368.0,11532368.76519989
2025-11-17 08:00:00,3370.0,3397.0,3363.0,3384.0,10637359.1866023
2025-11-17 12:00:00,3384.0,3431.0,3278.0,3297.0,51698665.64300071
2025-11-17 16:00:00,3297.0,3320.0,3200.0,3203.0,29259650.69932777
2025-11-17 20:00:00,3203.0,3266.0,3190.0,3235.0,24290779.10068616
2025-11-18 00:00:00,3234.0,3245.0,3138.0,3206.0,67107382.75939037
2025-11-18 04:00:00,3206.0,3223.0,3145.0,3197.0,33178684.16013522
2025-11-18 08:00:00,3197.0,3260.0,3196.0,3228.0,25385153.09842369
2025-11-18 12:00:00,3229.0,3288.0,3176.0,3279.0,27781572.13555039
2025-11-18 16:00:00,3277.0,3317.0,3261.0,3304.0,15170818.70681171
2025-11-18 20:00:00,3303.0,3317.0,3254.0,3284.0,13376141.31978621
2025-11-19 00:00:00,3285.0,3289.0,3241.0,3247.0,17342745.0319247
2025-11-19 04:00:00,3247.0,3250.0,3169.0,3223.0,26993801.19472052
2025-11-19 08:00:00,3222.0,3222.0,3171.0,3174.0,17429911.62626719
2025-11-19 12:00:00,3175.0,3197.0,3109.0,3114.0,38282937.74117098
2025-11-19 16:00:00,3113.0,3137.0,3040.0,3042.0,41946140.67507536
2025-11-19 20:00:00,3043.0,3153.0,3026.0,3146.0,36178890.5990805
2025-11-20 00:00:00,3145.0,3190.0,3121.0,3180.0,25485219.06940478
2025-11-20 04:00:00,3178.0,3197.0,3151.0,3183.0,17232118.98148151
2025-11-20 08:00:00,3182.0,3184.0,3131.0,3148.0,14024284.48221293
2025-11-20 12:00:00,3148.0,3190.0,3108.0,3109.0,22368161.18920756
2025-11-20 16:00:00,3109.0,3112.0,2980.0,3026.0,61453365.18327962
2025-11-20 20:00:00,3026.0,3080.0,2990.0,2998.0,31200355.94571641
2025-11-21 00:00:00,2997.0,3030.0,2925.0,2950.0,62947518.74574011
2025-11-21 04:00:00,2949.0,2970.0,2854.0,2882.0,63514750.41045414
2025-11-21 08:00:00,2881.0,2931.0,2813.0,2814.0,73510659.37648267
2025-11-21 12:00:00,2814.0,2960.0,2739.0,2875.0,129244460.70989624
2025-11-21 16:00:00,2876.0,2997.0,2843.0,2930.0,32701513.79271168
2025-11-21 20:00:00,2929.0,2961.0,2868.0,2934.0,25590949.10877653
2025-11-22 00:00:00,2934.0,2962.0,2907.0,2930.0,28518801.20908432
2025-11-22 04:00:00,2931.0,2938.0,2883.0,2932.0,20587149.55641976
2025-11-22 08:00:00,2932.0,2932.0,2850.0,2881.0,23074279.55760482
2025-11-22 12:00:00,2881.0,2913.0,2845.0,2902.0,17958382.81006494
2025-11-22 16:00:00,2902.0,2930.0,2888.0,2896.0,6499530.22716727
2025-11-22 20:00:00,2896.0,2949.0,2886.0,2930.0,8742175.00619208
2025-11-23 00:00:00,2930.0,3099.0,2927.0,3062.0,48380066.1081051
2025-11-23 04:00:00,3061.0,3137.0,3035.0,3055.0,47702784.36539252
2025-11-23 08:00:00,3054.0,3096.0,3054.0,3066.0,18473706.71891934
2025-11-23 12:00:00,3066.0,3121.0,3066.0,3118.0,20929260.17302066
2025-11-23 16:00:00,3118.0,3144.0,3091.0,3138.0,13004354.15337499
2025-11-23 20:00:00,3138.0,3160.0,3100.0,3115.0,23341513.67579913
2025-11-24 00:00:00,3114.0,3186.0,3062.0,3157.0,48842409.64182463
2025-11-24 04:00:00,3156.0,3174.0,3102.0,3124.0,24245913.45924244
2025-11-24 08:00:00,3123.0,3141.0,3086.0,3112.0,19116043.05795242
2025-11-24 12:00:00,3112.0,3171.0,3092.0,3152.0,27939734.4149198
2025-11-24 16:00:00,3152.0,3353.0,3150.0,3349.0,44490647.99367323
2025-11-24 20:00:00,3348.0,3425.0,3333.0,3341.0,42768400.28002611
2025-11-25 00:00:00,3341.0,3406.0,3339.0,3368.0,32997539.37754524
2025-11-25 04:00:00,3368.0,3385.0,3322.0,3324.0,17633844.51704584
2025-11-25 08:00:00,3324.0,3332.0,3269.0,3291.0,28959808.49458574
2025-11-25 12:00:00,3290.0,3361.0,3246.0,3284.0,33261319.03271057
2025-11-25 16:00:00,3282.0,3315.0,3225.0,3261.0,12574164.63932428
2025-11-25 20:00:00,3260.0,3317.0,3250.0,3293.0,14140789.13490941
2025-11-26 00:00:00,3292.0,3309.0,3255.0,3258.0,16235760.05052055
2025-11-26 04:00:00,3258.0,3299.0,3249.0,3298.0,11989055.1416752
2025-11-26 08:00:00,3298.0,3299.0,3252.0,3258.0,9610439.54923786
2025-11-26 12:00:00,3258.0,3264.0,3220.0,3252.0,19068239.83638553
2025-11-26 16:00:00,3251.0,3355.0,3251.0,3322.0,16117189.21242248
2025-11-26 20:00:00,3321.0,3329.0,3293.0,3321.0,12349568.18342514
2025-11-27 00:00:00,3321.0,3345.0,3302.0,3310.0,19111326.40650087
2025-11-27 04:00:00,3310.0,3325.0,3285.0,3291.0,12591715.41892976
2025-11-27 08:00:00,3291.0,3307.0,3273.0,3283.0,13387921.26268814
2025-11-27 12:00:00,3283.0,3299.0,3255.0,3298.0,11409415.74589158
2025-11-27 16:00:00,3297.0,3332.0,3293.0,3321.0,6555335.98887777
2025-11-27 20:00:00,3322.0,3335.0,3289.0,3292.0,8247562.69602288
2025-11-28 00:00:00,3293.0,3300.0,3250.0,3266.0,16237850.52289546
2025-11-28 04:00:00,3266.0,3314.0,3258.0,3287.0,10628616.71650617
2025-11-28 08:00:00,3287.0,3349.0,3274.0,3296.0,22454976.38045642
2025-11-28 12:00:00,3297.0,3400.0,3285.0,3361.0,27962772.25838836
2025-11-28 16:00:00,3361.0,3372.0,3250.0,3288.0,21475578.12900477
2025-11-28 20:00:00,3286.0,3294.0,3266.0,3267.0,6438840.3539158
2025-11-29 00:00:00,3268.0,3284.0,3260.0,3277.0,7667100.48767945
2025-11-29 04:00:00,3277.0,3279.0,3253.0,3266.0,6208988.84881903
2025-11-29 08:00:00,3266.0,3314.0,3260.0,3308.0,8993779.99876757
2025-11-29 12:00:00,3308.0,3324.0,3284.0,3320.0,13236793.1029061
2025-11-29 16:00:00,3319.0,3323.0,3286.0,3292.0,5257667.30177669
2025-11-29 20:00:00,3289.0,3315.0,3281.0,3292.0,4824088.25413124
2025-11-30 00:00:00,3292.0,3310.0,3282.0,3304.0,8331999.70447332
2025-11-30 04:00:00,3301.0,3305.0,3284.0,3293.0,6262507.87407092
2025-11-30 08:00:00,3292.0,3305.0,3273.0,3283.0,9666946.12467661
2025-11-30 12:00:00,3284.0,3305.0,3276.0,3287.0,7934456.50220791
2025-11-30 16:00:00,3287.0,3310.0,3287.0,3291.0,3149018.80741266
2025-11-30 20:00:00,3289.0,3294.0,3233.0,3238.0,12910002.59899848
2025-12-01 00:00:00,3238.0,3248.0,3062.0,3075.0,86583002.53935333
2025-12-01 04:00:00,3075.0,3094.0,3020.0,3091.0,36737422.54147339
2025-12-01 08:00:00,3090.0,3094.0,3042.0,3045.0,16529680.5473764
2025-12-01 12:00:00,3045.0,3070.0,2976.0,3009.0,58747053.84131317
2025-12-01 16:00:00,3008.0,3013.0,2978.0,2986.0,15362122.22765144
2025-12-01 20:00:00,2987.0,3061.0,2987.0,3037.0,14232773.64836444
2025-12-02 00:00:00,3037.0,3065.0,2991.0,3019.0,25473175.68575982
2025-12-02 04:00:00,3019.0,3029.0,3003.0,3018.0,9324843.02573615
2025-12-02 08:00:00,3018.0,3056.0,2982.0,3046.0,21263561.22942394
2025-12-02 12:00:00,3045.0,3225.0,3027.0,3212.0,50538115.4346544
2025-12-02 16:00:00,3212.0,3247.0,3179.0,3233.0,21567042.46405075
2025-12-02 20:00:00,3234.0,3240.0,3194.0,3198.0,17804750.86841466
2025-12-03 00:00:00,3199.0,3266.0,3181.0,3242.0,25798553.37325685
2025-12-03 04:00:00,3242.0,3300.0,3236.0,3262.0,24811753.21320691
2025-12-03 08:00:00,3261.0,3269.0,3224.0,3241.0,17260850.68355787
2025-12-03 12:00:00,3241.0,3273.0,3190.0,3223.0,28027231.71520731
2025-12-03 16:00:00,3223.0,3254.0,3212.0,3247.0,4407510.49282782
2025-12-03 20:00:00,3248.0,3285.0,3243.0,3263.0,12613857.00066943
2025-12-04 00:00:00,3264.0,3291.0,3250.0,3267.0,15882948.98423803
2025-12-04 04:00:00,3267.0,3273.0,3223.0,3234.0,14284555.44185566
2025-12-04 08:00:00,3234.0,3244.0,3187.0,3205.0,17121945.17996072
2025-12-04 12:00:00,3205.0,3211.0,3147.0,3202.0,26574723.04177953
2025-12-04 16:00:00,3203.0,3210.0,3094.0,3135.0,15200570.39438914
2025-12-04 20:00:00,3135.0,3152.0,3117.0,3130.0,11532820.19018941
2025-12-05 00:00:00,3129.0,3160.0,3113.0,3118.0,12195260.93527344
2025-12-05 04:00:00,3117.0,3132.0,3096.0,3117.0,14950300.63723324
2025-12-05 08:00:00,3116.0,3120.0,3059.0,3087.0,19848664.00867914
2025-12-05 12:00:00,3087.0,3135.0,3067.0,3105.0,16147195.63005448
2025-12-05 16:00:00,3107.0,3108.0,3013.0,3051.0,20511294.698527
2025-12-05 20:00:00,3050.0,3053.0,3025.0,3048.0,7603950.78644831
2025-12-06 00:00:00,3048.0,3058.0,3024.0,3055.0,11094867.58915532
2025-12-06 04:00:00,3055.0,3074.0,3039.0,3040.0,6594317.85872286
2025-12-06 08:00:00,3040.0,3046.0,3020.0,3043.0,7659897.59001954
2025-12-06 12:00:00,3043.0,3063.0,3028.0,3036.0,7212165.3484004
2025-12-06 16:00:00,3036.0,3051.0,3028.0,3035.0,2325062.52606705
2025-12-06 20:00:00,3035.0,3049.0,3031.0,3042.0,3137302.75875079
2025-12-07 00:00:00,3043.0,3102.0,3039.0,3094.0,8492183.21984278
2025-12-07 04:00:00,3094.0,3103.0,3040.0,3042.0,9179928.97723585
2025-12-07 08:00:00,3041.0,3051.0,3033.0,3044.0,6559924.83789992
2025-12-07 12:00:00,3045.0,3077.0,2992.0,3072.0,29067999.66757111
2025-12-07 16:00:00,3072.0,3149.0,3051.0,3109.0,17170007.83603091
2025-12-07 20:00:00,3109.0,3122.0,3015.0,3059.0,16354266.1355566
2025-12-08 00:00:00,3060.0,3115.0,3035.0,3087.0,13563357.29091273
2025-12-08 04:00:00,3087.0,3117.0,3085.0,3105.0,9160437.58789334
2025-12-08 08:00:00,3104.0,3157.0,3100.0,3109.0,15224063.24913557
2025-12-08 12:00:00,3109.0,3139.0,3085.0,3094.0,15594869.96071752
2025-12-08 16:00:00,3094.0,3110.0,3075.0,3094.0,6520826.10502388
2025-12-08 20:00:00,3094.0,3120.0,3084.0,3088.0,6166838.29556994
2025-12-09 00:00:00,3089.0,3103.0,3063.0,3082.0,10780850.99685764
2025-12-09 04:00:00,3081.0,3082.0,3044.0,3064.0,10916150.02167796
2025-12-09 08:00:00,3065.0,3080.0,3047.0,3079.0,5597782.90471119
2025-12-09 12:00:00,3078.0,3143.0,3051.0,3136.0,21876437.85132157
2025-12-09 16:00:00,3136.0,3220.0,3136.0,3150.0,30858494.37772267
2025-12-09 20:00:00,3148.0,3150.0,3087.0,3119.0,17460495.32171323
2025-12-10 00:00:00,3120.0,3124.0,3089.0,3094.0,13302452.80073546
2025-12-10 04:00:00,3092.0,3114.0,3088.0,3097.0,10643946.55377696
2025-12-10 08:00:00,3097.0,3118.0,3071.0,3082.0,14378622.25407352
2025-12-10 12:00:00,3082.0,3084.0,3064.0,3070.0,11909304.78623821
2025-12-10 16:00:00,3070.0,3107.0,3050.0,3076.0,16567273.77237517
2025-12-10 20:00:00,3076.0,3124.0,3031.0,3037.0,24003754.86230575
2025-12-11 00:00:00,3037.0,3044.0,2971.0,2984.0,43184248.96331614
2025-12-11 04:00:00,2984.0,3016.0,2978.0,2995.0,10338447.57923635
2025-12-11 08:00:00,2995.0,3011.0,2988.0,2998.0,7724170.30426181
2025-12-11 12:00:00,2998.0,3007.0,2963.0,2983.0,15978166.94010079
2025-12-11 16:00:00,2983.0,3016.0,2966.0,2998.0,8458882.64483348
2025-12-11 20:00:00,2999.0,3054.0,2995.0,3023.0,12763866.04811843
2025-12-12 00:00:00,3021.0,3034.0,2996.0,3019.0,9233166.45884293
2025-12-12 04:00:00,3018.0,3032.0,3006.0,3027.0,6190229.30372782
2025-12-12 08:00:00,3027.0,3046.0,3015.0,3038.0,7120857.95526156
2025-12-12 12:00:00,3038.0,3045.0,2955.0,2965.0,17400375.93715157
2025-12-12 16:00:00,2965.0,3027.0,2957.0,3000.0,14407462.11329735
2025-12-12 20:00:00,3001.0,3017.0,2991.0,3001.0,4541271.72848075
2025-12-13 00:00:00,3001.0,3023.0,2997.0,3019.0,6049138.0964281
2025-12-13 04:00:00,3019.0,3053.0,3017.0,3023.0,10701902.45910785
2025-12-13 08:00:00,3023.0,3042.0,3023.0,3028.0,6255601.59733544
2025-12-13 12:00:00,3027.0,3043.0,3024.0,3027.0,4849335.40527528
2025-12-13 16:00:00,3027.0,3033.0,3005.0,3012.0,3939196.80328088
2025-12-13 20:00:00,3012.0,3022.0,3002.0,3020.0,2421454.44744693
2025-12-14 00:00:00,3020.0,3030.0,3013.0,3018.0,3951701.00194203
2025-12-14 04:00:00,3018.0,3020.0,3002.0,3013.0,5659396.97675438
2025-12-14 08:00:00,3012.0,3017.0,2975.0,2992.0,12322732.6471972
2025-12-14 12:00:00,2992.0,3000.0,2976.0,2980.0,10327618.88665711
2025-12-14 16:00:00,2981.0,2996.0,2970.0,2978.0,6242180.48271199
2025-12-14 20:00:00,2979.0,2986.0,2947.0,2960.0,14769606.50525429
2025-12-15 00:00:00,2959.0,3004.0,2949.0,2975.0,17618759.58044303
2025-12-15 04:00:00,2975.0,2985.0,2970.0,2972.0,6699032.41945903
2025-12-15 08:00:00,2973.0,2976.0,2950.0,2953.0,10848672.99219829
2025-12-15 12:00:00,2954.0,2955.0,2858.0,2878.0,55013212.60628543
2025-12-15 16:00:00,2878.0,2880.0,2800.0,2835.0,30347276.22591318
2025-12-15 20:00:00,2835.0,2841.0,2809.0,2840.0,19908166.14475093
2025-12-16 00:00:00,2839.0,2840.0,2763.0,2785.0,46052002.84523818
2025-12-16 04:00:00,2785.0,2829.0,2760.0,2794.0,18817994.92931359
2025-12-16 08:00:00,2794.0,2872.0,2793.0,2860.0,20482954.4447621
2025-12-16 12:00:00,2859.0,2899.0,2826.0,2889.0,27555409.37878274
2025-12-16 16:00:00,2889.0,2892.0,2852.0,2866.0,6466246.34249162
2025-12-16 20:00:00,2865.0,2876.0,2856.0,2868.0,5218881.50807213
2025-12-17 00:00:00,2868.0,2883.0,2851.0,2868.0,12220573.01616403
2025-12-17 04:00:00,2868.0,2876.0,2839.0,2866.0,9641435.55365757
2025-12-17 08:00:00,2866.0,2866.0,2831.0,2850.0,9295823.93973
2025-12-17 12:00:00,2851.0,2950.0,2837.0,2848.0,33182529.3481085
2025-12-17 16:00:00,2849.0,2863.0,2765.0,2789.0,26942527.63843942
2025-12-17 20:00:00,2790.0,2815.0,2772.0,2781.0,13810194.43825235
2025-12-18 00:00:00,2781.0,2791.0,2760.0,2768.0,17250059.73683909
2025-12-18 04:00:00,2768.0,2775.0,2723.0,2745.0,25856256.50656924
2025-12-18 08:00:00,2745.0,2801.0,2740.0,2794.0,16662576.86270167
2025-12-18 12:00:00,2794.0,2870.0,2784.0,2852.0,36967130.52605827
2025-12-18 16:00:00,2852.0,2854.0,2692.0,2700.0,29429403.84910378
2025-12-18 20:00:00,2701.0,2724.0,2690.0,2694.0,25164515.01773031
2025-12-19 00:00:00,2694.0,2773.0,2632.0,2743.0,72691955.93167445
2025-12-19 04:00:00,2742.0,2796.0,2716.0,2783.0,29448361.14248084
2025-12-19 08:00:00,2784.0,2788.0,2770.0,2785.0,10701394.57241614
2025-12-19 12:00:00,2785.0,2834.0,2773.0,2791.0,24403199.97126279
2025-12-19 16:00:00,2791.0,2849.0,2788.0,2836.0,14439771.41866349
2025-12-19 20:00:00,2836.0,2854.0,2827.0,2843.0,9604861.0195195
2025-12-20 00:00:00,2843.0,2849.0,2823.0,2843.0,12788145.48616327
2025-12-20 04:00:00,2843.0,2863.0,2833.0,2853.0,8612019.23589571
2025-12-20 08:00:00,2854.0,2921.0,2853.0,2898.0,26289257.2729264
2025-12-20 12:00:00,2897.0,2905.0,2855.0,2862.0,16378466.78815236
2025-12-20 16:00:00,2862.0,2876.0,2859.0,2868.0,2534172.75118137
2025-12-20 20:00:00,2868.0,2888.0,2866.0,2877.0,4689517.93592027
2025-12-21 00:00:00,2877.0,2891.0,2853.0,2872.0,10531094.47854027
2025-12-21 04:00:00,2872.0,2872.0,2859.0,2866.0,3735605.4798981
2025-12-21 08:00:00,2866.0,2901.0,2863.0,2880.0,9921795.1088069
2025-12-21 12:00:00,2881.0,2888.0,2820.0,2837.0,19212435.66812142
2025-12-21 16:00:00,2836.0,2857.0,2830.0,2857.0,3447463.84411824
2025-12-21 20:00:00,2856.0,2865.0,2836.0,2860.0,5782818.02131474
2025-12-22 00:00:00,2860.0,2895.0,2839.0,2860.0,14681248.34532514
2025-12-22 04:00:00,2860.0,2872.0,2852.0,2866.0,7569967.16403269
2025-12-22 08:00:00,2866.0,2883.0,2854.0,2880.0,11385939.88218019
2025-12-22 12:00:00,2880.0,2895.0,2861.0,2877.0,13750952.42867053
2025-12-22 16:00:00,2879.0,2889.0,2839.0,2839.0,7209472.8177945
2025-12-22 20:00:00,2840.0,2848.0,2825.0,2842.0,10108071.97358027
2025-12-23 00:00:00,2841.0,2849.0,2811.0,2824.0,12432221.92796752
2025-12-23 04:00:00,2824.0,2830.0,2791.0,2805.0,16045901.56638844
2025-12-23 08:00:00,2805.0,2840.0,2800.0,2839.0,7837457.53451201
2025-12-23 12:00:00,2840.0,2840.0,2785.0,2811.0,15312508.77100217
2025-12-23 16:00:00,2810.0,2825.0,2788.0,2806.0,4179739.67123119
2025-12-23 20:00:00,2806.0,2823.0,2795.0,2795.0,5486066.06642943
2025-12-24 00:00:00,2796.0,2799.0,2736.0,2760.0,23532364.06302669
2025-12-24 04:00:00,2761.0,2768.0,2712.0,2743.0,18490442.24809646
2025-12-24 08:00:00,2743.0,2771.0,2734.0,2758.0,9731675.15168846
2025-12-24 12:00:00,2759.0,2773.0,2738.0,2754.0,7568936.04009849
2025-12-24 16:00:00,2752.0,2765.0,2731.0,2747.0,4123340.84644288
2025-12-24 20:00:00,2746.0,2758.0,2744.0,2747.0,3365333.10071831
2025-12-25 00:00:00,2747.0,2766.0,2741.0,2759.0,6842619.36610014
2025-12-25 04:00:00,2758.0,2764.0,2751.0,2759.0,3897380.03725062
2025-12-25 08:00:00,2760.0,2769.0,2731.0,2739.0,9875282.01519358
2025-12-25 12:00:00,2739.0,2776.0,2734.0,2767.0,8105351.44279948
2025-12-25 16:00:00,2768.0,2770.0,2744.0,2750.0,2693711.99105456
2025-12-25 20:00:00,2749.0,2751.0,2691.0,2699.0,19345557.13138263
2025-12-26 00:00:00,2699.0,2750.0,2686.0,2714.0,25881773.83937061
2025-12-26 04:00:00,2714.0,2748.0,2703.0,2722.0,11639596.14133957
2025-12-26 08:00:00,2723.0,2747.0,2721.0,2736.0,7673683.64943122
2025-12-26 12:00:00,2736.0,2746.0,2686.0,2697.0,15775042.32336697
2025-12-26 16:00:00,2696.0,2712.0,2691.0,2706.0,3786199.00421838
2025-12-26 20:00:00,2706.0,2724.0,2702.0,2704.0,3241625.3732712
2025-12-27 00:00:00,2705.0,2714.0,2700.0,2711.0,4780879.31255262
2025-12-27 04:00:00,2711.0,2713.0,2704.0,2705.0,2761609.121473
2025-12-27 08:00:00,2705.0,2714.0,2701.0,2707.0,4142314.32365076
2025-12-27 12:00:00,2707.0,2711.0,2698.0,2705.0,4321713.30341025
2025-12-27 16:00:00,2705.0,2714.0,2698.0,2712.0,2138318.20021084
2025-12-27 20:00:00,2711.0,2742.0,2708.0,2733.0,5583817.07736138
2025-12-28 00:00:00,2734.0,2742.0,2727.0,2735.0,5981784.38991386
2025-12-28 04:00:00,2736.0,2741.0,2732.0,2735.0,3540947.32743504
2025-12-28 08:00:00,2736.0,2739.0,2717.0,2730.0,5598638.73381962
2025-12-28 12:00:00,2730.0,2734.0,2721.0,2727.0,2966586.042227
2025-12-28 16:00:00,2727.0,2729.0,2705.0,2710.0,4819766.49437191
2025-12-28 20:00:00,2710.0,2723.0,2707.0,2716.0,4353395.25728055
2025-12-29 00:00:00,2715.0,2772.0,2708.0,2769.0,16710361.70318792
2025-12-29 04:00:00,2770.0,2771.0,2735.0,2745.0,11210451.74695555
2025-12-29 08:00:00,2745.0,2751.0,2711.0,2724.0,10448580.35852086
2025-12-29 12:00:00,2723.0,2730.0,2706.0,2714.0,10837550.73406338
2025-12-29 16:00:00,2713.0,2718.0,2696.0,2698.0,6228064.44964623
2025-12-29 20:00:00,2698.0,2705.0,2691.0,2696.0,7185543.24417381
2025-12-30 00:00:00,2697.0,2705.0,2680.0,2704.0,13856154.51334194
2025-12-30 04:00:00,2704.0,2715.0,2693.0,2711.0,6640958.23382462
2025-12-30 08:00:00,2710.0,2729.0,2702.0,2705.0,9245822.41110018
2025-12-30 12:00:00,2706.0,2726.0,2701.0,2725.0,6247906.04883968
2025-12-30 16:00:00,2725.0,2734.0,2715.0,2722.0,4794707.49008905
2025-12-30 20:00:00,2722.0,2726.0,2711.0,2724.0,4230002.49216523
2025-12-31 00:00:00,2724.0,2733.0,2714.0,2716.0,7432408.19872329
2025-12-31 04:00:00,2717.0,2725.0,2711.0,2717.0,5429318.69717095
2025-12-31 08:00:00,2717.0,2730.0,2712.0,2727.0,5725148.00409318
2025-12-31 12:00:00,2727.0,2727.0,2697.0,2707.0,10131845.04107939
2025-12-31 16:00:00,2709.0,2709.0,2688.0,2690.0,3138131.44467003
2025-12-31 20:00:00,2690.0,2698.0,2685.0,2692.0,6499203.6218299
2026-01-01 00:00:00,2692.0,2704.0,2681.0,2681.0,8179352.5275275
2026-01-01 04:00:00,2681.0,2705.0,2671.0,2688.0,9719958.12474286
2026-01-01 08:00:00,2688.0,2704.0,2686.0,2701.0,4576855.24502918
2026-01-01 12:00:00,2701.0,2714.0,2694.0,2709.0,5195779.69801048
2026-01-01 16:00:00,2709.0,2724.0,2702.0,2721.0,3361502.85458301
2026-01-01 20:00:00,2720.0,2728.0,2711.0,2724.0,5092616.38041867
2026-01-02 00:00:00,2725.0,2743.0,2713.0,2737.0,9841603.40557444
2026-01-02 04:00:00,2737.0,2740.0,2718.0,2718.0,7249126.17514314
2026-01-02 08:00:00,2719.0,2768.0,2718.0,2745.0,14322237.63816302
2026-01-02 12:00:00,2746.0,2792.0,2742.0,2778.0,17128373.74822135
2026-01-02 16:00:00,2778.0,2886.0,2775.0,2876.0,27348452.2894691
2026-01-02 20:00:00,2876.0,2931.0,2860.0,2900.0,19962038.20245593
2026-01-03 00:00:00,2901.0,2957.0,2900.0,2955.0,26362793.84931157
2026-01-03 04:00:00,2955.0,2982.0,2872.0,2884.0,33362333.85210124
2026-01-03 08:00:00,2884.0,2928.0,2882.0,2895.0,14129747.16016644
2026-01-03 12:00:00,2894.0,2923.0,2890.0,2907.0,8031740.04366147
2026-01-03 16:00:00,2906.0,2911.0,2895.0,2907.0,2762390.86944314
2026-01-03 20:00:00,2905.0,2923.0,2896.0,2920.0,4832647.75204327
2026-01-04 00:00:00,2920.0,2980.0,2919.0,2976.0,18412964.30717111
2026-01-04 04:00:00,2977.0,3010.0,2970.0,2999.0,24031502.12532699
2026-01-04 08:00:00,2999.0,3033.0,2985.0,3030.0,19306965.62635329
2026-01-04 12:00:00,3031.0,3070.0,3009.0,3025.0,30780704.78526725
2026-01-04 16:00:00,3025.0,3040.0,3003.0,3017.0,5469450.69457099
2026-01-04 20:00:00,3017.0,3040.0,3010.0,3023.0,6663841.29410907
2026-01-05 00:00:00,3023.0,3137.0,3019.0,3113.0,35097372.49435045
2026-01-05 04:00:00,3112.0,3115.0,3065.0,3095.0,18616082.56650207
2026-01-05 08:00:00,3094.0,3121.0,3091.0,3106.0,15504053.76323245
2026-01-05 12:00:00,3107.0,3148.0,3075.0,3143.0,22096277.65445277
2026-01-05 16:00:00,3143.0,3300.0,3143.0,3297.0,35695163.22854485
2026-01-05 20:00:00,3297.0,3427.0,3294.0,3403.0,57391010.36465296
2026-01-06 00:00:00,3403.0,3495.0,3343.0,3453.0,78489212.85514477
2026-01-06 04:00:00,3454.0,3479.0,3356.0,3370.0,36053750.14617818
2026-01-06 08:00:00,3369.0,3449.0,3364.0,3448.0,23991173.90977321
2026-01-06 12:00:00,3448.0,3475.0,3391.0,3412.0,26584348.1224458
2026-01-06 16:00:00,3412.0,3418.0,3221.0,3248.0,46554192.56655704
2026-01-06 20:00:00,3246.0,3357.0,3245.0,3351.0,23036864.20563208
2026-01-07 00:00:00,3351.0,3370.0,3275.0,3289.0,32732181.45307378
2026-01-07 04:00:00,3289.0,3322.0,3260.0,3308.0,16017968.41321395
2026-01-07 08:00:00,3309.0,3326.0,3260.0,3277.0,17798521.15167552
2026-01-07 12:00:00,3277.0,3284.0,3186.0,3202.0,33185920.89049707
2026-01-07 16:00:00,3201.0,3236.0,3171.0,3200.0,12106120.15993378
2026-01-07 20:00:00,3201.0,3207.0,3140.0,3150.0,20210156.34026078
2026-01-08 00:00:00,3151.0,3205.0,3123.0,3134.0,41459709.30488345
2026-01-08 04:00:00,3135.0,3165.0,3066.0,3097.0,35325216.21530606
2026-01-08 08:00:00,3097.0,3119.0,3042.0,3058.0,28512644.24223664
2026-01-08 12:00:00,3057.0,3114.0,3025.0,3111.0,29074119.29652184
2026-01-08 16:00:00,3113.0,3164.0,3085.0,3119.0,20097291.87385868
2026-01-08 20:00:00,3119.0,3143.0,3091.0,3105.0,11510715.67817677
2026-01-09 00:00:00,3106.0,3136.0,3081.0,3119.0,18921396.7887725
2026-01-09 04:00:00,3119.0,3142.0,3107.0,3107.0,10123933.51550156
2026-01-09 08:00:00,3107.0,3112.0,3045.0,3086.0,20056597.0855967
2026-01-09 12:00:00,3085.0,3171.0,3057.0,3110.0,28486024.92710327
2026-01-09 16:00:00,3111.0,3147.0,3058.0,3072.0,15072512.21367727
2026-01-09 20:00:00,3071.0,3093.0,3061.0,3085.0,5219225.33436247
2026-01-10 00:00:00,3087.0,3093.0,3075.0,3083.0,7312505.71705634
2026-01-10 04:00:00,3082.0,3093.0,3065.0,3093.0,6255581.98481901
2026-01-10 08:00:00,3092.0,3104.0,3082.0,3100.0,5968832.47225214
2026-01-10 12:00:00,3099.0,3109.0,3080.0,3085.0,5753289.02498095
2026-01-10 16:00:00,3085.0,3097.0,3082.0,3087.0,1779429.94116334
2026-01-10 20:00:00,3087.0,3090.0,3077.0,3080.0,2894114.54233623
2026-01-11 00:00:00,3083.0,3090.0,3079.0,3086.0,4179497.42460787
2026-01-11 04:00:00,3087.0,3090.0,3076.0,3082.0,3844667.11358687
2026-01-11 08:00:00,3081.0,3089.0,3077.0,3082.0,3359930.69952127
2026-01-11 12:00:00,3082.0,3100.0,3070.0,3077.0,9064865.19761912
2026-01-11 16:00:00,3077.0,3095.0,3071.0,3074.0,3563288.0471837
2026-01-11 20:00:00,3075.0,3076.0,3020.0,3049.0,20562061.29801185
2026-01-12 00:00:00,3049.0,3098.0,2998.0,3066.0,38316364.31105911
2026-01-12 04:00:00,3066.0,3085.0,3026.0,3027.0,15368034.54778043
2026-01-12 08:00:00,3027.0,3039.0,3004.0,3027.0,17905743.06131466
2026-01-12 12:00:00,3027.0,3080.0,3013.0,3078.0,13565079.83706981
2026-01-12 16:00:00,3078.0,3098.0,3026.0,3048.0,9701280.69075939
2026-01-12 20:00:00,3049.0,3058.0,3013.0,3032.0,7039067.27965836
2026-01-13 00:00:00,3033.0,3046.0,3025.0,3027.0,7511148.90661677
2026-01-13 04:00:00,3028.0,3065.0,3027.0,3032.0,9614565.85530974
2026-01-13 08:00:00,3032.0,3055.0,3031.0,3037.0,7594347.0221148
2026-01-13 12:00:00,3037.0,3089.0,3034.0,3085.0,22604110.22221539
2026-01-13 16:00:00,3087.0,3137.0,3068.0,3137.0,18563076.59365784
2026-01-13 20:00:00,3136.0,3198.0,3115.0,3172.0,36120108.17670195
2026-01-14 00:00:00,3172.0,3214.0,3168.0,3208.0,24457757.20727917
2026-01-14 04:00:00,3207.0,3209.0,3131.0,3153.0,23185096.79419157
2026-01-14 08:00:00,3153.0,3162.0,3098.0,3103.0,16922449.0565923
2026-01-14 12:00:00,3102.0,3180.0,3100.0,3155.0,28107892.46098915
2026-01-14 16:00:00,3157.0,3181.0,3116.0,3140.0,14279473.98221372
2026-01-14 20:00:00,3140.0,3161.0,3123.0,3133.0,9403487.072234
2026-01-15 00:00:00,3134.0,3141.0,3057.0,3070.0,24083940.22492954
2026-01-15 04:00:00,3069.0,3094.0,3065.0,3083.0,9437413.3353688
2026-01-15 08:00:00,3083.0,3119.0,3080.0,3099.0,11781809.701327
2026-01-15 12:00:00,3100.0,3129.0,3054.0,3086.0,20662682.0855882
2026-01-15 16:00:00,3086.0,3090.0,3031.0,3046.0,10124604.40862239
2026-01-15 20:00:00,3046.0,3071.0,3037.0,3062.0,7525614.27331955
2026-01-16 00:00:00,3062.0,3075.0,3041.0,3041.0,9313908.07537208
2026-01-16 04:00:00,3041.0,3061.0,3034.0,3054.0,7889735.88412797
2026-01-16 08:00:00,3054.0,3068.0,3040.0,3047.0,6610539.58800745
2026-01-16 12:00:00,3046.0,3054.0,3007.0,3012.0,14819779.88614686
2026-01-16 16:00:00,3012.0,3039.0,3008.0,3034.0,4176614.97225697
2026-01-16 20:00:00,3034.0,3067.0,3027.0,3054.0,6980968.76335744
2026-01-17 00:00:00,3053.0,3060.0,3035.0,3039.0,5901915.6551941
2026-01-17 04:00:00,3039.0,3050.0,3036.0,3041.0,3582632.88370958
2026-01-17 08:00:00,3041.0,3052.0,3037.0,3046.0,4220383.19030055
2026-01-17 12:00:00,3046.0,3075.0,3039.0,3070.0,10930536.56306369
2026-01-17 16:00:00,3069.0,3071.0,3052.0,3060.0,3321427.19742057
2026-01-17 20:00:00,3060.0,3063.0,3042.0,3044.0,4243435.53704249
2026-01-18 00:00:00,3044.0,3052.0,3033.0,3044.0,9325873.68394914
2026-01-18 04:00:00,3044.0,3047.0,3032.0,3039.0,4985662.59149906
2026-01-18 08:00:00,3040.0,3051.0,3034.0,3041.0,5466860.14897677
2026-01-18 12:00:00,3040.0,3047.0,3030.0,3035.0,5914911.82260551
2026-01-18 16:00:00,3035.0,3052.0,3030.0,3036.0,2661283.44231141
2026-01-18 20:00:00,3036.0,3048.0,2950.0,2956.0,27334744.68417787
2026-01-19 00:00:00,2956.0,2957.0,2800.0,2925.0,59528535.06309232
2026-01-19 04:00:00,2926.0,2937.0,2897.0,2907.0,12598324.53290101
2026-01-19 08:00:00,2909.0,2941.0,2906.0,2925.0,10233038.01993526
2026-01-19 12:00:00,2925.0,2937.0,2911.0,2931.0,8131054.2965769
2026-01-19 16:00:00,2930.0,2999.0,2929.0,2983.0,10769974.25081476
2026-01-19 20:00:00,2981.0,2984.0,2932.0,2939.0,9743524.32161154
2026-01-20 00:00:00,2939.0,2948.0,2904.0,2911.0,13644980.37964161
2026-01-20 04:00:00,2911.0,2927.0,2887.0,2894.0,15674019.59777723
2026-01-20 08:00:00,2893.0,2897.0,2850.0,2863.0,24814184.14664626
2026-01-20 12:00:00,2863.0,2877.0,2837.0,2853.0,21052523.45032733
2026-01-20 16:00:00,2853.0,2865.0,2822.0,2834.0,11614382.50854206
2026-01-20 20:00:00,2834.0,2849.0,2800.0,2816.0,22184672.14164019
2026-01-21 00:00:00,2817.0,2868.0,2811.0,2826.0,27005862.81236274
2026-01-21 04:00:00,2825.0,2859.0,2822.0,2834.0,11321321.63398912
2026-01-21 08:00:00,2833.0,2845.0,2801.0,2805.0,11226461.42378386
2026-01-21 12:00:00,2805.0,2905.0,2790.0,2901.0,41271691.01191435
2026-01-21 16:00:00,2901.0,2940.0,2789.0,2921.0,26345249.76198628
2026-01-21 20:00:00,2921.0,2947.0,2871.0,2880.0,22778985.98337966
2026-01-22 00:00:00,2882.0,2915.0,2878.0,2886.0,15248045.92425793
2026-01-22 04:00:00,2886.0,2900.0,2882.0,2888.0,8149440.17452088
2026-01-22 08:00:00,2888.0,2914.0,2887.0,2889.0,8833103.47783012
2026-01-22 12:00:00,2891.0,2897.0,2830.0,2845.0,18501626.3858648
2026-01-22 16:00:00,2846.0,2872.0,2831.0,2867.0,4770163.25716325
2026-01-22 20:00:00,2867.0,2870.0,2845.0,2853.0,6186822.98127704
2026-01-23 00:00:00,2853.0,2862.0,2830.0,2841.0,11889862.44739577
2026-01-23 04:00:00,2841.0,2855.0,2824.0,2840.0,10432373.50789426
2026-01-23 08:00:00,2840.0,2844.0,2825.0,2841.0,6114247.94089616
2026-01-23 12:00:00,2842.0,2855.0,2811.0,2853.0,10164830.89727745
2026-01-23 16:00:00,2853.0,2903.0,2828.0,2829.0,16039034.45857223
2026-01-23 20:00:00,2829.0,2841.0,2814.0,2828.0,6870873.8697837
2026-01-24 00:00:00,2828.0,2841.0,2822.0,2833.0,7610830.53849728
2026-01-24 04:00:00,2832.0,2839.0,2827.0,2831.0,4475522.13264687
2026-01-24 08:00:00,2830.0,2835.0,2822.0,2826.0,4572545.63771577
2026-01-24 12:00:00,2826.0,2837.0,2824.0,2826.0,5795423.14782271
2026-01-24 16:00:00,2826.0,2834.0,2823.0,2829.0,1856383.58504293
2026-01-24 20:00:00,2829.0,2836.0,2823.0,2824.0,3201283.91397186
2026-01-25 00:00:00,2824.0,2829.0,2802.0,2807.0,12081933.07818837
2026-01-25 04:00:00,2808.0,2812.0,2793.0,2793.0,10340227.34463292
2026-01-25 08:00:00,2794.0,2817.0,2781.0,2804.0,14957235.48718257
2026-01-25 12:00:00,2803.0,2806.0,2783.0,2785.0,10172286.78634752
2026-01-25 16:00:00,2785.0,2785.0,2700.0,2706.0,30325829.02385087
2026-01-25 20:00:00,2707.0,2735.0,2700.0,2720.0,19809692.50256266
2026-01-26 00:00:00,2720.0,2779.0,2716.0,2743.0,23870723.4347729
2026-01-26 04:00:00,2742.0,2773.0,2741.0,2751.0,11840928.02206822
2026-01-26 08:00:00,2752.0,2771.0,2742.0,2765.0,8847325.60037133
2026-01-26 12:00:00,2765.0,2840.0,2765.0,2816.0,22373267.84373508
2026-01-26 16:00:00,2817.0,2836.0,2785.0,2793.0,7856025.34728357
2026-01-26 20:00:00,2793.0,2798.0,2767.0,2788.0,9021354.93602878
2026-01-27 00:00:00,2788.0,2808.0,2781.0,2793.0,11982331.96522113
2026-01-27 04:00:00,2793.0,2804.0,2771.0,2773.0,8162155.9931253
2026-01-27 08:00:00,2775.0,2781.0,2753.0,2763.0,9913700.71116272
2026-01-27 12:00:00,2763.0,2773.0,2741.0,2766.0,11360138.93850469
2026-01-27 16:00:00,2765.0,2795.0,2746.0,2785.0,9065167.21246497
2026-01-27 20:00:00,2785.0,2809.0,2782.0,2786.0,10759004.76417638
2026-01-28 00:00:00,2786.0,2792.0,2748.0,2752.0,14312597.13806407
2026-01-28 04:00:00,2753.0,2778.0,2743.0,2766.0,9140760.94279419
2026-01-28 08:00:00,2766.0,2812.0,2758.0,2812.0,11254800.90681774
2026-01-28 12:00:00,2812.0,2812.0,2761.0,2768.0,13999018.15572822
2026-01-28 16:00:00,2768.0,2797.0,2761.0,2786.0,4948528.20703933
2026-01-28 20:00:00,2785.0,2800.0,2761.0,2762.0,7636852.28335768
2026-01-29 00:00:00,2762.0,2765.0,2715.0,2720.0,20360698.82834325
2026-01-29 04:00:00,2720.0,2737.0,2707.0,2730.0,10253414.85000326
2026-01-29 08:00:00,2730.0,2736.0,2711.0,2719.0,8171938.45049533
2026-01-29 12:00:00,2718.0,2725.0,2624.0,2644.0,53871917.04048225
2026-01-29 16:00:00,2643.0,2695.0,2613.0,2632.0,22695320.12314355
2026-01-29 20:00:00,2632.0,2664.0,2624.0,2651.0,13844122.4463242
2026-01-30 00:00:00,2652.0,2658.0,2530.0,2568.0,76230633.34134495
2026-01-30 04:00:00,2568.0,2600.0,2537.0,2577.0,23817582.79507236
2026-01-30 08:00:00,2577.0,2602.0,2546.0,2594.0,15359005.50189122
2026-01-30 12:00:00,2595.0,2622.0,2566.0,2593.0,22587210.11540293
2026-01-30 16:00:00,2591.0,2630.0,2542.0,2617.0,17337084.20463809
2026-01-30 20:00:00,2616.0,2616.0,2555.0,2584.0,18582681.10085061
2026-01-31 00:00:00,2582.0,2596.0,2569.0,2587.0,12967160.85493561
2026-01-31 04:00:00,2587.0,2590.0,2540.0,2542.0,14486769.98175862
2026-01-31 08:00:00,2543.0,2550.0,2495.0,2516.0,40260826.79029235
2026-01-31 12:00:00,2518.0,2518.0,2401.0,2433.0,86624150.29785296
2026-01-31 16:00:00,2433.0,2452.0,2271.0,2357.0,103124325.69458103
2026-01-31 20:00:00,2360.0,2469.0,2341.0,2460.0,40362383.93844752
2026-02-01 00:00:00,2461.0,2501.0,2444.0,2474.0,44214039.0606241
2026-02-01 04:00:00,2473.0,2485.0,2436.0,2452.0,21481560.54714786
2026-02-01 08:00:00,2452.0,2480.0,2414.0,2437.0,24988624.39528987
2026-02-01 12:00:00,2437.0,2442.0,2331.0,2356.0,43587102.55141288
2026-02-01 16:00:00,2355.0,2397.0,2337.0,2361.0,16717749.85459471
2026-02-01 20:00:00,2361.0,2381.0,2295.0,2344.0,36070410.67094314
2026-02-02 00:00:00,2344.0,2395.0,2271.0,2337.0,66409107.06255284
2026-02-02 04:00:00,2338.0,2362.0,2275.0,2339.0,53869736.00131995
2026-02-02 08:00:00,2339.0,2408.0,2338.0,2398.0,27184832.56978875
2026-02-02 12:00:00,2397.0,2454.0,2397.0,2432.0,44128793.8207436
2026-02-02 16:00:00,2432.0,2452.0,2402.0,2403.0,10332600.43036748
2026-02-02 20:00:00,2404.0,2420.0,2387.0,2405.0,13769173.58008714
2026-02-03 00:00:00,2404.0,2408.0,2347.0,2381.0,27000174.77809333
2026-02-03 04:00:00,2381.0,2394.0,2361.0,2383.0,11901426.99523147
2026-02-03 08:00:00,2382.0,2396.0,2358.0,2368.0,12734138.46624068
2026-02-03 12:00:00,2368.0,2389.0,2335.0,2385.0,21996271.70133931
2026-02-03 16:00:00,2387.0,2388.0,2277.0,2349.0,38341585.34128759
2026-02-03 20:00:00,2347.0,2417.0,2318.0,2332.0,29194697.04279899
2026-02-04 00:00:00,2332.0,2366.0,2313.0,2361.0,22845807.96495204
2026-02-04 04:00:00,2361.0,2369.0,2337.0,2367.0,10702666.92718655
2026-02-04 08:00:00,2366.0,2377.0,2335.0,2353.0,12893712.44501567
2026-02-04 12:00:00,2353.0,2358.0,2265.0,2283.0,37736761.5767222
2026-02-04 16:00:00,2282.0,2299.0,2232.0,2296.0,39000129.19259895
2026-02-04 20:00:00,2297.0,2298.0,2215.0,2232.0,38508631.51103765
2026-02-05 00:00:00,2232.0,2240.0,2118.0,2123.0,108719625.52844658
2026-02-05 04:00:00,2124.0,2144.0,2086.0,2110.0,78973518.95426504
2026-02-05 08:00:00,2110.0,2128.0,1973.0,2008.0,168041009.9024816
2026-02-05 12:00:00,2008.0,2029.0,1878.0,1913.0,204747272.92989612
2026-02-05 16:00:00,1913.0,1927.0,1784.0,1790.0,174371202.13841742
2026-02-05 20:00:00,1789.0,1878.0,1683.0,1792.0,302611534.49525845
2026-02-06 00:00:00,1794.0,1928.0,1658.0,1881.0,323308967.32474774
2026-02-06 04:00:00,1882.0,1988.0,1873.0,1922.0,120491097.63772796
2026-02-06 08:00:00,1920.0,2058.0,1911.0,2028.0,115288705.610244
2026-02-06 12:00:00,2028.0,2296.0,2014.0,2243.0,222121195.06907392
2026-02-06 16:00:00,2244.0,2275.0,2125.0,2154.0,87340874.95244493
2026-02-06 20:00:00,2153.0,2231.0,2134.0,2186.0,51451159.7130704
2026-02-07 00:00:00,2187.0,2212.0,2114.0,2192.0,110955561.83267736
2026-02-07 04:00:00,2191.0,2209.0,2076.0,2092.0,93654580.67381518
2026-02-07 08:00:00,2092.0,2120.0,2046.0,2060.0,61626390.91272491
2026-02-07 12:00:00,2059.0,2133.0,2056.0,2090.0,52141182.24855316
2026-02-07 16:00:00,2087.0,2144.0,2081.0,2118.0,26230555.56739882
2026-02-07 20:00:00,2117.0,2133.0,2088.0,2106.0,14941526.54156007
2026-02-08 00:00:00,2106.0,2137.0,2096.0,2099.0,29002695.8833559
2026-02-08 04:00:00,2099.0,2113.0,2091.0,2109.0,12750059.03877575
2026-02-08 08:00:00,2109.0,2169.0,2104.0,2155.0,53993866.68506131
2026-02-08 12:00:00,2154.0,2185.0,2127.0,2140.0,44169031.91931199
2026-02-08 16:00:00,2140.0,2157.0,2100.0,2153.0,15365861.58609748
2026-02-08 20:00:00,2153.0,2167.0,2113.0,2126.0,21226754.61903049
2026-02-09 00:00:00,2125.0,2155.0,2110.0,2154.0,31236940.95012847
2026-02-09 04:00:00,2153.0,2155.0,2113.0,2118.0,21122015.95915246
2026-02-09 08:00:00,2118.0,2123.0,2032.0,2066.0,62204495.21859058
2026-02-09 12:00:00,2066.0,2143.0,2065.0,2138.0,42539328.84876839
2026-02-09 16:00:00,2136.0,2162.0,2115.0,2142.0,20350087.87344794
2026-02-09 20:00:00,2142.0,2150.0,2117.0,2117.0,14202136.87517766
2026-02-10 00:00:00,2119.0,2145.0,2111.0,2122.0,20884985.08283973
2026-02-10 04:00:00,2123.0,2144.0,2096.0,2110.0,23044941.1446825
2026-02-10 08:00:00,2110.0,2130.0,2087.0,2090.0,18367947.36534364
2026-02-10 12:00:00,2090.0,2117.0,2071.0,2085.0,23760946.05495229
2026-02-10 16:00:00,2085.0,2116.0,2073.0,2082.0,9864819.34109813
2026-02-10 20:00:00,2082.0,2085.0,2070.0,2076.0,9339162.44228557
2026-02-11 00:00:00,2077.0,2105.0,2069.0,2079.0,18576927.24356401
2026-02-11 04:00:00,2078.0,2085.0,2006.0,2024.0,52007726.41204684
2026-02-11 08:00:00,2024.0,2041.0,2002.0,2039.0,26128608.56350637
2026-02-11 12:00:00,2038.0,2087.0,2000.0,2008.0,59585119.01567489
2026-02-11 16:00:00,2008.0,2048.0,1990.0,2036.0,21120474.24935718
2026-02-11 20:00:00,2035.0,2063.0,2007.0,2026.0,18379469.54692238
2026-02-12 00:00:00,2025.0,2045.0,2018.0,2023.0,18651888.08914072
2026-02-12 04:00:00,2023.0,2038.0,2015.0,2031.0,14098558.1113439
2026-02-12 08:00:00,2031.0,2065.0,2022.0,2056.0,24347059.34437765
2026-02-12 12:00:00,2056.0,2058.0,2017.0,2017.0,23879904.1504747
2026-02-12 16:00:00,2017.0,2029.0,1983.0,2004.0,27556143.69095843
2026-02-12 20:00:00,2006.0,2015.0,1987.0,2001.0,19583568.4269742
2026-02-13 00:00:00,2001.0,2010.0,1982.0,2001.0,27194110.89392513
2026-02-13 04:00:00,2001.0,2003.0,1980.0,1987.0,17554011.89936716
2026-02-13 08:00:00,1986.0,2013.0,1985.0,2011.0,18087875.1038651
2026-02-13 12:00:00,2010.0,2086.0,2000.0,2060.0,49204536.63931145
2026-02-13 16:00:00,2061.0,2090.0,2055.0,2064.0,19531167.97838209
2026-02-13 20:00:00,2064.0,2072.0,2045.0,2057.0,15846960.16308324
2026-02-14 00:00:00,2058.0,2082.0,2054.0,2079.0,21267092.90712932
2026-02-14 04:00:00,2079.0,2095.0,2067.0,2088.0,14892625.30076738
2026-02-14 08:00:00,2089.0,2178.0,2088.0,2175.0,57633739.04605736
2026-02-14 12:00:00,2175.0,2184.0,2136.0,2165.0,44042970.16227547
2026-02-14 16:00:00,2164.0,2200.0,2143.0,2198.0,15995579.4814903
2026-02-14 20:00:00,2199.0,2228.0,2186.0,2224.0,28894621.63491859
2026-02-15 00:00:00,2223.0,2273.0,2215.0,2246.0,67335446.59093347
2026-02-15 04:00:00,2246.0,2442.0,2243.0,2440.0,95397489.08783007
2026-02-15 08:00:00,2441.0,2475.0,2295.0,2303.0,153142058.20735255
2026-02-15 12:00:00,2304.0,2310.0,2233.0,2250.0,112363206.2252107
2026-02-15 16:00:00,2250.0,2252.0,2145.0,2152.0,40550922.19272692
2026-02-15 20:00:00,2152.0,2215.0,2140.0,2190.0,42401084.99198132
2026-02-16 00:00:00,2191.0,2213.0,2150.0,2163.0,42865612.62249321
2026-02-16 04:00:00,2163.0,2186.0,2150.0,2164.0,21268913.34288
2026-02-16 08:00:00,2165.0,2249.0,2164.0,2201.0,55430899.97881549
2026-02-16 12:00:00,2201.0,2244.0,2171.0,2188.0,56406309.68238157
2026-02-16 16:00:00,2188.0,2215.0,2181.0,2186.0,11246167.14200916
2026-02-16 20:00:00,2186.0,2213.0,2179.0,2202.0,9539455.69476136
2026-02-17 00:00:00,2202.0,2210.0,2183.0,2196.0,14670709.66991997
2026-02-17 04:00:00,2197.0,2202.0,2178.0,2183.0,13604239.98085201
2026-02-17 08:00:00,2183.0,2188.0,2151.0,2155.0,24775305.07657354
2026-02-17 12:00:00,2154.0,2169.0,2120.0,2163.0,32566082.06111862
2026-02-17 16:00:00,2161.0,2213.0,2161.0,2197.0,25579355.26090474
2026-02-17 20:00:00,2194.0,2206.0,2175.0,2179.0,9541399.44252813
2026-02-18 00:00:00,2180.0,2195.0,2166.0,2187.0,17712453.21546971
2026-02-18 04:00:00,2188.0,2197.0,2181.0,2195.0,10186811.95986149
2026-02-18 08:00:00,2195.0,2205.0,2164.0,2169.0,21694937.46662705
2026-02-18 12:00:00,2169.0,2199.0,2153.0,2179.0,20231720.83582489
2026-02-18 16:00:00,2179.0,2182.0,2114.0,2120.0,18245339.55226591
2026-02-18 20:00:00,2120.0,2134.0,2093.0,2111.0,25762519.50206472
2026-02-19 00:00:00,2111.0,2123.0,2095.0,2116.0,20351456.96449801
2026-02-19 04:00:00,2115.0,2123.0,2078.0,2116.0,23101592.46863276
2026-02-19 08:00:00,2116.0,2118.0,2077.0,2081.0,18339163.7632049
2026-02-19 12:00:00,2081.0,2090.0,2047.0,2065.0,39357098.8195242
2026-02-19 16:00:00,2065.0,2094.0,2041.0,2084.0,13644655.6306725
2026-02-19 20:00:00,2084.0,2087.0,2061.0,2075.0,9728807.20171912
2026-02-20 00:00:00,2075.0,2106.0,2073.0,2083.0,18165609.15877198
2026-02-20 04:00:00,2083.0,2099.0,2062.0,2092.0,17999218.7923187
2026-02-20 08:00:00,2091.0,2105.0,2071.0,2074.0,19189731.05103485
2026-02-20 12:00:00,2074.0,2107.0,2036.0,2104.0,44081304.1938452
2026-02-20 16:00:00,2104.0,2117.0,2074.0,2094.0,20311150.85188099
2026-02-20 20:00:00,2094.0,2107.0,2083.0,2101.0,8544563.8973918
2026-02-21 00:00:00,2101.0,2110.0,2090.0,2096.0,11949946.41666152
2026-02-21 04:00:00,2096.0,2110.0,2095.0,2104.0,7756380.74712764
2026-02-21 08:00:00,2104.0,2129.0,2100.0,2123.0,15819140.38791734
2026-02-21 12:00:00,2123.0,2153.0,2110.0,2133.0,22227636.69539517
2026-02-21 16:00:00,2133.0,2136.0,2114.0,2122.0,6508506.56394234
2026-02-21 20:00:00,2122.0,2122.0,2102.0,2103.0,8058591.17438636
2026-02-22 00:00:00,2103.0,2111.0,2086.0,2094.0,13841671.68462045
2026-02-22 04:00:00,2095.0,2099.0,2087.0,2091.0,7526912.11268583
2026-02-22 08:00:00,2091.0,2096.0,2084.0,2092.0,7602939.26250085
2026-02-22 12:00:00,2092.0,2093.0,2037.0,2049.0,30261358.0776507
2026-02-22 16:00:00,2049.0,2052.0,2037.0,2041.0,6332106.13044716
2026-02-22 20:00:00,2040.0,2066.0,2032.0,2051.0,11850025.90656777
2026-02-23 00:00:00,2051.0,2054.0,1960.0,1983.0,79148586.85581727
2026-02-23 04:00:00,1983.0,2029.0,1972.0,2018.0,24945528.86894282
2026-02-23 08:00:00,2018.0,2065.0,2001.0,2050.0,27482084.76530278
2026-02-23 12:00:00,2048.0,2093.0,2008.0,2013.0,39069969.72716916
2026-02-23 16:00:00,2012.0,2027.0,1988.0,2003.0,17400351.09675669
2026-02-23 20:00:00,2003.0,2018.0,1991.0,1994.0,15840261.19384863
2026-02-24 00:00:00,1994.0,2009.0,1951.0,1957.0,46206694.96309862
2026-02-24 04:00:00,1957.0,1974.0,1945.0,1953.0,34667518.84587367
2026-02-24 08:00:00,1952.0,1963.0,1944.0,1957.0,18985214.14492506
2026-02-24 12:00:00,1956.0,1989.0,1925.0,1986.0,38699305.0230995
2026-02-24 16:00:00,1985.0,2003.0,1973.0,1987.0,15438643.24887654
2026-02-24 20:00:00,1987.0,1998.0,1964.0,1974.0,11458611.34871682
2026-02-25 00:00:00,1973.0,2046.0,1961.0,1993.0,54823849.32208767
2026-02-25 04:00:00,1993.0,2000.0,1967.0,1983.0,23772020.2026924
2026-02-25 08:00:00,1983.0,2012.0,1980.0,2010.0,21240083.97392058
2026-02-25 12:00:00,2010.0,2086.0,2004.0,2079.0,57590786.14496449
2026-02-25 16:00:00,2078.0,2125.0,2074.0,2107.0,36471785.49915501
2026-02-25 20:00:00,2107.0,2143.0,2044.0,2063.0,50203564.76034733
2026-02-26 00:00:00,2064.0,2089.0,2036.0,2070.0,38240432.02345052
2026-02-26 04:00:00,2070.0,2119.0,2060.0,2065.0,29415247.10384836
2026-02-26 08:00:00,2065.0,2099.0,2063.0,2071.0,20238388.52214327
2026-02-26 12:00:00,2071.0,2086.0,2038.0,2052.0,25936205.06868912
2026-02-26 16:00:00,2052.0,2057.0,2003.0,2035.0,22495965.45327177
2026-02-26 20:00:00,2034.0,2041.0,2011.0,2026.0,12074945.83553795
2026-02-27 00:00:00,2026.0,2045.0,2014.0,2034.0,16859553.33148268
2026-02-27 04:00:00,2034.0,2052.0,2030.0,2048.0,16547054.11440996
2026-02-27 08:00:00,2048.0,2064.0,2008.0,2012.0,30466747.81920548
2026-02-27 12:00:00,2012.0,2017.0,1976.0,1978.0,37520194.57716072
2026-02-27 16:00:00,1979.0,1993.0,1956.0,1974.0,21158752.30227486
2026-02-27 20:00:00,1974.0,1985.0,1961.0,1982.0,14410934.6632992
2026-02-28 00:00:00,1981.0,1998.0,1978.0,1979.0,14777725.67819904
2026-02-28 04:00:00,1980.0,1985.0,1893.0,1909.0,77548201.72232065
2026-02-28 08:00:00,1909.0,1920.0,1860.0,1895.0,87736074.07506783
2026-02-28 12:00:00,1895.0,1982.0,1895.0,1937.0,52642160.78491055
2026-02-28 16:00:00,1937.0,1983.0,1921.0,1977.0,16934472.91861313
2026-02-28 20:00:00,1978.0,2030.0,1971.0,2005.0,37905511.91031097
2026-03-01 00:00:00,2005.0,2079.0,1984.0,2055.0,67927743.84785648
2026-03-01 04:00:00,2056.0,2061.0,2013.0,2028.0,30117649.86555565
2026-03-01 08:00:00,2029.0,2032.0,1988.0,1999.0,27548540.88388969
2026-03-01 12:00:00,2000.0,2036.0,1980.0,2002.0,36084523.65820635
2026-03-01 16:00:00,2002.0,2014.0,1975.0,1978.0,15054937.68058593
2026-03-01 20:00:00,1978.0,2002.0,1954.0,1975.0,22100988.16281642
2026-03-02 00:00:00,1975.0,2015.0,1974.0,2001.0,28852658.13423491
2026-03-02 04:00:00,2000.0,2003.0,1961.0,1972.0,24082322.57262564
2026-03-02 08:00:00,1972.0,1994.0,1962.0,1976.0,18929830.0132609
2026-03-02 12:00:00,1978.0,2074.0,1962.0,2049.0,77121886.61056451
2026-03-02 16:00:00,2049.0,2074.0,2022.0,2043.0,38213983.56754417
2026-03-02 20:00:00,2041.0,2049.0,2023.0,2030.0,23848444.01932108
2026-03-03 00:00:00,2031.0,2045.0,2002.0,2006.0,30094867.27646436
2026-03-03 04:00:00,2006.0,2016.0,1989.0,1997.0,24505151.26589711
2026-03-03 08:00:00,1997.0,2006.0,1973.0,1993.0,27483750.5473764
2026-03-03 12:00:00,1995.0,2020.0,1978.0,2015.0,34909604.7924709
2026-03-03 16:00:00,2016.0,2042.0,1993.0,2003.0,19466117.72793758
2026-03-03 20:00:00,2003.0,2011.0,1987.0,1998.0,13114992.37542498
2026-03-04 00:00:00,1998.0,2012.0,1972.0,1984.0,27283304.80413289
2026-03-04 04:00:00,1983.0,2013.0,1975.0,2008.0,20089371.53155872
2026-03-04 08:00:00,2008.0,2076.0,2001.0,2040.0,74445488.582981
2026-03-04 12:00:00,2040.0,2125.0,2015.0,2123.0,59632932.1170372
2026-03-04 16:00:00,2123.0,2135.0,2085.0,2112.0,32235866.28643434
2026-03-04 20:00:00,2112.0,2121.0,2054.0,2075.0,31551509.59464731
2026-03-05 00:00:00,2075.0,2091.0,2060.0,2066.0,25935751.00601739
2026-03-05 04:00:00,2066.0,2085.0,2058.0,2066.0,20324353.95356815
2026-03-05 08:00:00,2065.0,2123.0,2061.0,2101.0,32311307.39548389
2026-03-05 12:00:00,2102.0,2113.0,2067.0,2077.0,30447491.64870469
2026-03-05 16:00:00,2078.0,2089.0,2052.0,2072.0,13142702.58492063
2026-03-05 20:00:00,2072.0,2085.0,2057.0,2057.0,9202553.68376112
2026-03-06 00:00:00,2057.0,2074.0,2051.0,2059.0,13306272.5193134
2026-03-06 04:00:00,2060.0,2062.0,2042.0,2061.0,16096160.27211026
2026-03-06 08:00:00,2061.0,2067.0,2047.0,2054.0,11593924.27081439
2026-03-06 12:00:00,2053.0,2057.0,2000.0,2006.0,40220157.77028635
2026-03-06 16:00:00,2005.0,2018.0,1992.0,2016.0,12473483.64112308
2026-03-06 20:00:00,2016.0,2029.0,2005.0,2017.0,7427153.03176696
2026-03-07 00:00:00,2015.0,2026.0,2008.0,2014.0,8578062.53388301
2026-03-07 04:00:00,2015.0,2018.0,2007.0,2016.0,6848003.36100792
2026-03-07 08:00:00,2016.0,2029.0,2010.0,2024.0,7772335.16013022
2026-03-07 12:00:00,2024.0,2024.0,2003.0,2009.0,8027413.20484382
2026-03-07 16:00:00,2008.0,2017.0,1995.0,1998.0,6409136.91573059
2026-03-07 20:00:00,1998.0,2011.0,1998.0,2006.0,4502638.55125488
2026-03-08 00:00:00,2006.0,2013.0,1992.0,1994.0,13145054.26406164
2026-03-08 04:00:00,1995.0,2013.0,1986.0,2009.0,13669652.4255006
2026-03-08 08:00:00,2011.0,2027.0,2002.0,2009.0,13536029.93606814
2026-03-08 12:00:00,2009.0,2011.0,1988.0,1992.0,15705928.03600936
2026-03-08 16:00:00,1992.0,2011.0,1982.0,2008.0,8100865.70695203
2026-03-08 20:00:00,2006.0,2013.0,1971.0,1985.0,18921353.80786878
2026-03-09 00:00:00,1986.0,2016.0,1985.0,1999.0,25477160.64878429
2026-03-09 04:00:00,2000.0,2008.0,1976.0,1983.0,24721977.92482772
2026-03-09 08:00:00,1984.0,2011.0,1983.0,1995.0,18508203.06811442
2026-03-09 12:00:00,1995.0,2020.0,1994.0,2003.0,23776986.21038502
2026-03-09 16:00:00,2002.0,2025.0,1995.0,2012.0,9832291.815526
2026-03-09 20:00:00,2013.0,2021.0,1998.0,2001.0,11112455.22951979
2026-03-10 00:00:00,2001.0,2039.0,1998.0,2017.0,24849350.64148392
2026-03-10 04:00:00,2017.0,2036.0,2016.0,2031.0,13211881.89468642
2026-03-10 08:00:00,2031.0,2075.0,2030.0,2037.0,39944205.41284785
2026-03-10 12:00:00,2037.0,2099.0,2025.0,2081.0,51312545.54469724
2026-03-10 16:00:00,2081.0,2090.0,2022.0,2028.0,19103592.14050891
2026-03-10 20:00:00,2028.0,2043.0,2022.0,2030.0,11630699.34903534
2026-03-11 00:00:00,2030.0,2038.0,2017.0,2018.0,13473011.70665033
2026-03-11 04:00:00,2018.0,2032.0,2011.0,2015.0,12436182.66837216
2026-03-11 08:00:00,2015.0,2024.0,2011.0,2016.0,11217456.13016446
2026-03-11 12:00:00,2016.0,2063.0,2012.0,2025.0,33630658.29774114
2026-03-11 16:00:00,2025.0,2053.0,2022.0,2034.0,10867076.55933744
2026-03-11 20:00:00,2034.0,2039.0,2022.0,2025.0,7534515.82069701
2026-03-12 00:00:00,2026.0,2030.0,2012.0,2017.0,11445352.84130347
2026-03-12 04:00:00,2017.0,2023.0,2010.0,2018.0,11076534.17877323
2026-03-12 08:00:00,2018.0,2037.0,2014.0,2030.0,11911680.25844833
2026-03-12 12:00:00,2031.0,2036.0,2010.0,2023.0,18657842.40226348
2026-03-12 16:00:00,2024.0,2029.0,2013.0,2021.0,5321418.83929845
2026-03-12 20:00:00,2021.0,2032.0,2013.0,2025.0,11674732.18872518
2026-03-13 00:00:00,2027.0,2075.0,2024.0,2062.0,40936403.67512854
2026-03-13 04:00:00,2062.0,2081.0,2055.0,2074.0,22027667.75076754
2026-03-13 08:00:00,2075.0,2110.0,2072.0,2079.0,39834752.45309385
2026-03-13 12:00:00,2080.0,2124.0,2066.0,2070.0,49713609.7043346
2026-03-13 16:00:00,2070.0,2076.0,2045.0,2060.0,16621378.24054981
2026-03-13 20:00:00,2061.0,2068.0,2048.0,2059.0,9606863.72078333
2026-03-14 00:00:00,2059.0,2070.0,2052.0,2065.0,12699234.56372606
2026-03-14 04:00:00,2066.0,2070.0,2047.0,2057.0,11494634.70065935
2026-03-14 08:00:00,2057.0,2062.0,2052.0,2059.0,6693145.45640186
2026-03-14 12:00:00,2060.0,2063.0,2052.0,2056.0,6874039.69078399
2026-03-14 16:00:00,2056.0,2059.0,2052.0,2057.0,2178954.0700347
2026-03-14 20:00:00,2057.0,2078.0,2055.0,2076.0,6154417.24203976
2026-03-15 00:00:00,2076.0,2093.0,2069.0,2081.0,15358039.1166238
2026-03-15 04:00:00,2081.0,2091.0,2073.0,2077.0,8869900.81711218
2026-03-15 08:00:00,2078.0,2091.0,2076.0,2090.0,7906331.48738471
2026-03-15 12:00:00,2090.0,2106.0,2083.0,2087.0,19833329.4777951
2026-03-15 16:00:00,2088.0,2096.0,2079.0,2082.0,6217336.90862135
2026-03-15 20:00:00,2082.0,2145.0,2080.0,2126.0,33972014.97690406
2026-03-16 00:00:00,2127.0,2165.0,2110.0,2153.0,41383491.83484691
2026-03-16 04:00:00,2153.0,2180.0,2153.0,2172.0,31986052.36351834
2026-03-16 08:00:00,2172.0,2180.0,2146.0,2160.0,25376587.58300715
2026-03-16 12:00:00,2159.0,2226.0,2158.0,2196.0,45514816.71928615
2026-03-16 16:00:00,2196.0,2261.0,2195.0,2241.0,21224591.19968022
2026-03-16 20:00:00,2243.0,2280.0,2235.0,2269.0,33106673.29468999
2026-03-17 00:00:00,2269.0,2374.0,2259.0,2276.0,109663744.85244994
2026-03-17 04:00:00,2276.0,2294.0,2213.0,2255.0,67986845.3395885
2026-03-17 08:00:00,2255.0,2263.0,2217.0,2232.0,24736998.39868093
2026-03-17 12:00:00,2232.0,2247.0,2209.0,2236.0,27496499.2931636
2026-03-17 16:00:00,2236.0,2269.0,2220.0,2259.0,13492331.49926598
2026-03-17 20:00:00,2259.0,2267.0,2237.0,2238.0,12984861.50792833
2026-03-18 00:00:00,2238.0,2270.0,2227.0,2269.0,21286951.75881489
2026-03-18 04:00:00,2269.0,2272.0,2238.0,2246.0,14973398.49147104
2026-03-18 08:00:00,2247.0,2256.0,2196.0,2204.0,26863074.44813886
2026-03-18 12:00:00,2203.0,2204.0,2135.0,2142.0,60483751.49870143
2026-03-18 16:00:00,2142.0,2179.0,2135.0,2153.0,12701749.6117306
2026-03-18 20:00:00,2156.0,2191.0,2145.0,2177.0,13513924.72273368
2026-03-19 00:00:00,2177.0,2198.0,2158.0,2193.0,20077762.89854956
2026-03-19 04:00:00,2193.0,2200.0,2158.0,2175.0,21482680.62552794
2026-03-19 08:00:00,2175.0,2185.0,2162.0,2169.0,10636123.3687581
2026-03-19 12:00:00,2169.0,2171.0,2124.0,2135.0,32792919.52862565
2026-03-19 16:00:00,2134.0,2156.0,2121.0,2143.0,9303905.99614458
2026-03-19 20:00:00,2142.0,2164.0,2139.0,2152.0,8122548.4118849
2026-03-20 00:00:00,2152.0,2173.0,2149.0,2168.0,13125210.04887949
2026-03-20 04:00:00,2167.0,2180.0,2155.0,2168.0,12922349.29036426
2026-03-20 08:00:00,2168.0,2183.0,2157.0,2165.0,13512348.31793781
2026-03-20 12:00:00,2165.0,2167.0,2139.0,2152.0,14264482.07431331
2026-03-20 16:00:00,2152.0,2157.0,2137.0,2152.0,6422464.01115723
2026-03-20 20:00:00,2152.0,2169.0,2140.0,2160.0,8883256.51022669
2026-03-21 00:00:00,2159.0,2168.0,2155.0,2161.0,7762846.31373114
2026-03-21 04:00:00,2161.0,2171.0,2160.0,2162.0,5267827.04562902
2026-03-21 08:00:00,2163.0,2166.0,2155.0,2162.0,5586661.64588435
2026-03-21 12:00:00,2162.0,2167.0,2153.0,2156.0,7723824.27174086
2026-03-21 16:00:00,2156.0,2160.0,2152.0,2155.0,2684400.65991249
2026-03-21 20:00:00,2156.0,2162.0,2110.0,2122.0,12275490.51482633
2026-03-22 00:00:00,2122.0,2140.0,2103.0,2129.0,19920284.47562137
2026-03-22 04:00:00,2129.0,2134.0,2108.0,2109.0,9530846.65912295
2026-03-22 08:00:00,2109.0,2111.0,2075.0,2084.0,28559279.88823395
2026-03-22 12:00:00,2084.0,2111.0,2083.0,2092.0,10503726.65712571
2026-03-22 16:00:00,2092.0,2097.0,2076.0,2082.0,5923820.00808023
2026-03-22 20:00:00,2082.0,2093.0,2067.0,2081.0,12373555.81007125
2026-03-23 00:00:00,2081.0,2092.0,2064.0,2075.0,17948529.58993037
2026-03-23 04:00:00,2075.0,2093.0,2055.0,2067.0,19060629.12271535
2026-03-23 08:00:00,2066.0,2156.0,2050.0,2106.0,64416242.21256656
2026-03-23 12:00:00,2106.0,2173.0,2096.0,2128.0,46122953.89146047
2026-03-23 16:00:00,2128.0,2152.0,2123.0,2130.0,10934514.76272209
2026-03-23 20:00:00,2129.0,2137.0,2113.0,2126.0,11899451.3883836
2026-03-24 00:00:00,2127.0,2130.0,2102.0,2109.0,13847423.45364782
2026-03-24 04:00:00,2110.0,2129.0,2097.0,2129.0,12133455.05967278
2026-03-24 08:00:00,2129.0,2130.0,2108.0,2120.0,14833344.33622702
2026-03-24 12:00:00,2119.0,2121.0,2085.0,2094.0,21457296.23594736
2026-03-24 16:00:00,2094.0,2096.0,2075.0,2081.0,8680360.16526189
2026-03-24 20:00:00,2080.0,2115.0,2077.0,2108.0,11470372.70607275
2026-03-25 00:00:00,2109.0,2120.0,2100.0,2109.0,11626435.95702217
2026-03-25 04:00:00,2109.0,2125.0,2105.0,2116.0,11658503.5583653
2026-03-25 08:00:00,2117.0,2142.0,2110.0,2131.0,17810400.89901079
2026-03-25 12:00:00,2131.0,2133.0,2094.0,2102.0,20598794.50747029
2026-03-25 16:00:00,2102.0,2119.0,2098.0,2109.0,4487847.29315322
2026-03-25 20:00:00,2110.0,2121.0,2105.0,2113.0,5537009.06046658
2026-03-26 00:00:00,2114.0,2116.0,2088.0,2098.0,13252493.45133957
2026-03-26 04:00:00,2098.0,2104.0,2072.0,2081.0,15428368.2937252
2026-03-26 08:00:00,2081.0,2082.0,2057.0,2063.0,16328025.17561004
2026-03-26 12:00:00,2063.0,2084.0,2047.0,2052.0,14827835.90152552
2026-03-26 16:00:00,2052.0,2061.0,2024.0,2033.0,11411374.78646757
2026-03-26 20:00:00,2033.0,2070.0,2032.0,2054.0,9556777.73533404
2026-03-27 00:00:00,2055.0,2069.0,2051.0,2056.0,10323708.34428938
2026-03-27 04:00:00,2056.0,2065.0,2048.0,2052.0,7782366.09663091
2026-03-27 08:00:00,2052.0,2056.0,2014.0,2026.0,21289586.37596396
2026-03-27 12:00:00,2026.0,2043.0,2013.0,2028.0,17653137.07722798
2026-03-27 16:00:00,2029.0,2032.0,2010.0,2015.0,6606321.4675443
2026-03-27 20:00:00,2015.0,2026.0,2010.0,2018.0,7077711.07324888
2026-03-28 00:00:00,2017.0,2023.0,2004.0,2015.0,9460067.20929978
2026-03-28 04:00:00,2015.0,2038.0,2013.0,2036.0,9485402.64741277
2026-03-28 08:00:00,2036.0,2039.0,2024.0,2034.0,6280505.25207204
2026-03-28 12:00:00,2034.0,2057.0,2026.0,2050.0,9597031.94595665
2026-03-28 16:00:00,2049.0,2051.0,2035.0,2039.0,2306899.98745977
2026-03-28 20:00:00,2038.0,2043.0,2023.0,2025.0,5003596.23771742
2026-03-29 00:00:00,2024.0,2035.0,2020.0,2031.0,5067698.78926489
2026-03-29 04:00:00,2031.0,2035.0,2019.0,2026.0,4809330.05450201
2026-03-29 08:00:00,2026.0,2034.0,2022.0,2030.0,4019478.25260339
2026-03-29 12:00:00,2031.0,2032.0,2010.0,2016.0,8786980.99926104
2026-03-29 16:00:00,2015.0,2018.0,2004.0,2005.0,4386598.87252726
2026-03-29 20:00:00,2005.0,2023.0,1984.0,2019.0,23937978.10743883
2026-03-30 00:00:00,2019.0,2050.0,2014.0,2047.0,17667646.30265352
2026-03-30 04:00:00,2045.0,2058.0,2039.0,2056.0,11512812.36323384
2026-03-30 08:00:00,2056.0,2066.0,2036.0,2047.0,11789759.73016881
2026-03-30 12:00:00,2047.0,2055.0,2028.0,2039.0,12981895.18724404
2026-03-30 16:00:00,2039.0,2040.0,2004.0,2012.0,9769802.78182324
2026-03-30 20:00:00,2012.0,2028.0,2008.0,2014.0,7903896.51442044
2026-03-31 00:00:00,2014.0,2044.0,2006.0,2021.0,15480144.23813593
2026-03-31 04:00:00,2021.0,2026.0,2006.0,2012.0,12393534.91097916
2026-03-31 08:00:00,2012.0,2019.0,1994.0,2009.0,18475320.92431791
2026-03-31 12:00:00,2008.0,2037.0,2004.0,2009.0,15806381.81761504
2026-03-31 16:00:00,2009.0,2037.0,2006.0,2031.0,10758392.1728594
2026-03-31 20:00:00,2031.0,2038.0,2017.0,2030.0,8761598.87241128
2026-04-01 00:00:00,2029.0,2039.0,2016.0,2035.0,11656835.95302428
2026-04-01 04:00:00,2036.0,2052.0,2021.0,2040.0,17094069.16019629
2026-04-01 08:00:00,2039.0,2045.0,2034.0,2042.0,7258444.04522468
2026-04-01 12:00:00,2042.0,2052.0,2035.0,2048.0,9505645.99381197
2026-04-01 16:00:00,2048.0,2060.0,2034.0,2041.0,6577666.79888534
2026-04-01 20:00:00,2040.0,2050.0,2032.0,2040.0,7435297.97866552
2026-04-02 00:00:00,2040.0,2053.0,1991.0,2000.0,39477090.08493152
2026-04-02 04:00:00,2000.0,2009.0,1991.0,2003.0,11992677.38378008
2026-04-02 08:00:00,2002.0,2003.0,1981.0,1983.0,18063122.33273326
2026-04-02 12:00:00,1983.0,1986.0,1955.0,1976.0,37689978.58568119
2026-04-02 16:00:00,1975.0,1990.0,1970.0,1988.0,5687725.00920628
2026-04-02 20:00:00,1986.0,2008.0,1983.0,2006.0,8010272.77923458
2026-04-03 00:00:00,2006.0,2007.0,1979.0,2004.0,13323659.36749821
2026-04-03 04:00:00,2003.0,2010.0,1994.0,1998.0,8096339.7650385
2026-04-03 08:00:00,1999.0,2005.0,1990.0,2000.0,8254362.00125568
2026-04-03 12:00:00,2001.0,2023.0,1996.0,2000.0,8773228.66765528
2026-04-03 16:00:00,2000.0,2008.0,1994.0,1999.0,2634898.08471906
2026-04-03 20:00:00,1999.0,2005.0,1995.0,1999.0,3672804.5219392
2026-04-04 00:00:00,2000.0,2002.0,1993.0,1996.0,4826251.99823876
2026-04-04 04:00:00,1997.0,2002.0,1996.0,1998.0,3525725.96383558
2026-04-04 08:00:00,1998.0,2000.0,1987.0,1993.0,7015936.90268893
2026-04-04 12:00:00,1993.0,2000.0,1989.0,1994.0,6559424.85243132
2026-04-04 16:00:00,1994.0,2005.0,1993.0,2000.0,2631809.0746936
2026-04-04 20:00:00,2000.0,2000.0,1994.0,1995.0,2172344.63915936
2026-04-05 00:00:00,1994.0,2000.0,1991.0,1994.0,4426967.37296173
2026-04-05 04:00:00,1993.0,1997.0,1971.0,1974.0,12654539.83251259
2026-04-05 08:00:00,1974.0,1983.0,1973.0,1976.0,4726762.66014427
2026-04-05 12:00:00,1975.0,1983.0,1950.0,1971.0,23855941.40533222
2026-04-05 16:00:00,1971.0,1985.0,1971.0,1975.0,2945852.19557951
2026-04-05 20:00:00,1975.0,2013.0,1971.0,2004.0,14966716.82913157
2026-04-06 00:00:00,2004.0,2028.0,1999.0,2014.0,22409614.20580521
2026-04-06 04:00:00,2013.0,2025.0,2011.0,2020.0,9901366.11032559
2026-04-06 08:00:00,2020.0,2037.0,2014.0,2028.0,14237809.19824979
2026-04-06 12:00:00,2028.0,2034.0,2016.0,2030.0,10504959.6267506
2026-04-06 16:00:00,2031.0,2033.0,2010.0,2020.0,4642073.98539028
2026-04-06 20:00:00,2019.0,2024.0,1985.0,1996.0,13513312.7061967
2026-04-07 00:00:00,1995.0,2003.0,1984.0,1991.0,10297319.29281096
2026-04-07 04:00:00,1992.0,1995.0,1974.0,1981.0,11394325.98726455
2026-04-07 08:00:00,1981.0,1993.0,1966.0,1971.0,15172451.90702914
2026-04-07 12:00:00,1971.0,1979.0,1958.0,1961.0,15827753.1275343
2026-04-07 16:00:00,1962.0,1983.0,1959.0,1979.0,7140395.1795146
2026-04-07 20:00:00,1980.0,2079.0,1979.0,2054.0,48466344.73014014
2026-04-08 00:00:00,2055.0,2059.0,2024.0,2031.0,23592926.6860939
2026-04-08 04:00:00,2030.0,2052.0,2030.0,2043.0,9968134.36175964
2026-04-08 08:00:00,2043.0,2055.0,2035.0,2045.0,10476959.21391699
2026-04-08 12:00:00,2044.0,2059.0,2002.0,2015.0,21307552.56832522
2026-04-08 16:00:00,2015.0,2024.0,2001.0,2008.0,6733905.26953002
2026-04-08 20:00:00,2010.0,2020.0,1996.0,2000.0,10832550.73093558
2026-04-09 00:00:00,1999.0,2001.0,1981.0,1984.0,15496460.34953415
2026-04-09 04:00:00,1984.0,1992.0,1980.0,1989.0,9304411.03851149
2026-04-09 08:00:00,1989.0,1997.0,1981.0,1986.0,10646760.91011209
2026-04-09 12:00:00,1987.0,2010.0,1975.0,2006.0,15747189.31420299
2026-04-09 16:00:00,2007.0,2015.0,1998.0,2008.0,7625755.62375844
2026-04-09 20:00:00,2009.0,2025.0,1995.0,1997.0,11272717.53344086
2026-04-10 00:00:00,1997.0,2008.0,1994.0,1997.0,7887384.65434797
2026-04-10 04:00:00,1997.0,2004.0,1991.0,1991.0,7981635.53714334
2026-04-10 08:00:00,1992.0,2004.0,1991.0,1998.0,8436405.087169
2026-04-10 12:00:00,1998.0,2020.0,1995.0,2003.0,15053195.44549397
2026-04-10 16:00:00,2003.0,2021.0,2002.0,2020.0,5625062.53958728
2026-04-10 20:00:00,2019.0,2024.0,2009.0,2013.0,7095739.53555137
2026-04-11 00:00:00,2013.0,2016.0,2006.0,2008.0,6265562.74529143
2026-04-11 04:00:00,2009.0,2012.0,2000.0,2004.0,5390022.78733686
2026-04-11 08:00:00,2004.0,2009.0,2000.0,2004.0,5217235.01409741
2026-04-11 12:00:00,2004.0,2007.0,1997.0,2005.0,7023097.21186163
2026-04-11 16:00:00,2005.0,2037.0,2004.0,2030.0,8485390.00493407
2026-04-11 20:00:00,2030.0,2033.0,2008.0,2014.0,8065435.88640115
2026-04-12 00:00:00,2013.0,2016.0,1977.0,1984.0,26622840.92695251
2026-04-12 04:00:00,1985.0,1988.0,1981.0,1983.0,7196269.47143895
2026-04-12 08:00:00,1983.0,1990.0,1982.0,1989.0,5363849.23043799
2026-04-12 12:00:00,1989.0,1989.0,1972.0,1974.0,14445330.14393426
2026-04-12 16:00:00,1974.0,1981.0,1972.0,1980.0,1252721.56929776
2026-04-12 20:00:00,1981.0,1984.0,1976.0,1981.0,3784844.77257324
2026-04-13 00:00:00,1980.0,1994.0,1978.0,1979.0,9233582.79918924
2026-04-13 04:00:00,1979.0,1993.0,1974.0,1981.0,9879536.10198257
2026-04-13 08:00:00,1980.0,1986.0,1977.0,1980.0,6113484.52185406
2026-04-13 12:00:00,1980.0,2002.0,1978.0,1989.0,13797507.78288924
2026-04-13 16:00:00,1987.0,2007.0,1981.0,2005.0,7096853.8892882
2026-04-13 20:00:00,2005.0,2035.0,1994.0,2027.0,30861732.41971305
2026-04-14 00:00:00,2028.0,2029.0,2007.0,2022.0,17871948.45872034
2026-04-14 04:00:00,2022.0,2029.0,2012.0,2021.0,9462046.01232284
2026-04-14 08:00:00,2021.0,2029.0,2016.0,2020.0,8927315.42841216
2026-04-14 12:00:00,2020.0,2053.0,2013.0,2028.0,24038569.95425027
2026-04-14 16:00:00,2029.0,2040.0,2005.0,2014.0,8680430.94539086
2026-04-14 20:00:00,2014.0,2022.0,2008.0,2014.0,7085831.44493374
2026-04-15 00:00:00,2014.0,2023.0,2010.0,2011.0,8545876.26790237
2026-04-15 04:00:00,2011.0,2016.0,2002.0,2005.0,8476962.7407643
2026-04-15 08:00:00,2004.0,2020.0,2003.0,2020.0,6796339.58279282
2026-04-15 12:00:00,2020.0,2044.0,2016.0,2033.0,16984994.57013107
2026-04-15 16:00:00,2033.0,2074.0,2030.0,2063.0,13661788.4954816
2026-04-15 20:00:00,2064.0,2065.0,2037.0,2054.0,15013003.47022198
2026-04-16 00:00:00,2054.0,2084.0,2047.0,2073.0,19148728.15260027
2026-04-16 04:00:00,2073.0,2083.0,2065.0,2073.0,10720998.54778008
2026-04-16 08:00:00,2074.0,2099.0,2070.0,2085.0,16685025.28425154
2026-04-16 12:00:00,2085.0,2116.0,2066.0,2112.0,36199324.89298119
2026-04-16 16:00:00,2113.0,2159.0,2094.0,2157.0,19229031.96072235
2026-04-16 20:00:00,2157.0,2158.0,2130.0,2142.0,13815846.77704435
2026-04-17 00:00:00,2142.0,2149.0,2101.0,2113.0,22538053.20983736
2026-04-17 04:00:00,2113.0,2130.0,2106.0,2125.0,11042415.79055688
2026-04-17 08:00:00,2125.0,2157.0,2121.0,2144.0,18720433.80748019
2026-04-17 12:00:00,2144.0,2214.0,2136.0,2185.0,49329668.04140352
2026-04-17 16:00:00,2185.0,2202.0,2166.0,2187.0,10756866.52724642
2026-04-17 20:00:00,2188.0,2190.0,2172.0,2176.0,9711808.96950995
2026-04-18 00:00:00,2177.0,2187.0,2171.0,2171.0,12224345.2483139
2026-04-18 04:00:00,2171.0,2180.0,2162.0,2178.0,10302142.34829407
2026-04-18 08:00:00,2178.0,2179.0,2106.0,2118.0,35495736.29086215
2026-04-18 12:00:00,2118.0,2131.0,2115.0,2127.0,11389747.41268125
2026-04-18 16:00:00,2128.0,2131.0,2112.0,2114.0,4371463.2385483
2026-04-18 20:00:00,2114.0,2136.0,2111.0,2125.0,5222985.00186951
2026-04-19 00:00:00,2126.0,2136.0,2113.0,2121.0,10625570.11547327
2026-04-19 04:00:00,2123.0,2140.0,2107.0,2111.0,13207961.78081173
2026-04-19 08:00:00,2111.0,2125.0,2102.0,2125.0,10633806.20824676
2026-04-19 12:00:00,2125.0,2148.0,2117.0,2126.0,16468084.02937136
2026-04-19 16:00:00,2127.0,2129.0,2105.0,2113.0,5683207.75291795
2026-04-19 20:00:00,2113.0,2114.0,2074.0,2078.0,23207982.04803479
2026-04-20 00:00:00,2079.0,2104.0,2077.0,2095.0,11978099.92469629
2026-04-20 04:00:00,2095.0,2126.0,2075.0,2103.0,14409793.71864949
2026-04-20 08:00:00,2104.0,2117.0,2093.0,2101.0,8884853.13316058
2026-04-20 12:00:00,2102.0,2124.0,2092.0,2120.0,14154852.4519139
2026-04-20 16:00:00,2120.0,2125.0,2107.0,2116.0,4350316.4912375
2026-04-20 20:00:00,2117.0,2120.0,2106.0,2109.0,5573410.85066013
2026-04-21 00:00:00,2110.0,2120.0,2101.0,2109.0,9825046.3356816
2026-04-21 04:00:00,2109.0,2130.0,2106.0,2129.0,11313674.79817545
2026-04-21 08:00:00,2129.0,2140.0,2124.0,2128.0,10582751.50206572
2026-04-21 12:00:00,2129.0,2137.0,2114.0,2121.0,11885899.6659481
2026-04-21 16:00:00,2122.0,2127.0,2100.0,2103.0,7387045.87639195
2026-04-21 20:00:00,2105.0,2125.0,2104.0,2123.0,7606946.61903526
2026-04-22 00:00:00,2123.0,2144.0,2113.0,2136.0,15202778.26356411
2026-04-22 04:00:00,2136.0,2154.0,2131.0,2148.0,14771601.99759947
2026-04-22 08:00:00,2148.0,2152.0,2140.0,2150.0,10574104.10385963
2026-04-22 12:00:00,2151.0,2164.0,2142.0,2154.0,19736017.77508198
2026-04-22 16:00:00,2154.0,2157.0,2128.0,2133.0,9823821.16543981
2026-04-22 20:00:00,2133.0,2137.0,2120.0,2121.0,13013495.8910049
2026-04-23 00:00:00,2121.0,2123.0,2100.0,2105.0,20270491.1497635
2026-04-23 04:00:00,2105.0,2116.0,2103.0,2111.0,7645897.74653225
2026-04-23 08:00:00,2111.0,2112.0,2096.0,2106.0,11400027.57019318
2026-04-23 12:00:00,2106.0,2133.0,2104.0,2125.0,9440174.91489422
2026-04-23 16:00:00,2125.0,2141.0,2117.0,2128.0,10709397.31149194
2026-04-23 20:00:00,2127.0,2141.0,2125.0,2139.0,8962189.40866959
2026-04-24 00:00:00,2139.0,2147.0,2128.0,2131.0,11278350.16760303
2026-04-24 04:00:00,2131.0,2135.0,2125.0,2133.0,5073695.16944235
2026-04-24 08:00:00,2134.0,2141.0,2124.0,2136.0,7254054.29426103
2026-04-24 12:00:00,2137.0,2152.0,2129.0,2151.0,11298139.97312891
2026-04-24 16:00:00,2151.0,2154.0,2134.0,2141.0,3720700.20046136
2026-04-24 20:00:00,2142.0,2143.0,2131.0,2135.0,4639701.4384216
2026-04-25 00:00:00,2137.0,2140.0,2131.0,2138.0,5022037.64628502
2026-04-25 04:00:00,2137.0,2139.0,2132.0,2135.0,4247475.09412024
2026-04-25 08:00:00,2136.0,2139.0,2132.0,2133.0,4476734.80129992
2026-04-25 12:00:00,2134.0,2136.0,2128.0,2128.0,5287158.56549028
2026-04-25 16:00:00,2128.0,2130.0,2115.0,2120.0,6572436.02312604
2026-04-25 20:00:00,2120.0,2126.0,2117.0,2123.0,3317314.90473171
2026-04-26 00:00:00,2123.0,2123.0,2112.0,2115.0,6887484.19713462
2026-04-26 04:00:00,2115.0,2128.0,2113.0,2127.0,6761392.99852748
2026-04-26 08:00:00,2128.0,2128.0,2122.0,2127.0,3828603.64941229
2026-04-26 12:00:00,2127.0,2128.0,2117.0,2123.0,5644151.63862658
2026-04-26 16:00:00,2123.0,2128.0,2115.0,2122.0,2830751.5171239
2026-04-26 20:00:00,2122.0,2128.0,2113.0,2123.0,7164426.44645281
2026-04-27 00:00:00,2124.0,2140.0,2117.0,2133.0,13340463.48728522
2026-04-27 04:00:00,2134.0,2134.0,2102.0,2103.0,18560347.62613579
2026-04-27 08:00:00,2104.0,2109.0,2100.0,2101.0,7424656.35631756
2026-04-27 12:00:00,2101.0,2105.0,2065.0,2070.0,22973324.07279023
2026-04-27 16:00:00,2069.0,2085.0,2065.0,2079.0,4864998.21452082
2026-04-27 20:00:00,2078.0,2090.0,2075.0,2088.0,6035050.54887775
2026-04-28 00:00:00,2088.0,2089.0,2064.0,2070.0,9963689.88770966
2026-04-28 04:00:00,2071.0,2075.0,2056.0,2070.0,8923001.12533734
2026-04-28 08:00:00,2070.0,2073.0,2051.0,2052.0,8380305.41067915
2026-04-28 12:00:00,2053.0,2059.0,2036.0,2046.0,15597456.80622927
2026-04-28 16:00:00,2046.0,2058.0,2037.0,2054.0,3776712.30690239
2026-04-28 20:00:00,2054.0,2058.0,2050.0,2051.0,3786338.8573164
2026-04-29 00:00:00,2051.0,2065.0,2046.0,2064.0,7582984.50182073
2026-04-29 04:00:00,2064.0,2077.0,2062.0,2066.0,8882663.35036017
2026-04-29 08:00:00,2066.0,2088.0,2063.0,2072.0,11657452.81822904
2026-04-29 12:00:00,2072.0,2073.0,2030.0,2032.0,19050201.83957782
2026-04-29 16:00:00,2034.0,2045.0,2016.0,2028.0,9181045.59172022
2026-04-29 20:00:00,2028.0,2054.0,2027.0,2047.0,5340552.10287195
2026-04-30 00:00:00,2048.0,2066.0,2042.0,2048.0,9829010.09330743
2026-04-30 04:00:00,2049.0,2050.0,2029.0,2050.0,9048621.37713232
2026-04-30 08:00:00,2050.0,2054.0,2034.0,2039.0,7009875.75592986
2026-04-30 12:00:00,2039.0,2049.0,2032.0,2041.0,7368439.9536939
2026-04-30 16:00:00,2040.0,2046.0,2032.0,2040.0,1845096.51331634
2026-04-30 20:00:00,2040.0,2043.0,2035.0,2037.0,2927869.40564516
2026-05-01 00:00:00,2037.0,2051.0,2036.0,2047.0,7059755.78476045
2026-05-01 04:00:00,2047.0,2048.0,2041.0,2044.0,3683075.83429135
2026-05-01 08:00:00,2044.0,2051.0,2043.0,2049.0,4004660.04000011
2026-05-01 12:00:00,2049.0,2073.0,2048.0,2066.0,10967140.06103473
2026-05-01 16:00:00,2067.0,2070.0,2061.0,2064.0,2201754.03575872
2026-05-01 20:00:00,2064.0,2066.0,2051.0,2055.0,3705464.49276567
2026-05-02 00:00:00,2055.0,2063.0,2053.0,2057.0,4315464.40906988
2026-05-02 04:00:00,2059.0,2062.0,2054.0,2058.0,3134537.63833331
2026-05-02 08:00:00,2058.0,2062.0,2055.0,2057.0,3679040.69482571
2026-05-02 12:00:00,2057.0,2068.0,2054.0,2067.0,4308615.67653331
2026-05-02 16:00:00,2067.0,2068.0,2062.0,2067.0,1638391.95179699
2026-05-02 20:00:00,2067.0,2072.0,2061.0,2065.0,3560760.1575338
2026-05-03 00:00:00,2063.0,2067.0,2052.0,2055.0,5716527.4772829
2026-05-03 04:00:00,2054.0,2061.0,2053.0,2060.0,2428951.85433745
2026-05-03 08:00:00,2060.0,2072.0,2059.0,2067.0,3291953.45641692
2026-05-03 12:00:00,2068.0,2075.0,2065.0,2068.0,4845352.88644374
2026-05-03 16:00:00,2068.0,2070.0,2063.0,2067.0,1732208.83984436
2026-05-03 20:00:00,2067.0,2074.0,2058.0,2059.0,6820708.41419962
2026-05-04 00:00:00,2059.0,2089.0,2054.0,2085.0,17145912.2468795
2026-05-04 04:00:00,2083.0,2095.0,2070.0,2079.0,12130100.74477115
2026-05-04 08:00:00,2080.0,2095.0,2056.0,2067.0,16408306.60737457
2026-05-04 12:00:00,2067.0,2087.0,2059.0,2072.0,9428470.25617801
2026-05-04 16:00:00,2072.0,2089.0,2065.0,2071.0,5814435.59899869
2026-05-04 20:00:00,2071.0,2077.0,2064.0,2067.0,6065794.32003384
2026-05-05 00:00:00,2067.0,2087.0,2066.0,2082.0,8793922.13994611
2026-05-05 04:00:00,2082.0,2087.0,2076.0,2083.0,8128869.54839839
2026-05-05 08:00:00,2083.0,2085.0,2075.0,2083.0,7126347.43435303
2026-05-05 12:00:00,2083.0,2097.0,2080.0,2089.0,13546956.86538287
2026-05-05 16:00:00,2089.0,2094.0,2082.0,2089.0,2783543.95353328
2026-05-05 20:00:00,2088.0,2099.0,2085.0,2088.0,9690023.96591642
2026-05-06 00:00:00,2088.0,2091.0,2075.0,2089.0,12707121.90372956
2026-05-06 04:00:00,2089.0,2108.0,2080.0,2102.0,14958833.35703338
2026-05-06 08:00:00,2102.0,2127.0,2099.0,2120.0,18090056.45049992
2026-05-06 12:00:00,2120.0,2122.0,2081.0,2101.0,22187258.1186542
2026-05-06 16:00:00,2102.0,2105.0,2091.0,2096.0,4088921.63984859
2026-05-06 20:00:00,2097.0,2098.0,2085.0,2089.0,7156710.52725488
2026-05-07 00:00:00,2089.0,2090.0,2062.0,2065.0,17868737.51766042
2026-05-07 04:00:00,2065.0,2085.0,2063.0,2082.0,9571939.80804552
2026-05-07 08:00:00,2081.0,2083.0,2067.0,2070.0,7388663.65790697
2026-05-07 12:00:00,2070.0,2078.0,2041.0,2049.0,19675120.4726383
2026-05-07 16:00:00,2049.0,2056.0,2038.0,2044.0,7575667.85379636
2026-05-07 20:00:00,2045.0,2053.0,2038.0,2045.0,7527547.75501037
2026-05-08 00:00:00,2044.0,2049.0,2040.0,2045.0,8539384.55564568
2026-05-08 04:00:00,2046.0,2050.0,2039.0,2047.0,7275411.88044194
2026-05-08 08:00:00,2047.0,2060.0,2044.0,2060.0,7514047.76157389
2026-05-08 12:00:00,2059.0,2066.0,2048.0,2062.0,9266186.1357805
2026-05-08 16:00:00,2062.0,2099.0,2057.0,2087.0,10753293.54827945
2026-05-08 20:00:00,2087.0,2094.0,2077.0,2088.0,7522830.12252704
2026-05-09 00:00:00,2087.0,2115.0,2086.0,2104.0,19980196.86457106
2026-05-09 04:00:00,2105.0,2112.0,2094.0,2095.0,9014364.94756175
2026-05-09 08:00:00,2096.0,2101.0,2087.0,2096.0,7003000.96319902
2026-05-09 12:00:00,2097.0,2098.0,2085.0,2086.0,5256927.80145803
2026-05-09 16:00:00,2086.0,2098.0,2083.0,2096.0,2778551.30241421
2026-05-09 20:00:00,2097.0,2098.0,2091.0,2092.0,2212746.6328225
2026-05-10 00:00:00,2092.0,2098.0,2082.0,2089.0,7015696.85839776
2026-05-10 04:00:00,2090.0,2093.0,2086.0,2091.0,4156981.80499036
2026-05-10 08:00:00,2092.0,2105.0,2090.0,2095.0,10176565.25298074
2026-05-10 12:00:00,2096.0,2123.0,2093.0,2121.0,13814377.98493539
2026-05-10 16:00:00,2121.0,2206.0,2119.0,2174.0,35336234.49809326
2026-05-10 20:00:00,2174.0,2178.0,2111.0,2158.0,26075211.32526155
2026-05-11 00:00:00,2159.0,2169.0,2123.0,2134.0,26388476.76364671
2026-05-11 04:00:00,2135.0,2149.0,2126.0,2135.0,12405538.95246631
2026-05-11 08:00:00,2136.0,2147.0,2126.0,2146.0,8339080.55927202
2026-05-11 12:00:00,2147.0,2189.0,2141.0,2181.0,20509616.38779374
2026-05-11 16:00:00,2183.0,2185.0,2153.0,2172.0,8572888.87439514
2026-05-11 20:00:00,2174.0,2177.0,2161.0,2169.0,7368745.11201988
2026-05-12 00:00:00,2171.0,2189.0,2153.0,2156.0,22362301.51901591
2026-05-12 04:00:00,2157.0,2167.0,2150.0,2165.0,9720076.78515163
2026-05-12 08:00:00,2165.0,2178.0,2138.0,2147.0,18910796.53214317
2026-05-12 12:00:00,2147.0,2157.0,2105.0,2112.0,23415569.80213166
2026-05-12 16:00:00,2113.0,2138.0,2108.0,2134.0,6164291.35216914
2026-05-12 20:00:00,2135.0,2139.0,2127.0,2130.0,5469248.1041474
2026-05-13 00:00:00,2130.0,2155.0,2127.0,2151.0,11361978.87677446
2026-05-13 04:00:00,2152.0,2166.0,2149.0,2160.0,9894790.2145826
2026-05-13 08:00:00,2161.0,2170.0,2143.0,2145.0,10853781.63469033
2026-05-13 12:00:00,2146.0,2148.0,2102.0,2105.0,23296244.76515541
2026-05-13 16:00:00,2104.0,2130.0,2102.0,2111.0,6013767.13903925
2026-05-13 20:00:00,2112.0,2123.0,2108.0,2121.0,5930521.94115316
2026-05-14 00:00:00,2121.0,2129.0,2111.0,2111.0,11333311.11149471
2026-05-14 04:00:00,2112.0,2135.0,2111.0,2126.0,6986864.5973187
2026-05-14 08:00:00,2126.0,2134.0,2120.0,2127.0,6503857.65400904
2026-05-14 12:00:00,2128.0,2182.0,2126.0,2177.0,24704084.06699447
2026-05-14 16:00:00,2178.0,2283.0,2160.0,2238.0,46369425.95859307
2026-05-14 20:00:00,2239.0,2240.0,2190.0,2193.0,30701538.1111625
2026-05-15 00:00:00,2194.0,2222.0,2187.0,2202.0,22347043.45338865
2026-05-15 04:00:00,2203.0,2204.0,2156.0,2180.0,23136241.95971722
2026-05-15 08:00:00,2180.0,2188.0,2168.0,2177.0,8311371.10058658
2026-05-15 12:00:00,2178.0,2181.0,2126.0,2138.0,23482724.67214852
2026-05-15 16:00:00,2138.0,2158.0,2133.0,2136.0,4493472.28618675
2026-05-15 20:00:00,2138.0,2140.0,2131.0,2134.0,5197433.77327416
2026-05-16 00:00:00,2135.0,2145.0,2132.0,2136.0,7260574.20162832
2026-05-16 04:00:00,2137.0,2140.0,2100.0,2113.0,17330463.47837216
2026-05-16 08:00:00,2113.0,2116.0,2081.0,2104.0,18716481.38152933
2026-05-16 12:00:00,2104.0,2110.0,2096.0,2109.0,6357849.06695658
2026-05-16 16:00:00,2110.0,2118.0,2106.0,2109.0,2406715.23781082
2026-05-16 20:00:00,2111.0,2115.0,2107.0,2111.0,1830490.31853289
2026-05-17 00:00:00,2111.0,2118.0,2095.0,2107.0,7073865.81441168
2026-05-17 04:00:00,2108.0,2120.0,2107.0,2116.0,4801420.34867744
2026-05-17 08:00:00,2116.0,2128.0,2110.0,2124.0,5443558.22483443
2026-05-17 12:00:00,2124.0,2129.0,2102.0,2105.0,6546520.27324815
2026-05-17 16:00:00,2105.0,2119.0,2099.0,2116.0,2976897.37791943
2026-05-17 20:00:00,2117.0,2121.0,2060.0,2091.0,15194990.20693851
2026-05-18 00:00:00,2090.0,2091.0,2062.0,2072.0,18152218.57537583
2026-05-18 04:00:00,2072.0,2080.0,2052.0,2062.0,13146556.3540242
2026-05-18 08:00:00,2063.0,2072.0,2042.0,2065.0,12841765.82291771
2026-05-18 12:00:00,2064.0,2087.0,2041.0,2051.0,18354984.2367789
2026-05-18 16:00:00,2050.0,2066.0,2034.0,2061.0,6715144.39865128
2026-05-18 20:00:00,2062.0,2073.0,2054.0,2065.0,6360668.56091366
2026-05-19 00:00:00,2065.0,2075.0,2048.0,2056.0,9659174.95807346
2026-05-19 04:00:00,2057.0,2070.0,2048.0,2069.0,7225144.25821823
2026-05-19 08:00:00,2069.0,2070.0,2039.0,2043.0,8697460.18611685
2026-05-19 12:00:00,2043.0,2058.0,2033.0,2038.0,8966643.38005806
2026-05-19 16:00:00,2039.0,2048.0,2025.0,2025.0,5770492.76347324
2026-05-19 20:00:00,2026.0,2035.0,2022.0,2028.0,7202784.88444066
2026-05-20 00:00:00,2028.0,2032.0,2005.0,2016.0,18492986.37937408
2026-05-20 04:00:00,2016.0,2038.0,2013.0,2032.0,8246628.34996224
2026-05-20 08:00:00,2032.0,2045.0,2028.0,2032.0,7327610.10295954
2026-05-20 12:00:00,2032.0,2048.0,2023.0,2040.0,9136127.21798623
2026-05-20 16:00:00,2040.0,2046.0,2027.0,2035.0,3232341.93523865
2026-05-20 20:00:00,2037.0,2037.0,2022.0,2028.0,6172490.84801153
2026-05-21 00:00:00,2028.0,2057.0,2027.0,2056.0,11483495.01128833
2026-05-21 04:00:00,2056.0,2056.0,2034.0,2044.0,8027226.23443535
2026-05-21 08:00:00,2045.0,2055.0,2027.0,2028.0,9804227.51466459
2026-05-21 12:00:00,2028.0,2035.0,2013.0,2024.0,11906770.10960346
2026-05-21 16:00:00,2023.0,2054.0,2018.0,2046.0,5897585.8895575
2026-05-21 20:00:00,2047.0,2047.0,2030.0,2038.0,4645461.53773837
2026-05-22 00:00:00,2037.0,2042.0,2029.0,2038.0,7048305.80980818
2026-05-22 04:00:00,2039.0,2044.0,2023.0,2036.0,7997836.00383185
2026-05-22 08:00:00,2035.0,2039.0,2023.0,2030.0,7349268.11523642
2026-05-22 12:00:00,2029.0,2040.0,2014.0,2022.0,13450594.45696717
2026-05-22 16:00:00,2022.0,2029.0,2002.0,2006.0,9153767.91186488
2026-05-22 20:00:00,2006.0,2015.0,2000.0,2002.0,10566204.49348068
2026-05-23 00:00:00,2002.0,2012.0,1993.0,2011.0,13708627.00483372
2026-05-23 04:00:00,2011.0,2011.0,1971.0,1974.0,18782407.54003525
2026-05-23 08:00:00,1974.0,1992.0,1964.0,1986.0,19771093.91420385
2026-05-23 12:00:00,1987.0,2012.0,1984.0,2003.0,9250898.06136507
2026-05-23 16:00:00,2002.0,2018.0,1999.0,2013.0,3152708.31824861
2026-05-23 20:00:00,2013.0,2050.0,2012.0,2031.0,14027438.15111455
2026-05-24 00:00:00,2031.0,2040.0,2029.0,2035.0,6342921.69256532
2026-05-24 04:00:00,2036.0,2038.0,2025.0,2030.0,5540057.24753626
2026-05-24 08:00:00,2031.0,2046.0,2030.0,2041.0,6560657.72811237
2026-05-24 12:00:00,2041.0,2043.0,2004.0,2018.0,9340518.64690511
2026-05-24 16:00:00,2018.0,2027.0,2016.0,2020.0,2133649.63941725
2026-05-24 20:00:00,2021.0,2025.0,1999.0,2023.0,7721391.52817099
2026-05-25 00:00:00,2023.0,2027.0,2010.0,2011.0,5426183.14874968
2026-05-25 04:00:00,2013.0,2029.0,2009.0,2026.0,6655005.63891971
2026-05-25 08:00:00,2026.0,2034.0,2023.0,2023.0,5414036.00503547
2026-05-25 12:00:00,2024.0,2029.0,2019.0,2023.0,4869698.88922632
2026-05-25 16:00:00,2023.0,2027.0,2016.0,2019.0,1702357.63897991
2026-05-25 20:00:00,2019.0,2022.0,2005.0,2008.0,7863054.29214827
2026-05-26 00:00:00,2007.0,2009.0,1982.0,1991.0,17986190.64741681
2026-05-26 04:00:00,1992.0,2003.0,1987.0,1989.0,8526868.3835315
2026-05-26 08:00:00,1988.0,2013.0,1987.0,2003.0,8534204.01085874
2026-05-26 12:00:00,2002.0,2017.0,1990.0,1998.0,9830816.56080231
2026-05-26 16:00:00,1998.0,1998.0,1977.0,1985.0,8266642.9975108
2026-05-26 20:00:00,1984.0,1987.0,1970.0,1971.0,11287962.77415029
2026-05-27 00:00:00,1971.0,1975.0,1961.0,1962.0,16552274.2292872
2026-05-27 04:00:00,1961.0,1974.0,1950.0,1967.0,16427838.36024988
2026-05-27 08:00:00,1968.0,1975.0,1960.0,1961.0,7394213.62198185
2026-05-27 12:00:00,1961.0,1977.0,1944.0,1969.0,22452572.35532374
2026-05-27 16:00:00,1969.0,1972.0,1945.0,1962.0,6604272.70176022
2026-05-27 20:00:00,1961.0,1972.0,1917.0,1926.0,26555440.9554379
2026-05-28 00:00:00,1926.0,1935.0,1880.0,1888.0,40159191.38629737
2026-05-28 04:00:00,1888.0,1913.0,1869.0,1911.0,27829602.94387552
2026-05-28 08:00:00,1911.0,1917.0,1895.0,1900.0,9115680.68675811
2026-05-28 12:00:00,1900.0,1943.0,1893.0,1937.0,25807834.57834582
2026-05-28 16:00:00,1938.0,1974.0,1929.0,1942.0,13500309.553527
2026-05-28 20:00:00,1941.0,1956.0,1934.0,1937.0,9574395.60018733
2026-05-29 00:00:00,1938.0,1947.0,1918.0,1933.0,15456013.31890069
2026-05-29 04:00:00,1934.0,1950.0,1922.0,1948.0,10969967.96976861
2026-05-29 08:00:00,1948.0,1967.0,1938.0,1941.0,12640120.01727728
2026-05-29 12:00:00,1942.0,1972.0,1919.0,1956.0,17826689.22348031
2026-05-29 16:00:00,1955.0,1969.0,1941.0,1952.0,11187216.1594003
2026-05-29 20:00:00,1953.0,1971.0,1946.0,1970.0,10497185.24544509
2026-05-30 00:00:00,1970.0,2025.0,1965.0,2002.0,34165118.80761084
2026-05-30 04:00:00,2002.0,2005.0,1982.0,1990.0,17006814.79510628
2026-05-30 08:00:00,1990.0,1995.0,1983.0,1985.0,7762260.55254541
2026-05-30 12:00:00,1985.0,1996.0,1983.0,1988.0,6065544.67620712
2026-05-30 16:00:00,1987.0,2003.0,1987.0,1996.0,3109344.1644916
2026-05-30 20:00:00,1995.0,2003.0,1982.0,1986.0,8210480.48634789
2026-05-31 00:00:00,1985.0,1992.0,1980.0,1991.0,7538599.60222665
2026-05-31 04:00:00,1990.0,1993.0,1973.0,1977.0,6960471.57528742
2026-05-31 08:00:00,1977.0,1987.0,1973.0,1984.0,7050574.84623915
2026-05-31 12:00:00,1984.0,1992.0,1962.0,1965.0,11579233.10330513
2026-05-31 16:00:00,1965.0,1967.0,1951.0,1959.0,5460048.98795722
2026-05-31 20:00:00,1959.0,1977.0,1955.0,1963.0,8976539.20149149
2026-06-01 00:00:00,1963.0,1975.0,1945.0,1956.0,17716236.56232964
2026-06-01 04:00:00,1956.0,1959.0,1915.0,1915.0,20710103.89650134
2026-06-01 08:00:00,1915.0,1922.0,1904.0,1913.0,14291684.71994006
2026-06-01 12:00:00,1913.0,1917.0,1879.0,1882.0,32947154.01200918
2026-06-01 16:00:00,1882.0,1915.0,1879.0,1906.0,8467862.76545748
2026-06-01 20:00:00,1905.0,1907.0,1886.0,1892.0,13552100.00405101
2026-06-02 00:00:00,1892.0,1892.0,1850.0,1880.0,34649412.28151878
2026-06-02 04:00:00,1880.0,1883.0,1845.0,1858.0,21803319.31324576
2026-06-02 08:00:00,1859.0,1859.0,1841.0,1846.0,15855968.26074117
2026-06-02 12:00:00,1846.0,1852.0,1795.0,1802.0,46916725.63061916
2026-06-02 16:00:00,1801.0,1832.0,1781.0,1805.0,17475663.32091193
2026-06-02 20:00:00,1803.0,1822.0,1770.0,1791.0,30088493.12173071
2026-06-03 00:00:00,1791.0,1826.0,1764.0,1773.0,30816198.11719625
2026-06-03 04:00:00,1773.0,1849.0,1773.0,1841.0,23866400.65165803
2026-06-03 08:00:00,1841.0,1844.0,1826.0,1832.0,10824349.54374776
2026-06-03 12:00:00,1832.0,1834.0,1807.0,1813.0,12783663.31797069
2026-06-03 16:00:00,1812.0,1821.0,1784.0,1789.0,11816900.24527469
2026-06-03 20:00:00,1789.0,1810.0,1766.0,1779.0,21585400.66255361
2026-06-04 00:00:00,1779.0,1805.0,1702.0,1801.0,71088437.27286525
2026-06-04 04:00:00,1801.0,1804.0,1740.0,1741.0,24012569.6131991
2026-06-04 08:00:00,1740.0,1748.0,1705.0,1725.0,33434691.40057065
2026-06-04 12:00:00,1724.0,1768.0,1719.0,1746.0,24389397.15848898
2026-06-04 16:00:00,1746.0,1765.0,1731.0,1753.0,6040092.4100151
2026-06-04 20:00:00,1754.0,1761.0,1727.0,1747.0,10358553.4985449
2026-06-05 00:00:00,1746.0,1753.0,1700.0,1703.0,27071850.78537847
2026-06-05 04:00:00,1703.0,1722.0,1651.0,1707.0,59100993.79513962
2026-06-05 08:00:00,1707.0,1719.0,1680.0,1684.0,17150986.02259795
2026-06-05 12:00:00,1685.0,1714.0,1661.0,1673.0,32118990.8935295
2026-06-05 16:00:00,1672.0,1703.0,1636.0,1671.0,32158209.62287792
2026-06-05 20:00:00,1673.0,1698.0,1653.0,1672.0,19830350.75007319
2026-06-06 00:00:00,1672.0,1696.0,1651.0,1651.0,22096081.67235103
2026-06-06 04:00:00,1651.0,1670.0,1603.0,1657.0,51105055.39212291
2026-06-06 08:00:00,1656.0,1675.0,1631.0,1653.0,18788248.09106181
2026-06-06 12:00:00,1654.0,1685.0,1641.0,1666.0,17321322.43175324
2026-06-06 16:00:00,1667.0,1674.0,1641.0,1642.0,7993788.37173871
2026-06-06 20:00:00,1643.0,1664.0,1639.0,1662.0,6662919.86517145
2026-06-07 00:00:00,1663.0,1706.0,1654.0,1700.0,23468263.52185106
2026-06-07 04:00:00,1700.0,1729.0,1688.0,1729.0,15960975.27415254
2026-06-07 08:00:00,1729.0,1780.0,1720.0,1732.0,37699915.5828536
2026-06-07 12:00:00,1733.0,1734.0,1700.0,1718.0,19857577.19731897
2026-06-07 16:00:00,1719.0,1744.0,1702.0,1708.0,6363180.67940271
2026-06-07 20:00:00,1708.0,1770.0,1705.0,1740.0,19931896.66377179
2026-06-08 00:00:00,1740.0,1762.0,1725.0,1738.0,21351351.08973231
2026-06-08 04:00:00,1738.0,1739.0,1705.0,1723.0,14017960.24082749
2026-06-08 08:00:00,1722.0,1747.0,1707.0,1735.0,12282200.36985689
2026-06-08 12:00:00,1735.0,1772.0,1721.0,1752.0,18155208.34555235
2026-06-08 16:00:00,1752.0,1770.0,1734.0,1762.0,7726588.98389378
2026-06-08 20:00:00,1762.0,1771.0,1747.0,1754.0,10073458.23491012
2026-06-09 00:00:00,1753.0,1759.0,1713.0,1732.0,17800413.33724669
2026-06-09 04:00:00,1732.0,1758.0,1725.0,1749.0,11259878.72678903
2026-06-09 08:00:00,1750.0,1750.0,1727.0,1731.0,8322598.66206866
2026-06-09 12:00:00,1731.0,1747.0,1696.0,1698.0,19622640.06969335
2026-06-09 16:00:00,1699.0,1723.0,1686.0,1711.0,10401936.36181757
2026-06-09 20:00:00,1710.0,1718.0,1700.0,1706.0,7286438.93790293
2026-06-10 00:00:00,1707.0,1710.0,1673.0,1677.0,18562295.85870741
2026-06-10 04:00:00,1676.0,1684.0,1661.0,1678.0,14469865.70840501
2026-06-10 08:00:00,1677.0,1678.0,1656.0,1663.0,11579468.5561242
2026-06-10 12:00:00,1664.0,1710.0,1661.0,1698.0,23698811.23327678
2026-06-10 16:00:00,1698.0,1699.0,1653.0,1657.0,8986200.74813991
2026-06-10 20:00:00,1657.0,1665.0,1641.0,1652.0,15051288.60929936
2026-06-11 00:00:00,1652.0,1687.0,1651.0,1681.0,17628793.278971
2026-06-11 04:00:00,1681.0,1683.0,1671.0,1679.0,8311286.3087184
2026-06-11 08:00:00,1679.0,1694.0,1678.0,1689.0,9268724.33371877
2026-06-11 12:00:00,1689.0,1689.0,1668.0,1674.0,12051435.8871047
2026-06-11 16:00:00,1674.0,1724.0,1664.0,1714.0,13130485.08718424
2026-06-11 20:00:00,1714.0,1722.0,1697.0,1717.0,11830098.83353605
2026-06-12 00:00:00,1717.0,1725.0,1706.0,1716.0,11157090.68165912
2026-06-12 04:00:00,1716.0,1728.0,1697.0,1707.0,10116774.78036353
2026-06-12 08:00:00,1707.0,1729.0,1706.0,1721.0,9028266.27673388
2026-06-12 12:00:00,1721.0,1742.0,1700.0,1703.0,18710750.47306703
2026-06-12 16:00:00,1703.0,1718.0,1700.0,1708.0,6939086.47353846
2026-06-12 20:00:00,1708.0,1714.0,1703.0,1709.0,3735428.32063588
2026-06-13 00:00:00,1710.0,1721.0,1707.0,1711.0,6648481.8048358
2026-06-13 04:00:00,1712.0,1726.0,1706.0,1719.0,6455784.42647857
2026-06-13 08:00:00,1720.0,1736.0,1719.0,1731.0,6505701.06969797
2026-06-13 12:00:00,1732.0,1749.0,1730.0,1744.0,9298703.58598495
2026-06-13 16:00:00,1744.0,1744.0,1725.0,1732.0,4745286.3396903
2026-06-13 20:00:00,1733.0,1747.0,1729.0,1740.0,3648409.07451339
2026-06-14 00:00:00,1740.0,1750.0,1735.0,1746.0,5788819.47906918
2026-06-14 04:00:00,1746.0,1746.0,1727.0,1732.0,7284612.91903784
2026-06-14 08:00:00,1733.0,1738.0,1726.0,1729.0,4147059.13831435
2026-06-14 12:00:00,1729.0,1730.0,1702.0,1712.0,9719842.87469011
2026-06-14 16:00:00,1713.0,1718.0,1707.0,1709.0,1966947.44484646
2026-06-14 20:00:00,1708.0,1790.0,1708.0,1789.0,25048761.44479207
2026-06-15 00:00:00,1788.0,1791.0,1767.0,1780.0,17602628.34675733
2026-06-15 04:00:00,1781.0,1783.0,1772.0,1775.0,7389530.13905251
2026-06-15 08:00:00,1774.0,1850.0,1771.0,1850.0,24217980.67699071
2026-06-15 12:00:00,1850.0,1907.0,1842.0,1905.0,40676687.75268335
2026-06-15 16:00:00,1905.0,1939.0,1889.0,1914.0,23561582.55988704
2026-06-15 20:00:00,1914.0,1918.0,1850.0,1859.0,23735711.7033211
2026-06-16 00:00:00,1860.0,1869.0,1823.0,1844.0,21943398.75853149
2026-06-16 04:00:00,1844.0,1861.0,1832.0,1856.0,9964094.49615279
2026-06-16 08:00:00,1855.0,1883.0,1852.0,1859.0,13662008.04752355
2026-06-16 12:00:00,1859.0,1887.0,1813.0,1820.0,20645238.49335447
2026-06-16 16:00:00,1820.0,1847.0,1817.0,1834.0,4175385.24826539
2026-06-16 20:00:00,1833.0,1841.0,1826.0,1829.0,5420645.14472016
2026-06-17 00:00:00,1828.0,1844.0,1818.0,1828.0,11119983.92039355
2026-06-17 04:00:00,1828.0,1837.0,1813.0,1819.0,8201125.04011501
2026-06-17 08:00:00,1818.0,1820.0,1785.0,1795.0,17158613.59820661
2026-06-17 12:00:00,1796.0,1823.0,1789.0,1823.0,10959046.98388052
2026-06-17 16:00:00,1823.0,1837.0,1777.0,1781.0,14888655.69055969
2026-06-17 20:00:00,1780.0,1798.0,1770.0,1787.0,11294494.30342835
2026-06-18 00:00:00,1788.0,1796.0,1772.0,1773.0,12084833.2605178
2026-06-18 04:00:00,1773.0,1778.0,1747.0,1774.0,17762271.11060254
2026-06-18 08:00:00,1774.0,1783.0,1753.0,1758.0,11213963.03646974
2026-06-18 12:00:00,1758.0,1771.0,1717.0,1725.0,19900723.75474881
2026-06-18 16:00:00,1725.0,1741.0,1720.0,1731.0,6885163.11148089
2026-06-18 20:00:00,1733.0,1745.0,1726.0,1731.0,8124602.91362304
2026-06-19 00:00:00,1731.0,1740.0,1717.0,1718.0,13472439.49188546
2026-06-19 04:00:00,1718.0,1719.0,1691.0,1696.0,20051618.6887754
2026-06-19 08:00:00,1696.0,1707.0,1694.0,1704.0,7517212.39403831
2026-06-19 12:00:00,1703.0,1730.0,1694.0,1717.0,12007260.88532994
2026-06-19 16:00:00,1717.0,1720.0,1704.0,1707.0,3636963.87347854
2026-06-19 20:00:00,1708.0,1722.0,1703.0,1719.0,3934236.47539807
2026-06-20 00:00:00,1719.0,1729.0,1716.0,1724.0,7676272.62800019
2026-06-20 04:00:00,1725.0,1746.0,1724.0,1737.0,8287126.97026163
2026-06-20 08:00:00,1736.0,1745.0,1733.0,1737.0,4846105.29804332
2026-06-20 12:00:00,1738.0,1745.0,1713.0,1738.0,11589897.24904565
2026-06-20 16:00:00,1737.0,1738.0,1722.0,1730.0,2542907.55428908
2026-06-20 20:00:00,1729.0,1745.0,1729.0,1738.0,4750320.91326986
2026-06-21 00:00:00,1739.0,1742.0,1735.0,1738.0,4930010.38910306
2026-06-21 04:00:00,1738.0,1743.0,1728.0,1734.0,4404771.23668634
2026-06-21 08:00:00,1733.0,1740.0,1725.0,1726.0,5408170.77115227
2026-06-21 12:00:00,1727.0,1736.0,1724.0,1732.0,4830625.81894759
2026-06-21 16:00:00,1732.0,1733.0,1718.0,1726.0,2961625.97576224
2026-06-21 20:00:00,1726.0,1728.0,1696.0,1697.0,12908543.31594365
2026-06-22 00:00:00,1696.0,1732.0,1696.0,1706.0,13920370.67502005
2026-06-22 04:00:00,1706.0,1718.0,1704.0,1714.0,6455508.74050889
2026-06-22 08:00:00,1714.0,1731.0,1709.0,1728.0,7143338.33100845
2026-06-22 12:00:00,1728.0,1750.0,1716.0,1718.0,17973014.89613042
2026-06-22 16:00:00,1719.0,1724.0,1706.0,1711.0,4905617.19384042
2026-06-22 20:00:00,1712.0,1716.0,1697.0,1706.0,9622599.63161345
2026-06-23 00:00:00,1707.0,1711.0,1693.0,1695.0,13027333.99700652
2026-06-23 04:00:00,1694.0,1695.0,1667.0,1677.0,23029053.94408352
2026-06-23 08:00:00,1677.0,1679.0,1653.0,1676.0,16948907.79187165
2026-06-23 12:00:00,1675.0,1677.0,1652.0,1659.0,12536019.98588081
2026-06-23 16:00:00,1659.0,1668.0,1656.0,1666.0,3360529.95061791
2026-06-23 20:00:00,1666.0,1679.0,1664.0,1673.0,5341349.43217858
2026-06-24 00:00:00,1674.0,1679.0,1656.0,1661.0,8986057.84569191
2026-06-24 04:00:00,1661.0,1669.0,1652.0,1658.0,8501921.40991117
2026-06-24 08:00:00,1659.0,1667.0,1637.0,1656.0,17276724.11470452
2026-06-24 12:00:00,1656.0,1658.0,1607.0,1610.0,28011779.22179458
2026-06-24 16:00:00,1611.0,1633.0,1601.0,1615.0,16421478.00309163
2026-06-24 20:00:00,1615.0,1640.0,1611.0,1628.0,10384739.87083092
2026-06-25 00:00:00,1628.0,1636.0,1621.0,1626.0,10610371.43923805
2026-06-25 04:00:00,1625.0,1649.0,1621.0,1643.0,11932683.55596739
2026-06-25 08:00:00,1643.0,1644.0,1615.0,1624.0,9993978.33865981
2026-06-25 12:00:00,1625.0,1635.0,1550.0,1576.0,62998943.48961462
2026-06-25 16:00:00,1577.0,1594.0,1564.0,1575.0,8733247.04477184
2026-06-25 20:00:00,1575.0,1592.0,1569.0,1586.0,11664993.90425105
2026-06-26 00:00:00,1586.0,1590.0,1536.0,1570.0,38936021.9359902
2026-06-26 04:00:00,1571.0,1596.0,1557.0,1590.0,18541234.05328124
2026-06-26 08:00:00,1590.0,1591.0,1549.0,1553.0,14237737.93530648
2026-06-26 12:00:00,1552.0,1589.0,1539.0,1583.0,22459322.89534856
2026-06-26 16:00:00,1583.0,1594.0,1573.0,1585.0,6204308.62360001
2026-06-26 20:00:00,1585.0,1596.0,1573.0,1590.0,5627022.88783008
2026-06-27 00:00:00,1590.0,1619.0,1582.0,1607.0,13905030.90012757
2026-06-27 04:00:00,1607.0,1615.0,1598.0,1610.0,6736653.69411285
2026-06-27 08:00:00,1610.0,1610.0,1600.0,1606.0,4355063.52373624
2026-06-27 12:00:00,1607.0,1631.0,1604.0,1629.0,9445372.93534908
2026-06-27 16:00:00,1629.0,1631.0,1599.0,1600.0,5488455.79208289
2026-06-27 20:00:00,1602.0,1607.0,1587.0,1589.0,8729626.08206057
2026-06-28 00:00:00,1587.0,1599.0,1586.0,1592.0,5478777.50476586
2026-06-28 04:00:00,1593.0,1595.0,1582.0,1594.0,5201523.38154204
2026-06-28 08:00:00,1594.0,1607.0,1586.0,1596.0,6057906.58216763
2026-06-28 12:00:00,1596.0,1602.0,1587.0,1593.0,5041819.81157999
2026-06-28 16:00:00,1593.0,1596.0,1577.0,1585.0,4080419.61070381
2026-06-28 20:00:00,1584.0,1594.0,1570.0,1588.0,9758470.05186098
2026-06-29 00:00:00,1589.0,1598.0,1567.0,1592.0,14025150.27304723
2026-06-29 04:00:00,1592.0,1597.0,1572.0,1590.0,8968318.89459125
2026-06-29 08:00:00,1590.0,1606.0,1580.0,1596.0,8881842.73674624
2026-06-29 12:00:00,1597.0,1614.0,1582.0,1591.0,17752664.37969496
2026-06-29 16:00:00,1592.0,1627.0,1583.0,1623.0,9093982.56237841
2026-06-29 20:00:00,1624.0,1625.0,1598.0,1600.0,7057769.80417553
2026-06-30 00:00:00,1600.0,1602.0,1585.0,1587.0,9705340.91973951
2026-06-30 04:00:00,1586.0,1596.0,1584.0,1591.0,7233791.35532692
2026-06-30 08:00:00,1591.0,1592.0,1580.0,1582.0,9084571.66204666
2026-06-30 12:00:00,1581.0,1591.0,1567.0,1577.0,13972884.69241616
2026-06-30 16:00:00,1577.0,1597.0,1574.0,1591.0,3908507.46790455
2026-06-30 20:00:00,1590.0,1594.0,1581.0,1583.0,3990530.97129159
2026-07-01 00:00:00,1583.0,1603.0,1562.0,1599.0,17592736.59620948
2026-07-01 04:00:00,1598.0,1603.0,1583.0,1591.0,8182284.90431257
2026-07-01 08:00:00,1591.0,1597.0,1582.0,1585.0,5323989.29505544
2026-07-01 12:00:00,1585.0,1616.0,1580.0,1609.0,13146143.03766178
2026-07-01 16:00:00,1609.0,1615.0,1600.0,1611.0,4075588.05649975
2026-07-01 20:00:00,1611.0,1626.0,1598.0,1600.0,9480703.22208574
2026-07-02 00:00:00,1599.0,1620.0,1588.0,1616.0,13670612.8130618
2026-07-02 04:00:00,1616.0,1616.0,1600.0,1604.0,8430466.99584921
2026-07-02 08:00:00,1604.0,1643.0,1603.0,1638.0,16854267.83779857
2026-07-02 12:00:00,1639.0,1679.0,1637.0,1651.0,26894012.38443766
2026-07-02 16:00:00,1650.0,1655.0,1636.0,1639.0,3855102.50317776
2026-07-02 20:00:00,1638.0,1643.0,1629.0,1642.0,7366438.06191017
2026-07-03 00:00:00,1642.0,1653.0,1634.0,1648.0,8416262.38995042
2026-07-03 04:00:00,1648.0,1670.0,1645.0,1660.0,10217199.31688875
2026-07-03 08:00:00,1660.0,1678.0,1655.0,1674.0,8990534.53364491
2026-07-03 12:00:00,1674.0,1693.0,1665.0,1688.0,10189779.88335592
2026-07-03 16:00:00,1688.0,1724.0,1679.0,1706.0,9967337.15960714
2026-07-03 20:00:00,1706.0,1721.0,1696.0,1710.0,11219066.84872242
2026-07-04 00:00:00,1711.0,1726.0,1704.0,1718.0,14704094.91250571
2026-07-04 04:00:00,1717.0,1734.0,1712.0,1721.0,9610396.44406897
2026-07-04 08:00:00,1721.0,1734.0,1714.0,1723.0,8386717.71430044
2026-07-04 12:00:00,1723.0,1780.0,1722.0,1769.0,24442571.43540346
2026-07-04 16:00:00,1770.0,1782.0,1754.0,1761.0,8029736.51210554
2026-07-04 20:00:00,1761.0,1764.0,1739.0,1745.0,9704219.42556423
2026-07-05 00:00:00,1745.0,1745.0,1707.0,1716.0,18318723.1116658
2026-07-05 04:00:00,1716.0,1723.0,1710.0,1721.0,6031727.43241634
2026-07-05 08:00:00,1721.0,1724.0,1701.0,1707.0,8959910.45866156
2026-07-05 12:00:00,1708.0,1718.0,1703.0,1713.0,5694030.73944324
2026-07-05 16:00:00,1714.0,1714.0,1707.0,1709.0,603072.0991061
2026-07-05 20:00:00,1709.0,1758.0,1709.0,1740.0,13057734.61667894
2026-07-06 00:00:00,1740.0,1749.0,1720.0,1725.0,12124805.913564
2026-07-06 04:00:00,1727.0,1729.0,1712.0,1726.0,6026747.37579285
2026-07-06 08:00:00,1726.0,1733.0,1709.0,1711.0,7016924.15089159
2026-07-06 12:00:00,1711.0,1722.0,1670.0,1722.0,30421624.84583411
2026-07-06 16:00:00,1722.0,1740.0,1713.0,1723.0,8402612.73330659
2026-07-06 20:00:00,1724.0,1747.0,1714.0,1717.0,9181196.0424218
2026-07-07 00:00:00,1718.0,1728.0,1689.0,1693.0,12346074.02424222
2026-07-07 04:00:00,1693.0,1706.0,1681.0,1692.0,11133663.8060707
2026-07-07 08:00:00,1692.0,1696.0,1677.0,1686.0,8164133.27824999
2026-07-07 12:00:00,1686.0,1697.0,1664.0,1690.0,13697681.64500886
2026-07-07 16:00:00,1690.0,1697.0,1669.0,1681.0,5236651.22367406
2026-07-07 20:00:00,1681.0,1682.0,1662.0,1667.0,6487122.8115518
2026-07-08 00:00:00,1666.0,1673.0,1635.0,1640.0,16900475.03382335
2026-07-08 04:00:00,1639.0,1643.0,1618.0,1632.0,13384269.68537254
2026-07-08 08:00:00,1632.0,1633.0,1608.0,1623.0,14517494.01394246
2026-07-08 12:00:00,1623.0,1628.0,1602.0,1609.0,10215965.00533173
2026-07-08 16:00:00,1609.0,1637.0,1607.0,1630.0,4418343.33837336
2026-07-08 20:00:00,1630.0,1634.0,1618.0,1628.0,4296962.86077883
2026-07-09 00:00:00,1628.0,1637.0,1615.0,1620.0,7937144.4907356
2026-07-09 04:00:00,1620.0,1645.0,1617.0,1638.0,7512467.54354432
2026-07-09 08:00:00,1639.0,1642.0,1629.0,1634.0,5534832.83496884
2026-07-09 12:00:00,1634.0,1648.0,1630.0,1631.0,6244625.87824557
2026-07-09 16:00:00,1631.0,1642.0,1626.0,1637.0,2590312.3394099
2026-07-09 20:00:00,1638.0,1642.0,1630.0,1633.0,3005300.32200838
2026-07-10 00:00:00,1633.0,1655.0,1626.0,1650.0,9426063.63694323
2026-07-10 04:00:00,1651.0,1660.0,1645.0,1649.0,7548571.56139118
2026-07-10 08:00:00,1649.0,1667.0,1647.0,1658.0,7382677.85052336
2026-07-10 12:00:00,1658.0,1661.0,1637.0,1644.0,7390688.12113719
2026-07-10 16:00:00,1644.0,1648.0,1636.0,1646.0,1953953.59739516
2026-07-10 20:00:00,1648.0,1649.0,1642.0,1646.0,1818703.63866592
2026-07-11 00:00:00,1646.0,1654.0,1643.0,1652.0,3809710.95560425
2026-07-11 04:00:00,1653.0,1654.0,1646.0,1651.0,2289362.80086751
2026-07-11 08:00:00,1651.0,1657.0,1649.0,1653.0,2960346.68862266
2026-07-11 12:00:00,1653.0,1667.0,1650.0,1658.0,5927109.66613299
2026-07-11 16:00:00,1659.0,1666.0,1655.0,1661.0,1538866.44474057
2026-07-11 20:00:00,1661.0,1663.0,1638.0,1639.0,5205190.45046017
2026-07-12 00:00:00,1639.0,1642.0,1628.0,1642.0,7260350.89930439
2026-07-12 04:00:00,1641.0,1643.0,1625.0,1630.0,4378858.57992504
2026-07-12 08:00:00,1630.0,1638.0,1629.0,1635.0,3310077.80843032
2026-07-12 12:00:00,1635.0,1645.0,1633.0,1642.0,3010757.19357949
2026-07-12 16:00:00,1642.0,1644.0,1635.0,1640.0,1041338.42644984
2026-07-12 20:00:00,1639.0,1641.0,1613.0,1618.0,7716923.30439813
2026-07-13 00:00:00,1620.0,1641.0,1593.0,1598.0,20002870.9403705
2026-07-13 04:00:00,1598.0,1605.0,1594.0,1601.0,9503548.43833625
2026-07-13 08:00:00,1601.0,1606.0,1595.0,1598.0,4958381.547163
2026-07-13 12:00:00,1598.0,1601.0,1582.0,1592.0,10281976.46061273
2026-07-13 16:00:00,1592.0,1595.0,1573.0,1588.0,5189226.56804545
2026-07-13 20:00:00,1589.0,1590.0,1570.0,1580.0,7855142.133639
2026-07-14 00:00:00,1581.0,1586.0,1567.0,1573.0,10955803.35544095
2026-07-14 04:00:00,1573.0,1583.0,1569.0,1579.0,4881289.00586107
2026-07-14 08:00:00,1579.0,1589.0,1576.0,1587.0,4541074.42423501
2026-07-14 12:00:00,1587.0,1633.0,1584.0,1627.0,18987668.0154276
2026-07-14 16:00:00,1628.0,1648.0,1617.0,1640.0,7969042.2120551
2026-07-14 20:00:00,1640.0,1641.0,1625.0,1633.0,5968914.8010354
2026-07-15 00:00:00,1633.0,1633.0,1618.0,1625.0,7736911.34483977
2026-07-15 04:00:00,1625.0,1638.0,1619.0,1626.0,5902470.80091273
2026-07-15 08:00:00,1625.0,1639.0,1625.0,1632.0,3882702.46531731
2026-07-15 12:00:00,1632.0,1662.0,1629.0,1656.0,16260788.74450765
2026-07-15 16:00:00,1656.0,1658.0,1632.0,1634.0,4425015.34259432
2026-07-15 20:00:00,1634.0,1643.0,1631.0,1635.0,4254574.36672795
2026-07-16 00:00:00,1635.0,1639.0,1624.0,1631.0,5588235.76479852
2026-07-16 04:00:00,1632.0,1640.0,1622.0,1627.0,5588653.85117732
2026-07-16 08:00:00,1625.0,1631.0,1618.0,1626.0,6897855.58123535
2026-07-16 12:00:00,1626.0,1641.0,1618.0,1637.0,6432447.46412543
2026-07-16 16:00:00,1637.0,1638.0,1602.0,1616.0,7809002.37235725
2026-07-16 20:00:00,1616.0,1617.0,1598.0,1602.0,5297643.5897595
2026-07-17 00:00:00,1602.0,1612.0,1596.0,1607.0,6035234.94067371
2026-07-17 04:00:00,1607.0,1608.0,1591.0,1601.0,6458382.0163055
2026-07-17 08:00:00,1601.0,1609.0,1595.0,1603.0,3951121.84829459
2026-07-17 12:00:00,1604.0,1607.0,1585.0,1600.0,9548409.61116871
2026-07-17 16:00:00,1599.0,1617.0,1598.0,1610.0,3463602.3797336
2026-07-17 20:00:00,1610.0,1610.0,1602.0,1607.0,2115208.87100972
2026-07-18 00:00:00,1606.0,1609.0,1601.0,1608.0,3185899.09677957
2026-07-18 04:00:00,1608.0,1610.0,1606.0,1607.0,1935317.44165875
2026-07-18 08:00:00,1607.0,1612.0,1602.0,1609.0,3508983.88959352
2026-07-18 12:00:00,1610.0,1612.0,1602.0,1604.0,3362180.82513981
2026-07-18 16:00:00,1604.0,1615.0,1604.0,1612.0,2118533.20967621
2026-07-18 20:00:00,1613.0,1618.0,1609.0,1609.0,2451024.66812213
2026-07-19 00:00:00,1610.0,1620.0,1609.0,1610.0,4517301.92979994
2026-07-19 04:00:00,1610.0,1616.0,1609.0,1614.0,2276785.75222147
2026-07-19 08:00:00,1613.0,1618.0,1611.0,1615.0,2480797.44637614
2026-07-19 12:00:00,1616.0,1620.0,1607.0,1615.0,4510017.41885675
2026-07-19 16:00:00,1616.0,1616.0,1605.0,1611.0,2018814.68201123
2026-07-19 20:00:00,1611.0,1619.0,1607.0,1613.0,3346614.07870516
2026-07-20 00:00:00,1613.0,1628.0,1609.0,1612.0,8520357.77573048
2026-07-20 04:00:00,1611.0,1614.0,1591.0,1599.0,10521441.26410565
2026-07-20 08:00:00,1599.0,1621.0,1594.0,1620.0,6298289.99327487
2026-07-20 12:00:00,1620.0,1626.0,1597.0,1625.0,8466369.97361029
2026-07-20 16:00:00,1625.0,1634.0,1621.0,1630.0,5463782.62890436
2026-07-20 20:00:00,1630.0,1631.0,1619.0,1623.0,4208057.51791361
2026-07-21 00:00:00,1624.0,1642.0,1621.0,1641.0,7996183.89337286
2026-07-21 04:00:00,1641.0,1658.0,1636.0,1655.0,11967865.61016005
2026-07-21 08:00:00,1656.0,1662.0,1650.0,1661.0,6299390.46828095
2026-07-21 12:00:00,1661.0,1691.0,1659.0,1689.0,14311345.26199882
2026-07-21 16:00:00,1689.0,1699.0,1677.0,1690.0,6107948.98028533
2026-07-21 20:00:00,1691.0,1691.0,1660.0,1670.0,8169951.5141597
2026-07-22 00:00:00,1670.0,1678.0,1665.0,1666.0,7638679.57747869
2026-07-22 04:00:00,1667.0,1674.0,1651.0,1654.0,7469911.14327573
2026-07-22 08:00:00,1655.0,1667.0,1654.0,1664.0,4248709.29354655
2026-07-22 12:00:00,1664.0,1684.0,1656.0,1678.0,7878472.90791433
2026-07-22 16:00:00,1678.0,1685.0,1660.0,1662.0,3906657.46208927
2026-07-22 20:00:00,1661.0,1669.0,1657.0,1668.0,2920968.82787993
2026-07-23 00:00:00,1669.0,1671.0,1652.0,1652.0,5756192.96386783
2026-07-23 04:00:00,1652.0,1657.0,1649.0,1653.0,5580743.8368746
2026-07-23 08:00:00,1653.0,1658.0,1650.0,1653.0,2767738.07240175
2026-07-23 12:00:00,1653.0,1655.0,1617.0,1631.0,12788483.47420859
2026-07-23 16:00:00,1630.0,1631.0,1616.0,1620.0,2916747.81905388
2026-07-23 20:00:00,1620.0,1633.0,1620.0,1625.0,3217962.88533274
2026-07-24 00:00:00,1625.0,1625.0,1610.0,1619.0,8087090.05148016
2026-07-24 04:00:00,1620.0,1635.0,1613.0,1624.0,5828474.81082379
2026-07-24 08:00:00,1624.0,1626.0,1609.0,1612.0,5420553.86455368
2026-07-24 12:00:00,1612.0,1613.0,1591.0,1597.0,11841920.19701373
2026-07-24 16:00:00,1596.0,1599.0,1589.0,1595.0,4308070.9565722
2026-07-24 20:00:00,1595.0,1602.0,1594.0,1600.0,2694025.86957748
2026-07-25 00:00:00,1599.0,1604.0,1596.0,1598.0,3762922.38399191
2026-07-25 04:00:00,1597.0,1602.0,1591.0,1593.0,3242439.91629765
2026-07-25 08:00:00,1593.0,1600.0,1590.0,1597.0,3641557.33994527
2026-07-25 12:00:00,1596.0,1610.0,1595.0,1608.0,3039379.09953793
2026-07-25 16:00:00,1608.0,1619.0,1605.0,1608.0,2815152.97779904
2026-07-25 20:00:00,1608.0,1613.0,1605.0,1607.0,1481827.82926193
2026-07-26 00:00:00,1606.0,1614.0,1605.0,1611.0,3059391.11139668
2026-07-26 04:00:00,1612.0,1615.0,1600.0,1606.0,3593413.80390155
2026-07-26 08:00:00,1605.0,1610.0,1604.0,1608.0,1908455.28946573
2026-07-26 12:00:00,1607.0,1612.0,1601.0,1610.0,3030536.09096262
2026-07-26 16:00:00,1610.0,1612.0,1604.0,1605.0,1372239.73397654
2026-07-26 20:00:00,1605.0,1622.0,1602.0,1617.0,4729132.48704212
2026-07-27 00:00:00,1617.0,1618.0,1605.0,1610.0,6434437.78446219
2026-07-27 04:00:00,1610.0,1618.0,1607.0,1612.0,5075840.97367814
2026-07-27 08:00:00,1611.0,1614.0,1607.0,1608.0,3573923.43012233
2026-07-27 12:00:00,1608.0,1619.0,1586.0,1586.0,13150145.71367605
2026-07-27 16:00:00,1586.0,1597.0,1585.0,1591.0,4090991.10682143
2026-07-27 20:00:00,1591.0,1593.0,1554.0,1558.0,19788349.78301563
2026-07-28 00:00:00,1559.0,1559.0,1540.0,1541.0,20489706.22567342
2026-07-28 04:00:00,1542.0,1547.0,1535.0,1538.0,10825278.4183533
2026-07-28 08:00:00,1537.0,1544.0,1526.0,1528.0,13931671.3664635
2026-07-28 12:00:00,1527.0,1548.0,1522.0,1546.0,9899293.30863917
2026-07-28 16:00:00,1546.0,1547.0,1531.0,1541.0,2102359.40617914
2026-07-28 20:00:00,1541.0,1555.0,1536.0,1549.0,5712942.35292812
2026-07-29 00:00:00,1549.0,1566.0,1540.0,1540.0,14616406.84130791
2026-07-29 04:00:00,1540.0,1558.0,1533.0,1558.0,12448681.7396129
2026-07-29 08:00:00,1558.0,1568.0,1553.0,1556.0,5412482.04558137
2026-07-29 12:00:00,1556.0,1556.0,1531.0,1532.0,7006272.04380767
2026-07-29 16:00:00,1531.0,1563.0,1531.0,1535.0,5813706.33956952
2026-07-29 20:00:00,1535.0,1549.0,1527.0,1536.0,6664025.00676334
2026-07-30 00:00:00,1536.0,1546.0,1525.0,1534.0,7909894.38217134
2026-07-30 04:00:00,1534.0,1537.0,1529.0,1533.0,5338724.35083353
2026-07-30 08:00:00,1533.0,1543.0,1531.0,1542.0,4107106.16525165
2026-07-30 12:00:00,1542.0,1552.0,1529.0,1547.0,7604682.11995386
2026-07-30 16:00:00,1547.0,1550.0,1535.0,1542.0,1401349.15053275
2026-07-30 20:00:00,1542.0,1545.0,1532.0,1532.0,3412517.1325279
2026-07-31 00:00:00,1532.0,1550.0,1532.0,1541.0,7667071.61307287
2026-07-31 04:00:00,1541.0,1544.0,1529.0,1537.0,6364703.80009938
2026-07-31 08:00:00,1538.0,1538.0,1529.0,1532.0,4421926.33305059
2026-07-31 12:00:00,1533.0,1537.0,1518.0,1521.0,12232780.66839285
2026-07-31 16:00:00,1521.0,1536.0,1520.0,1522.0,2851004.98232325
2026-07-31 20:00:00,1522.0,1530.0,1522.0,1525.0,3056518.81917578
2026-08-01 00:00:00,1526.0,1532.0,1525.0,1530.0,3558744.71904283
2026-08-01 04:00:00,1530.0,1531.0,1525.0,1526.0,2265419.70953043
2026-08-01 08:00:00,1526.0,1530.0,1524.0,1530.0,2427310.50582926
2026-08-01 12:00:00,1529.0,1532.0,1528.0,1528.0,2178403.00349751
2026-08-01 16:00:00,1528.0,1531.0,1512.0,1519.0,5218048.0377551
2026-08-01 20:00:00,1518.0,1531.0,1518.0,1528.0,2938112.63340862
2026-08-02 00:00:00,1528.0,1552.0,1527.0,1548.0,7401570.2294846
2026-08-02 04:00:00,1548.0,1558.0,1547.0,1555.0,5206408.78475911
2026-08-02 08:00:00,1554.0,1555.0,1544.0,1549.0,4687280.40668805
2026-08-02 12:00:00,1549.0,1553.0,1544.0,1550.0,2948493.45249356
2026-08-02 16:00:00,1550.0,1556.0,1545.0,1550.0,1434357.8581629
2026-08-02 20:00:00,1550.0,1564.0,1549.0,1553.0,4191000.53682996
2026-08-03 00:00:00,1554.0,1556.0,1527.0,1530.0,8638904.24157302
2026-08-03 04:00:00,1530.0,1534.0,1522.0,1525.0,5429280.77240181
2026-08-03 08:00:00,1524.0,1532.0,1517.0,1519.0,7326749.09753082
2026-08-03 12:00:00,1519.0,1546.0,1518.0,1541.0,7358552.83449951
2026-08-03 16:00:00,1542.0,1544.0,1535.0,1536.0,1394700.53284267
2026-08-03 20:00:00,1536.0,1542.0,1528.0,1531.0,2898335.88156887
2026-08-04 00:00:00,1530.0,1533.0,1521.0,1533.0,4998152.75549977
2026-08-04 04:00:00,1533.0,1538.0,1527.0,1534.0,4165890.86349183
2026-08-04 08:00:00,1536.0,1536.0,1525.0,1534.0,3026222.61404462
2026-08-04 12:00:00,1534.0,1535.0,1524.0,1532.0,4803523.35579027
2026-08-04 16:00:00,1532.0,1538.0,1526.0,1535.0,1478216.23880755
2026-08-04 20:00:00,1534.0,1535.0,1526.0,1527.0,2858432.83431103
2026-08-05 00:00:00,1526.0,1528.0,1513.0,1517.0,9045676.09697488
2026-08-05 04:00:00,1517.0,1523.0,1513.0,1516.0,5923206.61675899
2026-08-05 08:00:00,1516.0,1518.0,1508.0,1510.0,8614212.89517333
2026-08-05 12:00:00,1509.0,1519.0,1502.0,1508.0,9363223.8502289
2026-08-05 16:00:00,1508.0,1521.0,1507.0,1517.0,1988735.45506302
2026-08-05 20:00:00,1517.0,1519.0,1505.0,1508.0,3937419.78535949
2026-08-06 00:00:00,1507.0,1509.0,1474.0,1477.0,30715047.4273983
2026-08-06 04:00:00,1476.0,1492.0,1472.0,1489.0,8877250.98782643
2026-08-06 08:00:00,1489.0,1498.0,1479.0,1489.0,6301018.27551968
2026-08-06 12:00:00,1489.0,1494.0,1480.0,1487.0,5684276.90951914
2026-08-06 16:00:00,1488.0,1489.0,1465.0,1469.0,8158038.85239085
2026-08-06 20:00:00,1469.0,1473.0,1461.0,1467.0,8453184.13119657
2026-08-07 00:00:00,1467.0,1472.0,1438.0,1441.0,23581583.64897145
2026-08-07 04:00:00,1441.0,1454.0,1434.0,1453.0,16199010.09107606
2026-08-07 08:00:00,1453.0,1466.0,1450.0,1458.0,6850008.45606864
2026-08-07 12:00:00,1459.0,1470.0,1442.0,1447.0,8069468.69394784
2026-08-07 16:00:00,1447.0,1449.0,1426.0,1439.0,7964389.47559611
2026-08-07 20:00:00,1440.0,1444.0,1433.0,1437.0,4105962.83473234
2026-08-08 00:00:00,1437.0,1463.0,1435.0,1458.0,6795345.97969022
2026-08-08 04:00:00,1458.0,1460.0,1449.0,1453.0,4005511.05339599
2026-08-08 08:00:00,1454.0,1462.0,1452.0,1457.0,2507795.01500431
2026-08-08 12:00:00,1457.0,1470.0,1455.0,1468.0,5397535.3560114
2026-08-08 16:00:00,1469.0,1473.0,1461.0,1464.0,2217845.29342504
2026-08-08 20:00:00,1465.0,1466.0,1456.0,1462.0,1917804.85668746
2026-08-09 00:00:00,1461.0,1463.0,1454.0,1458.0,2969713.81092166
2026-08-09 04:00:00,1458.0,1465.0,1456.0,1459.0,2267866.25828341
2026-08-09 08:00:00,1459.0,1462.0,1452.0,1457.0,2696454.20233277
2026-08-09 12:00:00,1457.0,1464.0,1455.0,1463.0,2129935.49266164
2026-08-09 16:00:00,1463.0,1465.0,1458.0,1461.0,1010743.56906223
2026-08-09 20:00:00,1462.0,1467.0,1444.0,1447.0,5381896.88309803
2026-08-10 00:00:00,1447.0,1465.0,1445.0,1450.0,7090814.4574037
2026-08-10 04:00:00,1450.0,1462.0,1448.0,1459.0,4033842.11120561
2026-08-10 08:00:00,1458.0,1460.0,1450.0,1455.0,3557952.0504153
2026-08-10 12:00:00,1455.0,1457.0,1440.0,1443.0,5350463.45867008
2026-08-10 16:00:00,1444.0,1445.0,1435.0,1441.0,3837047.93590489
2026-08-10 20:00:00,1441.0,1443.0,1423.0,1430.0,9734912.50224169
2026-08-11 00:00:00,1429.0,1432.0,1423.0,1429.0,7169285.80772036
2026-08-11 04:00:00,1430.0,1430.0,1411.0,1415.0,13617880.7094475
2026-08-11 08:00:00,1415.0,1423.0,1412.0,1419.0,7355097.32851471
2026-08-11 12:00:00,1420.0,1422.0,1397.0,1412.0,14844274.37386694
2026-08-11 16:00:00,1413.0,1435.0,1411.0,1428.0,6180100.34511826
2026-08-11 20:00:00,1429.0,1444.0,1429.0,1440.0,7257996.13683856
2026-08-12 00:00:00,1440.0,1443.0,1436.0,1437.0,4494535.08394487
2026-08-12 04:00:00,1436.0,1440.0,1433.0,1436.0,3775043.14953022
2026-08-12 08:00:00,1436.0,1444.0,1433.0,1441.0,4241496.94626837
2026-08-12 12:00:00,1441.0,1446.0,1423.0,1428.0,8069551.35702085
2026-08-12 16:00:00,1428.0,1431.0,1422.0,1423.0,2033139.9582048
2026-08-12 20:00:00,1424.0,1428.0,1415.0,1420.0,5084239.14629479
2026-08-13 00:00:00,1420.0,1426.0,1411.0,1424.0,7327988.3107587
2026-08-13 04:00:00,1424.0,1434.0,1422.0,1429.0,5604991.63936537
2026-08-13 08:00:00,1429.0,1430.0,1417.0,1419.0,3849551.70871818
2026-08-13 12:00:00,1419.0,1427.0,1416.0,1417.0,4551640.33462347
2026-08-13 16:00:00,1417.0,1428.0,1412.0,1427.0,2850423.06243653
2026-08-13 20:00:00,1427.0,1430.0,1422.0,1424.0,2653968.06071415
2026-08-14 00:00:00,1424.0,1429.0,1422.0,1424.0,4120828.50615562
2026-08-14 04:00:00,1424.0,1427.0,1417.0,1420.0,3322070.10213809
2026-08-14 08:00:00,1419.0,1422.0,1413.0,1415.0,5071789.52901651
2026-08-14 12:00:00,1414.0,1424.0,1410.0,1421.0,4356300.62780858
2026-08-14 16:00:00,1421.0,1422.0,1411.0,1411.0,2886613.06786211
2026-08-14 20:00:00,1411.0,1414.0,1400.0,1413.0,8543581.99819203
2026-08-15 00:00:00,1413.0,1424.0,1411.0,1421.0,4908469.89086101
2026-08-15 04:00:00,1421.0,1422.0,1417.0,1418.0,3296621.54382502
2026-08-15 08:00:00,1417.0,1420.0,1415.0,1417.0,2366868.63512386
2026-08-15 12:00:00,1417.0,1419.0,1414.0,1417.0,1790026.66780997
2026-08-15 16:00:00,1417.0,1420.0,1415.0,1418.0,557195.18352437
2026-08-15 20:00:00,1419.0,1422.0,1417.0,1418.0,1292752.23604234
2026-08-16 00:00:00,1418.0,1420.0,1415.0,1418.0,1861681.21327887
2026-08-16 04:00:00,1418.0,1419.0,1415.0,1418.0,1932685.34693138
2026-08-16 08:00:00,1419.0,1419.0,1413.0,1415.0,1901331.4548722
2026-08-16 12:00:00,1415.0,1419.0,1414.0,1418.0,1449772.37734868
2026-08-16 16:00:00,1418.0,1420.0,1412.0,1415.0,1628555.30400899
2026-08-16 20:00:00,1417.0,1417.0,1405.0,1408.0,5871953.76183805
2026-08-17 00:00:00,1408.0,1419.0,1401.0,1415.0,8079341.30782602
2026-08-17 04:00:00,1416.0,1421.0,1413.0,1416.0,4162194.78777393
2026-08-17 08:00:00,1417.0,1417.0,1408.0,1413.0,3931100.55506455
2026-08-17 12:00:00,1413.0,1420.0,1408.0,1417.0,4280101.0679006
2026-08-17 16:00:00,1418.0,1419.0,1410.0,1413.0,1819930.43103049
2026-08-17 20:00:00,1413.0,1417.0,1409.0,1415.0,2991999.9848444
2026-08-18 00:00:00,1415.0,1416.0,1392.0,1395.0,17904617.01603488
2026-08-18 04:00:00,1395.0,1406.0,1393.0,1401.0,7363859.01200511
2026-08-18 08:00:00,1400.0,1407.0,1396.0,1404.0,4477219.1188987
2026-08-18 12:00:00,1404.0,1413.0,1400.0,1411.0,4411597.11570278
2026-08-18 16:00:00,1411.0,1411.0,1406.0,1409.0,1035585.61554613
2026-08-18 20:00:00,1409.0,1410.0,1404.0,1407.0,2892345.65320075
2026-08-19 00:00:00,1407.0,1408.0,1396.0,1398.0,6297202.24207295
2026-08-19 04:00:00,1398.0,1404.0,1396.0,1400.0,4511939.61316971
2026-08-19 08:00:00,1400.0,1405.0,1396.0,1400.0,3451994.98512794
2026-08-19 12:00:00,1399.0,1482.0,1399.0,1473.0,26459787.9192004
2026-08-19 16:00:00,1475.0,1476.0,1450.0,1468.0,12294717.80052517
2026-08-19 20:00:00,1467.0,1551.0,1467.0,1520.0,48122618.26913447
2026-08-20 00:00:00,1520.0,1537.0,1497.0,1506.0,19344955.90145557
2026-08-20 04:00:00,1507.0,1534.0,1505.0,1533.0,10113753.88143127
2026-08-20 08:00:00,1533.0,1655.0,1532.0,1648.0,53899186.19338865
2026-08-20 12:00:00,1648.0,1737.0,1628.0,1735.0,74116402.22536393
2026-08-20 16:00:00,1734.0,1842.0,1678.0,1696.0,76762110.98750082
2026-08-20 20:00:00,1696.0,1758.0,1691.0,1748.0,30508868.41491085
2026-08-21 00:00:00,1748.0,1815.0,1730.0,1804.0,51588816.02597339
2026-08-21 04:00:00,1803.0,1824.0,1788.0,1816.0,32739419.21909022
2026-08-21 08:00:00,1816.0,1966.0,1815.0,1861.0,130018152.50731173
2026-08-21 12:00:00,1861.0,1951.0,1850.0,1927.0,59958952.46828823
2026-08-21 16:00:00,1928.0,1940.0,1873.0,1887.0,23093181.41211753
2026-08-21 20:00:00,1887.0,2016.0,1878.0,1996.0,62101139.6906524
2026-08-22 00:00:00,1997.0,2200.0,1954.0,2156.0,170396488.56436208
2026-08-22 04:00:00,2156.0,2331.0,1975.0,2148.0,347654013.24201363
2026-08-22 08:00:00,2149.0,2154.0,1936.0,2037.0,163785288.64027384
2026-08-22 12:00:00,2037.0,2098.0,1959.0,1970.0,76845604.29672857
2026-08-22 16:00:00,1969.0,2055.0,1962.0,2048.0,24800086.30066673
2026-08-22 20:00:00,2049.0,2068.0,1983.0,2002.0,27495231.49219144
2026-08-23 00:00:00,2003.0,2094.0,2003.0,2028.0,61710254.14693265
2026-08-23 04:00:00,2028.0,2046.0,1972.0,2002.0,60815240.77715473
2026-08-23 08:00:00,2002.0,2062.0,1995.0,2052.0,37225612.70831024
2026-08-23 12:00:00,2053.0,2128.0,2012.0,2050.0,79873598.04675102
2026-08-23 16:00:00,2051.0,2085.0,2040.0,2051.0,12218216.580657
2026-08-23 20:00:00,2051.0,2113.0,2042.0,2086.0,27237866.99948764
2026-08-24 00:00:00,2087.0,2091.0,2005.0,2011.0,49766293.46260254
2026-08-24 04:00:00,2012.0,2062.0,2010.0,2027.0,26399001.42940238
2026-08-24 08:00:00,2027.0,2074.0,2004.0,2063.0,36453381.97991544
2026-08-24 12:00:00,2063.0,2098.0,2035.0,2062.0,66003171.80280885
2026-08-24 16:00:00,2063.0,2089.0,2021.0,2039.0,20617757.35556261
2026-08-24 20:00:00,2041.0,2047.0,2022.0,2037.0,13399799.26972127
2026-08-25 00:00:00,2037.0,2126.0,2030.0,2086.0,59752373.04602177
2026-08-25 04:00:00,2086.0,2102.0,2045.0,2059.0,30447644.51188712
2026-08-25 08:00:00,2059.0,2070.0,2036.0,2048.0,19999017.9997244
2026-08-25 12:00:00,2048.0,2051.0,2008.0,2049.0,37703879.32346946
2026-08-25 16:00:00,2049.0,2054.0,2026.0,2041.0,6141775.26473985
2026-08-25 20:00:00,2042.0,2044.0,1985.0,1993.0,33720830.31787754
2026-08-26 00:00:00,1994.0,2013.0,1980.0,2003.0,22238505.69509981
2026-08-26 04:00:00,2003.0,2010.0,1985.0,1993.0,14423982.04093536
2026-08-26 08:00:00,1993.0,2001.0,1954.0,1964.0,38039531.41428482
2026-08-26 12:00:00,1965.0,1978.0,1890.0,1911.0,63169869.44612265
2026-08-26 16:00:00,1911.0,1941.0,1901.0,1918.0,11971331.47349681
2026-08-26 20:00:00,1918.0,1983.0,1900.0,1976.0,25662666.9658478
2026-08-27 00:00:00,1975.0,1976.0,1933.0,1949.0,22593866.12416559
2026-08-27 04:00:00,1949.0,1957.0,1932.0,1954.0,11453222.2425743
2026-08-27 08:00:00,1954.0,2005.0,1952.0,1975.0,43014909.39166854
2026-08-27 12:00:00,1976.0,2032.0,1970.0,2024.0,42620079.52427323
2026-08-27 16:00:00,2024.0,2033.0,1988.0,2011.0,19888360.31063488
2026-08-27 20:00:00,2011.0,2017.0,1998.0,2010.0,19144411.96143192
2026-08-28 00:00:00,2010.0,2034.0,1976.0,1981.0,32754581.88003987
2026-08-28 04:00:00,1981.0,1984.0,1961.0,1965.0,15813437.98987717
2026-08-28 08:00:00,1965.0,1979.0,1942.0,1965.0,17549494.32922624
2026-08-28 12:00:00,1965.0,1997.0,1931.0,1950.0,32377207.52194737
2026-08-28 16:00:00,1952.0,1964.0,1900.0,1918.0,21693934.05312076
2026-08-28 20:00:00,1919.0,1927.0,1901.0,1917.0,11769995.10989733
2026-08-29 00:00:00,1917.0,1928.0,1910.0,1914.0,11714916.11643066
2026-08-29 04:00:00,1914.0,1933.0,1911.0,1920.0,10672999.20877225
2026-08-29 08:00:00,1920.0,1928.0,1914.0,1923.0,4875945.2786261
2026-08-29 12:00:00,1921.0,1949.0,1918.0,1935.0,7604181.47891479
2026-08-29 16:00:00,1936.0,1945.0,1928.0,1942.0,3884971.06042497
2026-08-29 20:00:00,1941.0,1948.0,1932.0,1941.0,3456597.21109905
2026-08-30 00:00:00,1940.0,1945.0,1929.0,1935.0,6486907.89384846
2026-08-30 04:00:00,1935.0,1947.0,1926.0,1933.0,6381126.83070525
2026-08-30 08:00:00,1934.0,1936.0,1921.0,1929.0,6962417.25055712
2026-08-30 12:00:00,1930.0,1960.0,1928.0,1940.0,13661158.87506926
2026-08-30 16:00:00,1941.0,1984.0,1939.0,1956.0,10174914.41296381
2026-08-30 20:00:00,1957.0,1960.0,1862.0,1888.0,33291455.80481064
2026-08-31 00:00:00,1887.0,1905.0,1860.0,1877.0,27139813.98227134
2026-08-31 04:00:00,1877.0,1898.0,1863.0,1897.0,12358298.01715478
2026-08-31 08:00:00,1897.0,1909.0,1886.0,1891.0,12585606.44028974
2026-08-31 12:00:00,1892.0,1903.0,1874.0,1891.0,12581029.17867799
2026-08-31 16:00:00,1891.0,1920.0,1887.0,1908.0,6681220.86435015
2026-08-31 20:00:00,1909.0,1917.0,1895.0,1900.0,6599774.15024695
2026-09-01 00:00:00,1899.0,1915.0,1889.0,1908.0,11399533.08238086
2026-09-01 04:00:00,1908.0,1925.0,1901.0,1901.0,10230902.66707809
2026-09-01 08:00:00,1902.0,1913.0,1880.0,1908.0,15383179.09855276
2026-09-01 12:00:00,1908.0,1912.0,1881.0,1902.0,14009494.09053026
2026-09-01 16:00:00,1902.0,1902.0,1860.0,1877.0,11665009.2062841
2026-09-01 20:00:00,1878.0,1880.0,1858.0,1868.0,11710426.19133638
2026-09-02 00:00:00,1869.0,1872.0,1829.0,1859.0,21540515.51348984
2026-09-02 04:00:00,1859.0,1862.0,1846.0,1851.0,7644399.58583559
2026-09-02 08:00:00,1852.0,1852.0,1802.0,1819.0,27268515.24484688
2026-09-02 12:00:00,1819.0,1846.0,1810.0,1838.0,15443710.98516719
2026-09-02 16:00:00,1839.0,1854.0,1827.0,1849.0,4938111.96914746
2026-09-02 20:00:00,1848.0,1864.0,1847.0,1859.0,8222596.62648088
2026-09-03 00:00:00,1859.0,1885.0,1841.0,1877.0,17060829.93644012
2026-09-03 04:00:00,1878.0,1887.0,1859.0,1877.0,12517421.60407115
2026-09-03 08:00:00,1877.0,1892.0,1867.0,1884.0,10012163.56865589
2026-09-03 12:00:00,1884.0,2012.0,1878.0,2003.0,68852017.23769537
2026-09-03 16:00:00,2005.0,2010.0,1977.0,2007.0,21881582.8701162
2026-09-03 20:00:00,2008.0,2021.0,1966.0,1979.0,27002561.35702115
2026-09-04 00:00:00,1980.0,1998.0,1963.0,1976.0,21567118.34244277
2026-09-04 04:00:00,1976.0,1989.0,1967.0,1973.0,10464024.83631707
2026-09-04 08:00:00,1973.0,1996.0,1968.0,1986.0,12941963.25904377
2026-09-04 12:00:00,1987.0,1990.0,1896.0,1916.0,59242329.9825659
2026-09-04 16:00:00,1917.0,1928.0,1905.0,1917.0,5727120.30561525
2026-09-04 20:00:00,1917.0,1924.0,1911.0,1915.0,7097593.8221874
2026-09-05 00:00:00,1917.0,1922.0,1912.0,1915.0,6028833.56456878
2026-09-05 04:00:00,1915.0,1923.0,1910.0,1921.0,5454424.94829542
2026-09-05 08:00:00,1922.0,1931.0,1916.0,1921.0,6149012.74152294
2026-09-05 12:00:00,1921.0,1939.0,1918.0,1929.0,9554117.04086912
2026-09-05 16:00:00,1929.0,1948.0,1928.0,1931.0,5139738.96303257
2026-09-05 20:00:00,1931.0,1940.0,1919.0,1927.0,5462930.95498769
2026-09-06 00:00:00,1927.0,1954.0,1925.0,1943.0,8246411.58367738
2026-09-06 04:00:00,1944.0,1948.0,1924.0,1933.0,8705740.58865952
2026-09-06 08:00:00,1933.0,1940.0,1927.0,1933.0,5068884.57853417
2026-09-06 12:00:00,1935.0,1943.0,1910.0,1925.0,11144884.81501884
2026-09-06 16:00:00,1924.0,1928.0,1917.0,1921.0,2088085.96820302
2026-09-06 20:00:00,1921.0,1940.0,1920.0,1936.0,9011148.9444561
2026-09-07 00:00:00,1937.0,1944.0,1907.0,1918.0,19599641.48842235
2026-09-07 04:00:00,1919.0,1929.0,1897.0,1909.0,11525071.06063312
2026-09-07 08:00:00,1908.0,1917.0,1901.0,1907.0,7751663.39505167
2026-09-07 12:00:00,1907.0,1923.0,1882.0,1889.0,15817175.42606442
2026-09-07 16:00:00,1889.0,1911.0,1888.0,1909.0,3953955.81672227
2026-09-07 20:00:00,1909.0,1911.0,1886.0,1901.0,7359053.90592668
2026-09-08 00:00:00,1902.0,1909.0,1888.0,1892.0,10868925.39263363
2026-09-08 04:00:00,1892.0,1896.0,1879.0,1887.0,9421804.81611985
2026-09-08 08:00:00,1887.0,1901.0,1882.0,1893.0,6991591.1942209
2026-09-08 12:00:00,1893.0,1942.0,1884.0,1942.0,18950612.38020056
2026-09-08 16:00:00,1941.0,1962.0,1919.0,1930.0,16358905.19683272
2026-09-08 20:00:00,1930.0,1932.0,1915.0,1920.0,8179910.0021387
2026-09-09 00:00:00,1920.0,1929.0,1914.0,1922.0,8446905.6880011
2026-09-09 04:00:00,1922.0,1947.0,1922.0,1944.0,14425033.84152181
2026-09-09 08:00:00,1944.0,1949.0,1921.0,1934.0,11306820.38691865
2026-09-09 12:00:00,1934.0,1945.0,1909.0,1922.0,14425878.47720506
2026-09-09 16:00:00,1922.0,1928.0,1901.0,1905.0,5067593.74469901
2026-09-09 20:00:00,1904.0,1910.0,1882.0,1896.0,14067474.81801447
2026-09-10 00:00:00,1896.0,1900.0,1872.0,1888.0,13122273.6139856
2026-09-10 04:00:00,1888.0,1890.0,1873.0,1878.0,7509353.92756124
2026-09-10 08:00:00,1879.0,1882.0,1866.0,1871.0,9106995.85662911
2026-09-10 12:00:00,1872.0,1880.0,1847.0,1853.0,23858693.18345762
2026-09-10 16:00:00,1853.0,1866.0,1838.0,1846.0,6405073.75257732
2026-09-10 20:00:00,1848.0,1856.0,1822.0,1825.0,11236669.89722581
2026-09-11 00:00:00,1824.0,1840.0,1823.0,1833.0,9940658.89602053
2026-09-11 04:00:00,1833.0,1855.0,1830.0,1842.0,7802975.43415459
2026-09-11 08:00:00,1842.0,1849.0,1804.0,1815.0,15015249.48450084
2026-09-11 12:00:00,1816.0,1943.0,1802.0,1866.0,77118029.78664105
2026-09-11 16:00:00,1866.0,1878.0,1831.0,1854.0,11395690.46177149
2026-09-11 20:00:00,1853.0,1860.0,1834.0,1847.0,6335797.78318247
2026-09-12 00:00:00,1847.0,1858.0,1844.0,1853.0,7517756.73451922
2026-09-12 04:00:00,1853.0,1861.0,1849.0,1861.0,4052080.62125787
2026-09-12 08:00:00,1861.0,1869.0,1856.0,1866.0,5495909.50129886
2026-09-12 12:00:00,1867.0,1867.0,1857.0,1865.0,4243021.44774232
2026-09-12 16:00:00,1866.0,1866.0,1852.0,1852.0,1716969.33500918
2026-09-12 20:00:00,1852.0,1860.0,1852.0,1858.0,2015132.62684078
2026-09-13 00:00:00,1858.0,1864.0,1854.0,1856.0,5743710.51518171
2026-09-13 04:00:00,1856.0,1860.0,1845.0,1848.0,6203518.37391923
2026-09-13 08:00:00,1848.0,1849.0,1822.0,1830.0,11670422.27616872
2026-09-13 12:00:00,1830.0,1841.0,1816.0,1832.0,9478322.62110172
2026-09-13 16:00:00,1832.0,1847.0,1831.0,1839.0,2835682.82977292
2026-09-13 20:00:00,1840.0,1850.0,1820.0,1825.0,8822366.44477926
2026-09-14 00:00:00,1826.0,1875.0,1819.0,1863.0,18423367.21563131
2026-09-14 04:00:00,1863.0,1884.0,1860.0,1883.0,12919283.71762894
2026-09-14 08:00:00,1883.0,1909.0,1872.0,1896.0,19599916.76358997
2026-09-14 12:00:00,1896.0,1907.0,1879.0,1903.0,19114528.07118044
2026-09-14 16:00:00,1903.0,1995.0,1900.0,1974.0,28454253.89075717
2026-09-14 20:00:00,1974.0,2006.0,1913.0,1922.0,37301379.72282382
2026-09-15 00:00:00,1923.0,1942.0,1913.0,1923.0,20332377.33501522
2026-09-15 04:00:00,1923.0,1926.0,1895.0,1895.0,14948293.614494
2026-09-15 08:00:00,1897.0,1919.0,1888.0,1910.0,13262223.5083378
2026-09-15 12:00:00,1911.0,1987.0,1880.0,1904.0,61028276.23371724
2026-09-15 16:00:00,1902.0,1932.0,1766.0,1772.0,97365130.74895582
2026-09-15 20:00:00,1772.0,1781.0,1728.0,1749.0,65215702.82277733
2026-09-16 00:00:00,1749.0,1774.0,1742.0,1771.0,26417397.37535417
2026-09-16 04:00:00,1771.0,1790.0,1752.0,1753.0,18715890.216901
2026-09-16 08:00:00,1753.0,1773.0,1743.0,1768.0,14566128.04016442
2026-09-16 12:00:00,1768.0,1769.0,1730.0,1735.0,21800675.19974071
2026-09-16 16:00:00,1735.0,1790.0,1714.0,1787.0,41587725.018671
2026-09-16 20:00:00,1787.0,1810.0,1760.0,1788.0,23562125.92001625
2026-09-17 00:00:00,1788.0,1805.0,1774.0,1792.0,17680339.90800705
2026-09-17 04:00:00,1792.0,1798.0,1781.0,1791.0,8035205.50083213
2026-09-17 08:00:00,1791.0,1806.0,1784.0,1794.0,11832906.73025199
2026-09-17 12:00:00,1794.0,1815.0,1782.0,1803.0,23571275.19895539
2026-09-17 16:00:00,1804.0,1804.0,1786.0,1789.0,4991531.5495878
2026-09-17 20:00:00,1788.0,1794.0,1777.0,1787.0,8588529.43620185
2026-09-18 00:00:00,1788.0,1829.0,1780.0,1825.0,22050376.73399511
2026-09-18 04:00:00,1826.0,1828.0,1810.0,1825.0,16030146.8128229
2026-09-18 08:00:00,1825.0,1845.0,1816.0,1824.0,23006291.55965894
2026-09-18 12:00:00,1824.0,1922.0,1820.0,1895.0,68738149.90512328
2026-09-18 16:00:00,1895.0,1924.0,1880.0,1923.0,15447263.75757261
2026-09-18 20:00:00,1922.0,1925.0,1901.0,1907.0,15475339.97429756
2026-09-19 00:00:00,1908.0,1958.0,1906.0,1945.0,35949992.84602487
2026-09-19 04:00:00,1945.0,1966.0,1929.0,1931.0,27509403.91150403
2026-09-19 08:00:00,1931.0,1965.0,1925.0,1959.0,15919089.56627407
2026-09-19 12:00:00,1960.0,1985.0,1950.0,1955.0,27484204.64358442
2026-09-19 16:00:00,1955.0,1971.0,1944.0,1951.0,8426861.96152408
2026-09-19 20:00:00,1952.0,1959.0,1911.0,1926.0,18747064.890489
2026-09-20 00:00:00,1925.0,1928.0,1868.0,1887.0,33388883.63387287
2026-09-20 04:00:00,1886.0,1895.0,1883.0,1888.0,9502545.78852954
2026-09-20 08:00:00,1889.0,1904.0,1884.0,1891.0,8984444.3365139
2026-09-20 12:00:00,1891.0,1904.0,1885.0,1904.0,7803440.33095222
2026-09-20 16:00:00,1904.0,1935.0,1900.0,1921.0,11819094.61737583
2026-09-20 20:00:00,1921.0,1935.0,1902.0,1930.0,12064960.06972003
2026-09-21 00:00:00,1931.0,1960.0,1920.0,1940.0,28526620.33692769
2026-09-21 04:00:00,1941.0,1964.0,1928.0,1958.0,22321639.04972158
2026-09-21 08:00:00,1958.0,2024.0,1957.0,2010.0,65764468.58791048
2026-09-21 12:00:00,2010.0,2034.0,1991.0,2017.0,40916434.53330957
2026-09-21 16:00:00,2018.0,2040.0,2002.0,2032.0,15202323.06893977
2026-09-21 20:00:00,2033.0,2123.0,2026.0,2078.0,66129113.28624702
2026-09-22 00:00:00,2079.0,2084.0,2025.0,2042.0,45361861.5391582
2026-09-22 04:00:00,2042.0,2054.0,2010.0,2046.0,23838166.62764755
2026-09-22 08:00:00,2046.0,2096.0,2040.0,2075.0,31356683.80776896
2026-09-22 12:00:00,2076.0,2146.0,2067.0,2117.0,64456601.54269701
2026-09-22 16:00:00,2118.0,2157.0,2089.0,2130.0,24167321.38365439
2026-09-22 20:00:00,2132.0,2135.0,2091.0,2108.0,20792332.21777673
2026-09-23 00:00:00,2109.0,2178.0,2106.0,2171.0,41242764.90890909
2026-09-23 04:00:00,2171.0,2219.0,2160.0,2184.0,64367068.40311461
2026-09-23 08:00:00,2184.0,2190.0,2132.0,2137.0,34043047.5323084
2026-09-23 12:00:00,2136.0,2153.0,2054.0,2057.0,68619284.7568627
2026-09-23 16:00:00,2058.0,2076.0,2033.0,2048.0,23422761.34120045
2026-09-23 20:00:00,2049.0,2076.0,2031.0,2061.0,19341948.98379007
2026-09-24 00:00:00,2062.0,2075.0,2038.0,2053.0,19449415.31621622
2026-09-24 04:00:00,2053.0,2081.0,2045.0,2063.0,14788304.37820272
2026-09-24 08:00:00,2063.0,2065.0,2001.0,2018.0,33942453.8749865
2026-09-24 12:00:00,2020.0,2085.0,2015.0,2067.0,35208367.54765703
2026-09-24 16:00:00,2067.0,2098.0,2053.0,2078.0,19128988.40861018
2026-09-24 20:00:00,2079.0,2105.0,2072.0,2093.0,12318535.93635661
2026-09-25 00:00:00,2094.0,2125.0,2080.0,2087.0,26465445.80630083
2026-09-25 04:00:00,2089.0,2104.0,2077.0,2092.0,11414599.51184003
2026-09-25 08:00:00,2091.0,2163.0,2088.0,2157.0,36659466.48233294
2026-09-25 12:00:00,2157.0,2197.0,2117.0,2138.0,86167028.16409665
2026-09-25 16:00:00,2138.0,2147.0,2103.0,2125.0,11360870.37795182
2026-09-25 20:00:00,2126.0,2127.0,2100.0,2120.0,12128576.67406491
2026-09-26 00:00:00,2121.0,2140.0,2106.0,2117.0,16618112.67964412
2026-09-26 04:00:00,2117.0,2120.0,2103.0,2114.0,11961474.34352052
2026-09-26 08:00:00,2114.0,2117.0,2093.0,2105.0,12947690.64474918
2026-09-26 12:00:00,2105.0,2108.0,2094.0,2104.0,9349929.08218627
2026-09-26 16:00:00,2105.0,2105.0,2062.0,2069.0,12235298.34988078
2026-09-26 20:00:00,2069.0,2084.0,2050.0,2080.0,13849574.92709845
2026-09-27 00:00:00,2080.0,2082.0,2060.0,2067.0,11679695.04975969
2026-09-27 04:00:00,2067.0,2090.0,2051.0,2089.0,13883949.50922133
2026-09-27 08:00:00,2090.0,2096.0,2077.0,2089.0,14725112.10290679
2026-09-27 12:00:00,2089.0,2096.0,2054.0,2063.0,18651024.4410042
2026-09-27 16:00:00,2062.0,2088.0,2061.0,2075.0,4109150.64083694
2026-09-27 20:00:00,2073.0,2078.0,2047.0,2054.0,15398420.46066866
2026-09-28 00:00:00,2054.0,2076.0,2013.0,2022.0,33759650.39175978
2026-09-28 04:00:00,2021.0,2031.0,2001.0,2002.0,22922427.78956236
2026-09-28 08:00:00,2002.0,2032.0,2001.0,2030.0,19574788.13197769
2026-09-28 12:00:00,2030.0,2075.0,2009.0,2033.0,37847350.28747159
2026-09-28 16:00:00,2033.0,2063.0,2014.0,2019.0,11972015.17721686
2026-09-28 20:00:00,2019.0,2041.0,2012.0,2031.0,9669806.92886575
2026-09-29 00:00:00,2032.0,2041.0,1997.0,2018.0,26364995.76735142
2026-09-29 04:00:00,2019.0,2049.0,2005.0,2044.0,14911700.39152804
2026-09-29 08:00:00,2044.0,2059.0,2030.0,2055.0,13182604.6516496
2026-09-29 12:00:00,2056.0,2105.0,2044.0,2057.0,61743673.48468949
2026-09-29 16:00:00,2055.0,2063.0,2010.0,2026.0,15943888.38424861
2026-09-29 20:00:00,2025.0,2036.0,2022.0,2024.0,8163967.5206333
2026-09-30 00:00:00,2024.0,2041.0,2018.0,2025.0,11568822.65759888
2026-09-30 04:00:00,2025.0,2041.0,2024.0,2035.0,9077151.34222614
2026-09-30 08:00:00,2035.0,2056.0,2026.0,2051.0,12611512.43393217
2026-09-30 12:00:00,2050.0,2085.0,2027.0,2045.0,40254660.53999399
2026-09-30 16:00:00,2045.0,2054.0,2024.0,2026.0,6553880.52291053
2026-09-30 20:00:00,2027.0,2034.0,2024.0,2028.0,8097259.51561806
2026-10-01 00:00:00,2027.0,2040.0,2024.0,2039.0,9038411.17491837
2026-10-01 04:00:00,2040.0,2050.0,2020.0,2025.0,14791150.34327001
2026-10-01 08:00:00,2026.0,2036.0,2017.0,2033.0,10593061.28326144
2026-10-01 12:00:00,2033.0,2034.0,2014.0,2027.0,14692018.0439418
2026-10-01 16:00:00,2028.0,2049.0,2019.0,2039.0,8915782.16224509
2026-10-01 20:00:00,2040.0,2045.0,2025.0,2038.0,5811729.23473055
2026-10-02 00:00:00,2038.0,2050.0,2027.0,2049.0,11673925.38596933
2026-10-02 04:00:00,2049.0,2075.0,2044.0,2071.0,23360552.49551454
2026-10-02 08:00:00,2071.0,2095.0,2068.0,2071.0,19684221.4692873
2026-10-02 12:00:00,2071.0,2096.0,2036.0,2041.0,31405189.66273884
2026-10-02 16:00:00,2041.0,2047.0,1988.0,2005.0,32339585.02786701
2026-10-02 20:00:00,2005.0,2025.0,2004.0,2019.0,10355438.9116324
2026-10-03 00:00:00,2020.0,2029.0,2017.0,2023.0,8264595.22814257
2026-10-03 04:00:00,2024.0,2025.0,2014.0,2017.0,4233737.19195494
2026-10-03 08:00:00,2018.0,2024.0,2016.0,2022.0,3869231.76296675
2026-10-03 12:00:00,2023.0,2027.0,2018.0,2023.0,3908692.77570747
2026-10-03 16:00:00,2022.0,2030.0,2019.0,2021.0,1789477.34100187
2026-10-03 20:00:00,2021.0,2027.0,2018.0,2020.0,2390259.22118193
2026-10-04 00:00:00,2021.0,2026.0,2018.0,2022.0,3854275.10005069
2026-10-04 04:00:00,2023.0,2036.0,2022.0,2034.0,4984437.31405954
2026-10-04 08:00:00,2034.0,2041.0,2029.0,2034.0,6534057.72324955
2026-10-04 12:00:00,2034.0,2044.0,2031.0,2039.0,4588735.76824126
2026-10-04 16:00:00,2039.0,2043.0,2032.0,2040.0,1848782.11838866
2026-10-04 20:00:00,2040.0,2060.0,2033.0,2055.0,9006110.71112516
2026-10-05 00:00:00,2054.0,2066.0,2039.0,2041.0,13602304.52550438
2026-10-05 04:00:00,2041.0,2063.0,2030.0,2053.0,12080263.57875251
2026-10-05 08:00:00,2054.0,2056.0,2040.0,2051.0,6121546.17608861
2026-10-05 12:00:00,2051.0,2054.0,2023.0,2027.0,14070550.44725758
2026-10-05 16:00:00,2027.0,2038.0,2021.0,2037.0,4389794.28748912
2026-10-05 20:00:00,2038.0,2046.0,2034.0,2040.0,4453299.6163734
2026-10-06 00:00:00,2040.0,2045.0,2025.0,2029.0,8762916.64781553
2026-10-06 04:00:00,2030.0,2041.0,2022.0,2031.0,5322056.8938325
2026-10-06 08:00:00,2030.0,2045.0,2026.0,2043.0,7764695.37496143
2026-10-06 12:00:00,2043.0,2052.0,2030.0,2031.0,11714078.19927692
2026-10-06 16:00:00,2031.0,2042.0,2026.0,2036.0,4384794.96988831
2026-10-06 20:00:00,2036.0,2039.0,2028.0,2029.0,4181077.86232748
2026-10-07 00:00:00,2029.0,2031.0,1981.0,1990.0,37362663.72564909
2026-10-07 04:00:00,1990.0,2005.0,1982.0,1998.0,10999706.30443383
2026-10-07 08:00:00,1997.0,1998.0,1958.0,1966.0,25449870.80645843
