time,open,high,low,close,volume
2024-01-11 16:00:00,64311000.0,64545000.0,63001000.0,63790000.0,1554.62589939
2024-01-11 20:00:00,63833000.0,64188000.0,63375000.0,63550000.0,749.9968614
2024-01-12 00:00:00,63560000.0,63820000.0,63165000.0,63225000.0,931.03949008
2024-01-12 04:00:00,63225000.0,63649000.0,63001000.0,63257000.0,835.50495115
2024-01-12 08:00:00,63266000.0,63307000.0,62535000.0,63002000.0,1051.72724751
2024-01-12 12:00:00,63003000.0,63242000.0,61308000.0,61457000.0,2440.52875878
2024-01-12 16:00:00,61448000.0,61632000.0,60000000.0,60190000.0,2957.12638186
2024-01-12 20:00:00,60190000.0,60805000.0,58200000.0,59435000.0,3301.58919208
2024-01-13 00:00:00,59430000.0,59860000.0,58174000.0,58783000.0,2464.0608395
2024-01-13 04:00:00,58782000.0,59799000.0,58682000.0,59460000.0,987.30278915
2024-01-13 08:00:00,59460000.0,59653000.0,58548000.0,58659000.0,894.45866399
2024-01-13 12:00:00,58659000.0,59548000.0,58579000.0,59435000.0,764.02473895
2024-01-13 16:00:00,59434000.0,59440000.0,58807000.0,58864000.0,216.1440296
2024-01-13 20:00:00,58863000.0,59142000.0,58810000.0,58968000.0,216.08488896
2024-01-14 00:00:00,58968000.0,59086000.0,58604000.0,58715000.0,550.45607334
2024-01-14 04:00:00,58712000.0,59254000.0,58500000.0,59132000.0,639.05156565
2024-01-14 08:00:00,59132000.0,59200000.0,58709000.0,58821000.0,435.26962474
2024-01-14 12:00:00,58834000.0,59000000.0,58697000.0,58780000.0,505.73234798
2024-01-14 16:00:00,58780000.0,58930000.0,58619000.0,58670000.0,181.48925493
2024-01-14 20:00:00,58670000.0,58825000.0,57312000.0,57391000.0,1638.54851512
2024-01-15 00:00:00,57380000.0,58620000.0,57332000.0,58478000.0,1109.67141116
2024-01-15 04:00:00,58478000.0,58830000.0,58300000.0,58533000.0,676.29830445
2024-01-15 08:00:00,58542000.0,58715000.0,58241000.0,58487000.0,555.12066738
2024-01-15 12:00:00,58489000.0,59000000.0,58044000.0,58128000.0,870.48489288
2024-01-15 16:00:00,58149000.0,59340000.0,58120000.0,58831000.0,455.72802204
2024-01-15 20:00:00,58854000.0,58960000.0,58194000.0,58354000.0,300.01851025
2024-01-16 00:00:00,58416000.0,59000000.0,58330000.0,58990000.0,552.69208128
2024-01-16 04:00:00,58990000.0,59044000.0,58438000.0,58639000.0,542.45889977
2024-01-16 08:00:00,58639000.0,59100000.0,58628000.0,58817000.0,529.11695917
2024-01-16 12:00:00,58832000.0,59333000.0,58169000.0,59264000.0,1333.23110667
2024-01-16 16:00:00,59268000.0,59500000.0,58851000.0,59196000.0,314.4045631
2024-01-16 20:00:00,59196000.0,59577000.0,59055000.0,59196000.0,477.06380891
2024-01-17 00:00:00,59197000.0,59300000.0,58900000.0,58901000.0,627.04055308
2024-01-17 04:00:00,58901000.0,58988000.0,58565000.0,58622000.0,501.86819209
2024-01-17 08:00:00,58621000.0,58802000.0,58500000.0,58648000.0,454.32957289
2024-01-17 12:00:00,58648000.0,58997000.0,58360000.0,58503000.0,759.29270894
2024-01-17 16:00:00,58503000.0,58793000.0,58269000.0,58621000.0,253.30987517
2024-01-17 20:00:00,58623000.0,58850000.0,58500000.0,58776000.0,241.49358776
2024-01-18 00:00:00,58776000.0,58800000.0,58300000.0,58469000.0,444.42317135
2024-01-18 04:00:00,58470000.0,58900000.0,58416000.0,58859000.0,441.59864659
2024-01-18 08:00:00,58860000.0,58861000.0,58308000.0,58443000.0,448.72030347
2024-01-18 12:00:00,58445000.0,58720000.0,58200000.0,58595000.0,484.65623108
2024-01-18 16:00:00,58593000.0,58595000.0,57100000.0,57277000.0,1202.49528635
2024-01-18 20:00:00,57276000.0,57589000.0,56754000.0,57284000.0,1246.99020081
2024-01-19 00:00:00,57281000.0,57392000.0,55935000.0,56464000.0,2044.32976886
2024-01-19 04:00:00,56466000.0,57485000.0,56460000.0,56777000.0,825.23852511
2024-01-19 08:00:00,56796000.0,57200000.0,56647000.0,57110000.0,446.66656647
2024-01-19 12:00:00,57117000.0,57123000.0,56200000.0,56441000.0,705.18381191
2024-01-19 16:00:00,56440000.0,57800000.0,55996000.0,57638000.0,1103.1655431
2024-01-19 20:00:00,57639000.0,58180000.0,57375000.0,57739000.0,510.29755529
2024-01-20 00:00:00,57738000.0,57773000.0,57242000.0,57572000.0,606.00002876
2024-01-20 04:00:00,57572000.0,57796000.0,57387000.0,57666000.0,350.1585962
2024-01-20 08:00:00,57666000.0,57755000.0,57501000.0,57620000.0,461.10548467
2024-01-20 12:00:00,57618000.0,57675000.0,57340000.0,57499000.0,364.86333929
2024-01-20 16:00:00,57499000.0,57583000.0,57375000.0,57453000.0,96.04035501
2024-01-20 20:00:00,57506000.0,57725000.0,57451000.0,57517000.0,249.2967379
2024-01-21 00:00:00,57550000.0,57655000.0,57470000.0,57542000.0,401.55016092
2024-01-21 04:00:00,57550000.0,57550000.0,57350000.0,57444000.0,259.371736
2024-01-21 08:00:00,57444000.0,57695000.0,57418000.0,57523000.0,294.84786804
2024-01-21 12:00:00,57524000.0,57942000.0,57516000.0,57587000.0,661.72055047
2024-01-21 16:00:00,57587000.0,57685000.0,57450000.0,57653000.0,161.38335974
2024-01-21 20:00:00,57653000.0,57739000.0,57383000.0,57387000.0,224.79790633
2024-01-22 00:00:00,57392000.0,57543000.0,56558000.0,56771000.0,889.18390448
2024-01-22 04:00:00,56788000.0,56984000.0,56241000.0,56621000.0,801.86954503
2024-01-22 08:00:00,56621000.0,56720000.0,56000000.0,56352000.0,1091.15930836
2024-01-22 12:00:00,56342000.0,56808000.0,55900000.0,56222000.0,1001.15264688
2024-01-22 16:00:00,56261000.0,56441000.0,55010000.0,55346000.0,979.32011244
2024-01-22 20:00:00,55345000.0,55853000.0,54659000.0,54689000.0,1571.72586643
2024-01-23 00:00:00,54689000.0,55576000.0,54685000.0,55297000.0,1035.40241325
2024-01-23 04:00:00,55298000.0,55565000.0,54716000.0,54829000.0,674.64500419
2024-01-23 08:00:00,54829000.0,54961000.0,53125000.0,53458000.0,3222.9792909
2024-01-23 12:00:00,53469000.0,54370000.0,53228000.0,54066000.0,1484.50998366
2024-01-23 16:00:00,54066000.0,54671000.0,53630000.0,54175000.0,462.58430532
2024-01-23 20:00:00,54197000.0,55414000.0,54010000.0,55389000.0,816.84477588
2024-01-24 00:00:00,55389000.0,55690000.0,54474000.0,54519000.0,1111.09092345
2024-01-24 04:00:00,54496000.0,55400000.0,54446000.0,55100000.0,572.09348132
2024-01-24 08:00:00,55104000.0,55850000.0,54900000.0,55400000.0,745.59322768
2024-01-24 12:00:00,55400000.0,55549000.0,54768000.0,55155000.0,588.07584081
2024-01-24 16:00:00,55192000.0,55374000.0,54694000.0,54901000.0,274.49162357
2024-01-24 20:00:00,54905000.0,55350000.0,54555000.0,55200000.0,323.6966163
2024-01-25 00:00:00,55200000.0,55401000.0,54968000.0,55143000.0,501.69897127
2024-01-25 04:00:00,55143000.0,55217000.0,54900000.0,55211000.0,447.52153873
2024-01-25 08:00:00,55211000.0,55586000.0,55079000.0,55402000.0,527.11922015
2024-01-25 12:00:00,55405000.0,55516000.0,54900000.0,55084000.0,750.76255554
2024-01-25 16:00:00,55106000.0,55235000.0,54760000.0,55176000.0,352.77245826
2024-01-25 20:00:00,55176000.0,55218000.0,54915000.0,55101000.0,288.54300849
2024-01-26 00:00:00,55101000.0,55434000.0,54957000.0,55228000.0,415.02687465
2024-01-26 04:00:00,55240000.0,55385000.0,55010000.0,55121000.0,302.65682328
2024-01-26 08:00:00,55122000.0,57164000.0,55121000.0,56999000.0,1725.77430397
2024-01-26 12:00:00,56999000.0,57300000.0,56400000.0,57070000.0,1467.48920132
2024-01-26 16:00:00,57070000.0,58000000.0,57022000.0,57951000.0,795.86304961
2024-01-26 20:00:00,57951000.0,58146000.0,57500000.0,57503000.0,534.90163141
2024-01-27 00:00:00,57526000.0,57950000.0,57345000.0,57732000.0,663.21637946
2024-01-27 04:00:00,57733000.0,57830000.0,57360000.0,57540000.0,390.42758198
2024-01-27 08:00:00,57539000.0,57666000.0,57046000.0,57632000.0,426.99950546
2024-01-27 12:00:00,57630000.0,57816000.0,57445000.0,57655000.0,257.72591233
2024-01-27 16:00:00,57637000.0,57800000.0,57518000.0,57764000.0,120.83697657
2024-01-27 20:00:00,57770000.0,58189000.0,57765000.0,58086000.0,358.02949494
2024-01-28 00:00:00,58086000.0,58147000.0,57746000.0,58095000.0,454.92409131
2024-01-28 04:00:00,58092000.0,58880000.0,58091000.0,58433000.0,846.15562794
2024-01-28 08:00:00,58433000.0,58776000.0,58395000.0,58481000.0,489.33255959
2024-01-28 12:00:00,58482000.0,58517000.0,58128000.0,58128000.0,417.94624855
2024-01-28 16:00:00,58126000.0,58280000.0,57555000.0,57576000.0,239.46065358
2024-01-28 20:00:00,57569000.0,57893000.0,57400000.0,57855000.0,356.23398239
2024-01-29 00:00:00,57855000.0,58498000.0,57601000.0,58287000.0,522.9560143
2024-01-29 04:00:00,58288000.0,58318000.0,57703000.0,57750000.0,438.53231296
2024-01-29 08:00:00,57750000.0,58185000.0,57700000.0,57956000.0,397.40383886
2024-01-29 12:00:00,57961000.0,58450000.0,57561000.0,58449000.0,563.77083707
2024-01-29 16:00:00,58450000.0,59210000.0,58219000.0,58700000.0,989.41323118
2024-01-29 20:00:00,58700000.0,59150000.0,58700000.0,59101000.0,488.50590059
2024-01-30 00:00:00,59129000.0,59683000.0,58854000.0,59422000.0,1024.8902278
2024-01-30 04:00:00,59408000.0,59447000.0,59081000.0,59217000.0,494.82760355
2024-01-30 08:00:00,59217000.0,59400000.0,59056000.0,59370000.0,408.72920251
2024-01-30 12:00:00,59370000.0,59750000.0,58888000.0,59210000.0,974.80042021
2024-01-30 16:00:00,59210000.0,59670000.0,59066000.0,59670000.0,314.83491701
2024-01-30 20:00:00,59670000.0,59863000.0,58600000.0,58965000.0,893.32042372
2024-01-31 00:00:00,58966000.0,59200000.0,58650000.0,58915000.0,600.14188448
2024-01-31 04:00:00,58915000.0,59194000.0,58899000.0,59170000.0,320.58573745
2024-01-31 08:00:00,59170000.0,59192000.0,58221000.0,58728000.0,657.33986087
2024-01-31 12:00:00,58728000.0,59653000.0,58488000.0,59499000.0,763.42657757
2024-01-31 16:00:00,59499000.0,59848000.0,59120000.0,59506000.0,457.52451316
2024-01-31 20:00:00,59472000.0,59535000.0,58445000.0,58738000.0,573.0365517
2024-02-01 00:00:00,58738000.0,58832000.0,57886000.0,57965000.0,855.07591716
2024-02-01 04:00:00,57964000.0,58350000.0,57804000.0,58192000.0,393.96658529
2024-02-01 08:00:00,58189000.0,58300000.0,58003000.0,58025000.0,277.62719679
2024-02-01 12:00:00,58080000.0,59000000.0,57886000.0,58505000.0,555.36402548
2024-02-01 16:00:00,58505000.0,59302000.0,58322000.0,59241000.0,364.7725827
2024-02-01 20:00:00,59249000.0,59302000.0,58910000.0,59150000.0,310.37417427
2024-02-02 00:00:00,59150000.0,59492000.0,59050000.0,59077000.0,461.36771425
2024-02-02 04:00:00,59078000.0,59298000.0,58766000.0,59056000.0,340.75458917
2024-02-02 08:00:00,59056000.0,59231000.0,58944000.0,59185000.0,299.9103893
2024-02-02 12:00:00,59191000.0,59315000.0,58551000.0,59314000.0,645.69425524
2024-02-02 16:00:00,59314000.0,59531000.0,58930000.0,59285000.0,350.11447078
2024-02-02 20:00:00,59285000.0,59360000.0,59100000.0,59299000.0,181.03173885
2024-02-03 00:00:00,59295000.0,59485000.0,59270000.0,59343000.0,372.60622789
2024-02-03 04:00:00,59343000.0,59430000.0,59219000.0,59259000.0,200.02395029
2024-02-03 08:00:00,59258000.0,59348000.0,59162000.0,59269000.0,223.86679728
2024-02-03 12:00:00,59269000.0,59443000.0,59120000.0,59368000.0,173.85179182
2024-02-03 16:00:00,59408000.0,59485000.0,59280000.0,59281000.0,121.44356747
2024-02-03 20:00:00,59305000.0,59376000.0,59250000.0,59260000.0,76.59465683
2024-02-04 00:00:00,59262000.0,59324000.0,59141000.0,59298000.0,156.69025083
2024-02-04 04:00:00,59299000.0,59300000.0,59001000.0,59152000.0,268.1550036
2024-02-04 08:00:00,59152000.0,59300000.0,59017000.0,59242000.0,189.92785608
2024-02-04 12:00:00,59242000.0,59301000.0,59064000.0,59160000.0,180.13650827
2024-02-04 16:00:00,59190000.0,59214000.0,58900000.0,58901000.0,168.34123643
2024-02-04 20:00:00,58908000.0,59241000.0,58633000.0,58811000.0,309.22367734
2024-02-05 00:00:00,58814000.0,58868000.0,58311000.0,58797000.0,530.01945821
2024-02-05 04:00:00,58799000.0,59290000.0,58699000.0,59140000.0,370.06763008
2024-02-05 08:00:00,59140000.0,59380000.0,59072000.0,59287000.0,356.69878356
2024-02-05 12:00:00,59286000.0,59800000.0,58759000.0,58813000.0,881.68098713
2024-02-05 16:00:00,58813000.0,59036000.0,58699000.0,58911000.0,277.53619503
2024-02-05 20:00:00,58911000.0,58999000.0,58501000.0,58882000.0,385.14417085
2024-02-06 00:00:00,58882000.0,59080000.0,58650000.0,58917000.0,331.80190395
2024-02-06 04:00:00,58916000.0,58970000.0,58650000.0,58906000.0,351.1716935
2024-02-06 08:00:00,58906000.0,59150000.0,58750000.0,58925000.0,525.55063361
2024-02-06 12:00:00,58925000.0,59300000.0,58740000.0,59233000.0,468.18523974
2024-02-06 16:00:00,59207000.0,59400000.0,58959000.0,59197000.0,240.25841414
2024-02-06 20:00:00,59197000.0,59214000.0,58951000.0,59039000.0,151.10692623
2024-02-07 00:00:00,59020000.0,59172000.0,58800000.0,58812000.0,484.63897037
2024-02-07 04:00:00,58801000.0,59230000.0,58745000.0,58974000.0,1182.21290862
2024-02-07 08:00:00,58974000.0,59248000.0,58955000.0,59000000.0,434.87198511
2024-02-07 12:00:00,59024000.0,59240000.0,58921000.0,59015000.0,328.0261374
2024-02-07 16:00:00,59015000.0,59586000.0,58981000.0,59496000.0,450.73861912
2024-02-07 20:00:00,59496000.0,60373000.0,59496000.0,60232000.0,1136.42389216
2024-02-08 00:00:00,60242000.0,61042000.0,60232000.0,60721000.0,1145.2511069
2024-02-08 04:00:00,60721000.0,60880000.0,60600000.0,60794000.0,663.6376775
2024-02-08 08:00:00,60794000.0,61341000.0,60789000.0,61077000.0,749.95378653
2024-02-08 12:00:00,61076000.0,61890000.0,60954000.0,61885000.0,888.83507769
2024-02-08 16:00:00,61886000.0,61973000.0,61289000.0,61916000.0,403.21089094
2024-02-08 20:00:00,61944000.0,62200000.0,61791000.0,62011000.0,552.68467612
2024-02-09 00:00:00,62011000.0,63000000.0,61717000.0,62752000.0,1366.44993601
2024-02-09 04:00:00,62752000.0,63285000.0,62550000.0,63102000.0,767.78093645
2024-02-09 08:00:00,63101000.0,64288000.0,63100000.0,64220000.0,1303.73504595
2024-02-09 12:00:00,64220000.0,64733000.0,63111000.0,63791000.0,3081.16905111
2024-02-09 16:00:00,63791000.0,64955000.0,63775000.0,64388000.0,800.09629057
2024-02-09 20:00:00,64387000.0,64599000.0,63500000.0,63682000.0,739.80293601
2024-02-10 00:00:00,63682000.0,64367000.0,63610000.0,64252000.0,719.60736687
2024-02-10 04:00:00,64254000.0,64390000.0,63900000.0,63900000.0,452.96444836
2024-02-10 08:00:00,63903000.0,64069000.0,63062000.0,63947000.0,1072.09599224
2024-02-10 12:00:00,63947000.0,64148000.0,63744000.0,64060000.0,437.8997543
2024-02-10 16:00:00,64061000.0,64350000.0,63800000.0,64264000.0,173.02223573
2024-02-10 20:00:00,64232000.0,64890000.0,64194000.0,64549000.0,665.02497014
2024-02-11 00:00:00,64549000.0,65492000.0,64256000.0,65486000.0,1114.55141674
2024-02-11 04:00:00,65489000.0,65500000.0,64800000.0,65052000.0,824.62472358
2024-02-11 08:00:00,65052000.0,65250000.0,64527000.0,65244000.0,616.69857867
2024-02-11 12:00:00,65243000.0,65300000.0,64600000.0,65054000.0,628.66423739
2024-02-11 16:00:00,65053000.0,65298000.0,64903000.0,65205000.0,243.09659592
2024-02-11 20:00:00,65205000.0,65263000.0,64984000.0,65230000.0,248.04488085
2024-02-12 00:00:00,65231000.0,65883000.0,65100000.0,65249000.0,1046.20405181
2024-02-12 04:00:00,65249000.0,65616000.0,65050000.0,65459000.0,570.3873003
2024-02-12 08:00:00,65459000.0,65500000.0,64887000.0,64997000.0,733.28818229
2024-02-12 12:00:00,64997000.0,67360000.0,64946000.0,67356000.0,2095.83857149
2024-02-12 16:00:00,67356000.0,67444000.0,66430000.0,66590000.0,1494.48867491
2024-02-12 20:00:00,66590000.0,67357000.0,66555000.0,67002000.0,734.3121308
2024-02-13 00:00:00,67002000.0,67651000.0,66574000.0,66808000.0,1428.46432547
2024-02-13 04:00:00,66817000.0,67409000.0,66808000.0,67280000.0,668.13136566
2024-02-13 08:00:00,67281000.0,67698000.0,67117000.0,67516000.0,998.92557307
2024-02-13 12:00:00,67516000.0,67517000.0,65800000.0,66305000.0,2553.75295458
2024-02-13 16:00:00,66305000.0,66861000.0,65862000.0,66567000.0,506.96704882
2024-02-13 20:00:00,66593000.0,67400000.0,66553000.0,67309000.0,601.49096582
2024-02-14 00:00:00,67309000.0,67370000.0,66800000.0,67108000.0,654.63738964
2024-02-14 04:00:00,67108000.0,67500000.0,66855000.0,67449000.0,565.614547
2024-02-14 08:00:00,67449000.0,69800000.0,67406000.0,69661000.0,3309.97530892
2024-02-14 12:00:00,69661000.0,70300000.0,69561000.0,69940000.0,2424.88583929
2024-02-14 16:00:00,69940000.0,70131000.0,69500000.0,69849000.0,487.28098622
2024-02-14 20:00:00,69849000.0,70267000.0,69658000.0,70199000.0,597.85541744
2024-02-15 00:00:00,70195000.0,71672000.0,70190000.0,71640000.0,2428.24451428
2024-02-15 04:00:00,71641000.0,71698000.0,70800000.0,70990000.0,1581.49783842
2024-02-15 08:00:00,71000000.0,71770000.0,70850000.0,71734000.0,993.2408268
2024-02-15 12:00:00,71732000.0,72216000.0,71145000.0,71447000.0,1917.9960079
2024-02-15 16:00:00,71404000.0,71942000.0,71084000.0,71386000.0,421.07766682
2024-02-15 20:00:00,71386000.0,71389000.0,70230000.0,71253000.0,1018.56965228
2024-02-16 00:00:00,71253000.0,71953000.0,70782000.0,71948000.0,1054.66992147
2024-02-16 04:00:00,71940000.0,71999000.0,71478000.0,71480000.0,726.27156498
2024-02-16 08:00:00,71480000.0,72127000.0,71290000.0,72110000.0,918.1396361
2024-02-16 12:00:00,72105000.0,72500000.0,71629000.0,71867000.0,1516.71127088
2024-02-16 16:00:00,71867000.0,72284000.0,71662000.0,71699000.0,359.15022586
2024-02-16 20:00:00,71699000.0,72350000.0,71663000.0,72128000.0,320.58794231
2024-02-17 00:00:00,72134000.0,72267000.0,71829000.0,72042000.0,629.99558469
2024-02-17 04:00:00,72042000.0,72200000.0,71999000.0,72043000.0,452.76755716
2024-02-17 08:00:00,72043000.0,72050000.0,71373000.0,71660000.0,775.68312516
2024-02-17 12:00:00,71681000.0,71724000.0,69595000.0,70478000.0,3305.72934391
2024-02-17 16:00:00,70489000.0,71247000.0,70001000.0,71185000.0,544.43197019
2024-02-17 20:00:00,71187000.0,71980000.0,71140000.0,71530000.0,531.32923341
2024-02-18 00:00:00,71500000.0,71830000.0,70669000.0,71133000.0,931.99591185
2024-02-18 04:00:00,71109000.0,71480000.0,71007000.0,71301000.0,575.67963423
2024-02-18 08:00:00,71301000.0,71737000.0,71223000.0,71494000.0,627.54411746
2024-02-18 12:00:00,71494000.0,71557000.0,71150000.0,71298000.0,476.2868266
2024-02-18 16:00:00,71298000.0,71500000.0,71100000.0,71200000.0,275.70532438
2024-02-18 20:00:00,71200000.0,72158000.0,71100000.0,71964000.0,735.1852287
2024-02-19 00:00:00,71968000.0,72168000.0,71788000.0,71951000.0,709.65292391
2024-02-19 04:00:00,71935000.0,72412000.0,71882000.0,72277000.0,849.93292122
2024-02-19 08:00:00,72269000.0,72388000.0,71901000.0,72189000.0,631.08909989
2024-02-19 12:00:00,72189000.0,72260000.0,72000000.0,72098000.0,537.15795055
2024-02-19 16:00:00,72089000.0,72188000.0,71728000.0,71860000.0,384.31116452
2024-02-19 20:00:00,71860000.0,72040000.0,71736000.0,71755000.0,478.39588505
2024-02-20 00:00:00,71755000.0,71903000.0,71220000.0,71344000.0,832.87044652
2024-02-20 04:00:00,71344000.0,71903000.0,71250000.0,71645000.0,490.60609303
2024-02-20 08:00:00,71621000.0,72191000.0,71344000.0,72031000.0,664.31937456
2024-02-20 12:00:00,72031000.0,73100000.0,71647000.0,71867000.0,2076.97013888
2024-02-20 16:00:00,71867000.0,72300000.0,71010000.0,72268000.0,682.35956876
2024-02-20 20:00:00,72295000.0,72455000.0,71900000.0,72191000.0,463.82813605
2024-02-21 00:00:00,72160000.0,72465000.0,72150000.0,72235000.0,518.22183047
2024-02-21 04:00:00,72237000.0,72284000.0,71800000.0,71900000.0,579.6563867
2024-02-21 08:00:00,71900000.0,72120000.0,71240000.0,71400000.0,908.58337512
2024-02-21 12:00:00,71400000.0,71750000.0,71100000.0,71500000.0,848.01595649
2024-02-21 16:00:00,71497000.0,71800000.0,71355000.0,71650000.0,270.0248762
2024-02-21 20:00:00,71665000.0,72455000.0,71397000.0,72397000.0,659.65450429
2024-02-22 00:00:00,72397000.0,72399000.0,71659000.0,72024000.0,615.4935211
2024-02-22 04:00:00,72024000.0,72139000.0,71755000.0,71998000.0,471.96815489
2024-02-22 08:00:00,71979000.0,72125000.0,71780000.0,71876000.0,577.99959909
2024-02-22 12:00:00,71877000.0,71963000.0,71458000.0,71881000.0,700.38583702
2024-02-22 16:00:00,71881000.0,72000000.0,71640000.0,71694000.0,178.39947187
2024-02-22 20:00:00,71693000.0,72194000.0,71501000.0,71601000.0,412.1863204
2024-02-23 00:00:00,71600000.0,71835000.0,71400000.0,71414000.0,572.8576335
2024-02-23 04:00:00,71416000.0,71574000.0,71196000.0,71197000.0,528.22828125
2024-02-23 08:00:00,71199000.0,71521000.0,71157000.0,71435000.0,403.56536899
2024-02-23 12:00:00,71462000.0,71589000.0,71199000.0,71353000.0,622.3153766
2024-02-23 16:00:00,71319000.0,71460000.0,71247000.0,71277000.0,262.05928872
2024-02-23 20:00:00,71332000.0,71439000.0,70657000.0,70805000.0,548.86767322
2024-02-24 00:00:00,70804000.0,71150000.0,70542000.0,70919000.0,737.29049335
2024-02-24 04:00:00,70919000.0,71200000.0,70901000.0,71200000.0,423.91492602
2024-02-24 08:00:00,71200000.0,71297000.0,70881000.0,70931000.0,434.80021777
2024-02-24 12:00:00,70930000.0,70969000.0,70665000.0,70701000.0,474.48267308
2024-02-24 16:00:00,70701000.0,71467000.0,70667000.0,71302000.0,465.49946141
2024-02-24 20:00:00,71302000.0,71365000.0,71050000.0,71107000.0,232.934671
2024-02-25 00:00:00,71107000.0,71595000.0,71000000.0,71300000.0,449.31299375
2024-02-25 04:00:00,71299000.0,71394000.0,71162000.0,71324000.0,336.76974819
2024-02-25 08:00:00,71324000.0,71349000.0,71043000.0,71200000.0,301.35823896
2024-02-25 12:00:00,71175000.0,71254000.0,71000000.0,71046000.0,346.02819625
2024-02-25 16:00:00,71046000.0,71270000.0,70907000.0,71216000.0,166.76567766
2024-02-25 20:00:00,71216000.0,71440000.0,71162000.0,71256000.0,267.1932545
2024-02-26 00:00:00,71256000.0,71452000.0,71105000.0,71229000.0,447.12820742
2024-02-26 04:00:00,71229000.0,71249000.0,70801000.0,70810000.0,459.69316991
2024-02-26 08:00:00,70810000.0,70880000.0,70000000.0,70579000.0,1188.93233931
2024-02-26 12:00:00,70579000.0,72490000.0,70300000.0,72488000.0,1112.16928421
2024-02-26 16:00:00,72490000.0,74500000.0,72398000.0,74473000.0,1582.05813529
2024-02-26 20:00:00,74472000.0,75000000.0,74107000.0,74742000.0,1362.5473633
2024-02-27 00:00:00,74741000.0,78200000.0,74554000.0,76709000.0,3378.61078056
2024-02-27 04:00:00,76709000.0,77700000.0,76537000.0,77105000.0,1523.79014983
2024-02-27 08:00:00,77105000.0,77998000.0,77042000.0,77856000.0,1159.8492651
2024-02-27 12:00:00,77856000.0,79183000.0,77800000.0,78581000.0,2727.39785924
2024-02-27 16:00:00,78581000.0,79170000.0,78001000.0,78882000.0,627.00214283
2024-02-27 20:00:00,78882000.0,79000000.0,77900000.0,78619000.0,752.01828119
2024-02-28 00:00:00,78621000.0,78826000.0,78082000.0,78506000.0,964.88324107
2024-02-28 04:00:00,78500000.0,80900000.0,78474000.0,80702000.0,1882.80094214
2024-02-28 08:00:00,80704000.0,83450000.0,80687000.0,81902000.0,4921.75410396
2024-02-28 12:00:00,81902000.0,84998000.0,81823000.0,84723000.0,4431.1049402
2024-02-28 16:00:00,84723000.0,88424000.0,82500000.0,85412000.0,4818.603956
2024-02-28 20:00:00,85335000.0,87960000.0,83863000.0,87634000.0,2234.95028998
2024-02-29 00:00:00,87654000.0,87703000.0,85244000.0,86740000.0,3401.60674395
2024-02-29 04:00:00,86741000.0,90000000.0,86533000.0,88258000.0,4092.57289885
2024-02-29 08:00:00,88283000.0,88850000.0,87001000.0,88055000.0,2335.02930696
2024-02-29 12:00:00,88055000.0,88630000.0,87081000.0,87667000.0,1756.43692852
2024-02-29 16:00:00,87700000.0,87870000.0,85245000.0,86717000.0,1470.33865009
2024-02-29 20:00:00,86717000.0,87669000.0,85888000.0,85910000.0,1213.14231517
2024-03-01 00:00:00,85911000.0,87649000.0,85910000.0,86373000.0,1420.00840908
2024-03-01 04:00:00,86373000.0,87332000.0,86256000.0,87082000.0,952.05736781
2024-03-01 08:00:00,87082000.0,87729000.0,86882000.0,87301000.0,1107.09742317
2024-03-01 12:00:00,87315000.0,88500000.0,86500000.0,86603000.0,1595.05164197
2024-03-01 16:00:00,86665000.0,87630000.0,86571000.0,87357000.0,430.53114276
2024-03-01 20:00:00,87357000.0,88300000.0,87298000.0,87397000.0,752.22595116
2024-03-02 00:00:00,87397000.0,87724000.0,87160000.0,87387000.0,1188.67479409
2024-03-02 04:00:00,87400000.0,87467000.0,86260000.0,86713000.0,1754.46452639
2024-03-02 08:00:00,86713000.0,86934000.0,86090000.0,86466000.0,1220.99546965
2024-03-02 12:00:00,86466000.0,86934000.0,86350000.0,86670000.0,745.58061619
2024-03-02 16:00:00,86670000.0,86800000.0,86547000.0,86694000.0,194.53971661
2024-03-02 20:00:00,86696000.0,86891000.0,86370000.0,86383000.0,377.40740919
2024-03-03 00:00:00,86382000.0,86531000.0,86000000.0,86197000.0,1018.72359296
2024-03-03 04:00:00,86197000.0,86550000.0,85000000.0,85837000.0,1517.97521168
2024-03-03 08:00:00,85845000.0,85988000.0,85230000.0,85744000.0,788.92340017
2024-03-03 12:00:00,85782000.0,87828000.0,85742000.0,87055000.0,1698.3719596
2024-03-03 16:00:00,87055000.0,87791000.0,86900000.0,87359000.0,432.26110012
2024-03-03 20:00:00,87423000.0,87993000.0,87123000.0,87982000.0,561.31642184
2024-03-04 00:00:00,87978000.0,89700000.0,87302000.0,88375000.0,2134.70618781
2024-03-04 04:00:00,88375000.0,89399000.0,88313000.0,89187000.0,968.41711288
2024-03-04 08:00:00,89187000.0,91514000.0,89180000.0,91226000.0,3476.39930938
2024-03-04 12:00:00,91226000.0,92654000.0,90580000.0,92563000.0,2616.9117794
2024-03-04 16:00:00,92555000.0,93995000.0,92271000.0,93993000.0,1829.27198137
2024-03-04 20:00:00,93993000.0,95586000.0,93600000.0,95500000.0,2228.41183703
2024-03-05 00:00:00,95500000.0,97000000.0,94681000.0,96621000.0,3255.59965121
2024-03-05 04:00:00,96621000.0,96713000.0,91200000.0,93001000.0,4954.7770282
2024-03-05 08:00:00,93009000.0,94396000.0,92207000.0,93950000.0,1588.28398006
2024-03-05 12:00:00,93950000.0,97000000.0,93904000.0,94384000.0,3778.20141282
2024-03-05 16:00:00,94366000.0,94688000.0,88750000.0,91036000.0,3740.30131176
2024-03-05 20:00:00,91036000.0,92998000.0,88024000.0,91275000.0,4817.41896935
2024-03-06 00:00:00,91275000.0,92800000.0,88233000.0,89492000.0,3562.86538922
2024-03-06 04:00:00,89492000.0,93870000.0,89436000.0,93580000.0,2639.3265611
2024-03-06 08:00:00,93585000.0,94917000.0,92501000.0,94372000.0,2244.62806688
2024-03-06 12:00:00,94370000.0,94860000.0,91000000.0,93504000.0,2453.30722224
2024-03-06 16:00:00,93504000.0,94500000.0,93050000.0,93875000.0,603.76583085
2024-03-06 20:00:00,93875000.0,94451000.0,92777000.0,93325000.0,786.31079457
2024-03-07 00:00:00,93325000.0,93675000.0,92670000.0,93170000.0,1112.27725011
2024-03-07 04:00:00,93187000.0,93765000.0,92718000.0,93729000.0,850.09127914
2024-03-07 08:00:00,93691000.0,94837000.0,93681000.0,94417000.0,1284.85189036
2024-03-07 12:00:00,94416000.0,95678000.0,94036000.0,94704000.0,1503.18399423
2024-03-07 16:00:00,94735000.0,95444000.0,94357000.0,94875000.0,484.8175755
2024-03-07 20:00:00,94875000.0,95172000.0,94040000.0,94060000.0,557.27053907
2024-03-08 00:00:00,94044000.0,94889000.0,94000000.0,94664000.0,892.44578866
2024-03-08 04:00:00,94634000.0,95000000.0,94234000.0,94758000.0,678.70178694
2024-03-08 08:00:00,94780000.0,95215000.0,94525000.0,95213000.0,785.31078203
2024-03-08 12:00:00,95215000.0,98543000.0,94886000.0,95497000.0,3774.33211824
2024-03-08 16:00:00,95497000.0,96927000.0,94081000.0,96912000.0,1739.67507093
2024-03-08 20:00:00,96927000.0,97388000.0,96000000.0,96237000.0,851.46767285
2024-03-09 00:00:00,96237000.0,96399000.0,95585000.0,96132000.0,1041.25960799
2024-03-09 04:00:00,96107000.0,96420000.0,95999000.0,96195000.0,592.68904582
2024-03-09 08:00:00,96199000.0,96378000.0,95400000.0,96079000.0,875.5840948
2024-03-09 12:00:00,96079000.0,96193000.0,95428000.0,95610000.0,698.9839742
2024-03-09 16:00:00,95604000.0,95698000.0,95120000.0,95341000.0,410.08087944
2024-03-09 20:00:00,95341000.0,96026000.0,95341000.0,95946000.0,328.08408633
2024-03-10 00:00:00,95946000.0,97289000.0,95904000.0,96900000.0,1314.77185122
2024-03-10 04:00:00,96900000.0,97400000.0,96831000.0,97125000.0,809.29435426
2024-03-10 08:00:00,97125000.0,98000000.0,97060000.0,97790000.0,1194.65429454
2024-03-10 12:00:00,97791000.0,98445000.0,97198000.0,97813000.0,1657.80627471
2024-03-10 16:00:00,97813000.0,98183000.0,97745000.0,97801000.0,294.2607021
2024-03-10 20:00:00,97804000.0,98070000.0,96960000.0,97495000.0,727.19832594
2024-03-11 00:00:00,97501000.0,97687000.0,95132000.0,97000000.0,2137.32174776
2024-03-11 04:00:00,96989000.0,100300000.0,96339000.0,99710000.0,4264.37916968
2024-03-11 08:00:00,99702000.0,100754000.0,99345000.0,100025000.0,3058.39820975
2024-03-11 12:00:00,100150000.0,101940000.0,100022000.0,100686000.0,2880.9989427
2024-03-11 16:00:00,100686000.0,101192000.0,100000000.0,100198000.0,919.02576678
2024-03-11 20:00:00,100102000.0,101190000.0,100000000.0,100404000.0,757.44431215
2024-03-12 00:00:00,100404000.0,101980000.0,100399000.0,100805000.0,1678.98335891
2024-03-12 04:00:00,100805000.0,101708000.0,100500000.0,101549000.0,1293.71495771
2024-03-12 08:00:00,101549000.0,101649000.0,100850000.0,101176000.0,1056.83159345
2024-03-12 12:00:00,101176000.0,102350000.0,100700000.0,101028000.0,1723.00564307
2024-03-12 16:00:00,101028000.0,101149000.0,99000000.0,100485000.0,1743.85924515
2024-03-12 20:00:00,100547000.0,101265000.0,100001000.0,101200000.0,830.53789667
2024-03-13 00:00:00,101200000.0,101687000.0,100909000.0,101515000.0,966.77960876
2024-03-13 04:00:00,101515000.0,103301000.0,101455000.0,103178000.0,1499.05265044
2024-03-13 08:00:00,103177000.0,104865000.0,103177000.0,103797000.0,2556.64343161
2024-03-13 12:00:00,103795000.0,104097000.0,102377000.0,103519000.0,1575.42845447
2024-03-13 16:00:00,103519000.0,104214000.0,103228000.0,104214000.0,393.32945781
2024-03-13 20:00:00,104214000.0,104600000.0,103912000.0,104122000.0,716.88565023
2024-03-14 00:00:00,104121000.0,104869000.0,103800000.0,104557000.0,1449.71976421
2024-03-14 04:00:00,104553000.0,105000000.0,104215000.0,104756000.0,1078.79754888
2024-03-14 08:00:00,104780000.0,105000000.0,103551000.0,103838000.0,1268.47546375
2024-03-14 12:00:00,103838000.0,104100000.0,100000000.0,101444000.0,3910.77187173
2024-03-14 16:00:00,101444000.0,102233000.0,100000000.0,100206000.0,1598.99663296
2024-03-14 20:00:00,100206000.0,103450000.0,100079000.0,102506000.0,1219.35115328
2024-03-15 00:00:00,102506000.0,104131000.0,97100000.0,99100000.0,4874.30323452
2024-03-15 04:00:00,99104000.0,99940000.0,97210000.0,99529000.0,4253.95105989
2024-03-15 08:00:00,99524000.0,99800000.0,95600000.0,97345000.0,4175.34804618
2024-03-15 12:00:00,97322000.0,99254000.0,97000000.0,98861000.0,1934.93117896
2024-03-15 16:00:00,98860000.0,101406000.0,97800000.0,99692000.0,1158.42198077
2024-03-15 20:00:00,99706000.0,101482000.0,98100000.0,101000000.0,1466.01411669
2024-03-16 00:00:00,101010000.0,102407000.0,99493000.0,100264000.0,1975.03545406
2024-03-16 04:00:00,100264000.0,100497000.0,99500000.0,100317000.0,743.78538064
2024-03-16 08:00:00,100318000.0,100318000.0,98142000.0,99084000.0,1094.10791026
2024-03-16 12:00:00,99084000.0,99658000.0,98626000.0,99570000.0,887.1813163
2024-03-16 16:00:00,99523000.0,99912000.0,98804000.0,98814000.0,617.65268056
2024-03-16 20:00:00,98814000.0,99465000.0,95700000.0,96767000.0,2487.73263491
2024-03-17 00:00:00,96769000.0,97836000.0,94328000.0,97299000.0,3141.93199993
2024-03-17 04:00:00,97299000.0,97344000.0,94300000.0,95460000.0,1942.98479389
2024-03-17 08:00:00,95459000.0,98062000.0,94686000.0,96873000.0,2021.71082983
2024-03-17 12:00:00,96873000.0,98658000.0,95980000.0,98501000.0,1354.37083148
2024-03-17 16:00:00,98595000.0,99557000.0,98401000.0,99516000.0,883.05078837
2024-03-17 20:00:00,99516000.0,100299000.0,98910000.0,99922000.0,1168.15269847
2024-03-18 00:00:00,99934000.0,100183000.0,97623000.0,99074000.0,1590.20506097
2024-03-18 04:00:00,99074000.0,100000000.0,98675000.0,99185000.0,927.47077888
2024-03-18 08:00:00,99174000.0,99891000.0,98221000.0,99629000.0,947.64123401
2024-03-18 12:00:00,99629000.0,100233000.0,98540000.0,99190000.0,1563.33815334
2024-03-18 16:00:00,99190000.0,99764000.0,98598000.0,99100000.0,441.82787711
2024-03-18 20:00:00,99106000.0,99925000.0,99000000.0,99040000.0,590.68746915
2024-03-19 00:00:00,99042000.0,99700000.0,96350000.0,97266000.0,2357.54142872
2024-03-19 04:00:00,97266000.0,97496000.0,95003000.0,96037000.0,2098.15459813
2024-03-19 08:00:00,96036000.0,96117000.0,92027000.0,93451000.0,4231.24688839
2024-03-19 12:00:00,93553000.0,95323000.0,92690000.0,94556000.0,2710.16185468
2024-03-19 16:00:00,94557000.0,96601000.0,94411000.0,95082000.0,990.03189252
2024-03-19 20:00:00,95093000.0,95277000.0,92049000.0,92572000.0,1653.48580852
2024-03-20 00:00:00,92541000.0,94455000.0,92061000.0,92378000.0,2154.03766709
2024-03-20 04:00:00,92379000.0,93003000.0,89845000.0,92631000.0,3573.93191233
2024-03-20 08:00:00,92629000.0,94109000.0,91823000.0,93404000.0,1470.75381441
2024-03-20 12:00:00,93418000.0,95435000.0,93090000.0,93962000.0,2070.19535999
2024-03-20 16:00:00,93962000.0,96830000.0,92381000.0,96501000.0,1526.55069347
2024-03-20 20:00:00,96597000.0,100216000.0,96500000.0,99726000.0,3361.50710928
2024-03-21 00:00:00,99726000.0,99801000.0,96670000.0,97042000.0,2012.61231427
2024-03-21 04:00:00,97042000.0,98380000.0,96500000.0,97994000.0,1270.63686451
2024-03-21 08:00:00,97994000.0,98900000.0,97034000.0,97562000.0,934.51537457
2024-03-21 12:00:00,97562000.0,98693000.0,96647000.0,97030000.0,1127.43450001
2024-03-21 16:00:00,97029000.0,97300000.0,95193000.0,95661000.0,1077.45080621
2024-03-21 20:00:00,95661000.0,96340000.0,95000000.0,95552000.0,1018.88716742
2024-03-22 00:00:00,95618000.0,96213000.0,94545000.0,95421000.0,1400.93049301
2024-03-22 04:00:00,95490000.0,96500000.0,95070000.0,95388000.0,856.07422161
2024-03-22 08:00:00,95388000.0,95712000.0,93182000.0,93368000.0,1235.66154921
2024-03-22 12:00:00,93395000.0,94500000.0,92250000.0,93652000.0,2021.79853642
2024-03-22 16:00:00,93652000.0,94087000.0,92500000.0,93792000.0,503.31835565
2024-03-22 20:00:00,93822000.0,93999000.0,92222000.0,93855000.0,628.92504321
2024-03-23 00:00:00,93850000.0,94199000.0,92593000.0,93060000.0,841.11911292
2024-03-23 04:00:00,93060000.0,94380000.0,93000000.0,93983000.0,584.85370692
2024-03-23 08:00:00,93983000.0,94444000.0,93309000.0,93822000.0,490.58254656
2024-03-23 12:00:00,93822000.0,94800000.0,93500000.0,94524000.0,772.10535485
2024-03-23 16:00:00,94528000.0,95609000.0,94000000.0,94103000.0,533.77285698
2024-03-23 20:00:00,94103000.0,94612000.0,93200000.0,93274000.0,450.1208682
2024-03-24 00:00:00,93317000.0,93900000.0,93079000.0,93279000.0,521.16126528
2024-03-24 04:00:00,93279000.0,93676000.0,93100000.0,93674000.0,326.2866799
2024-03-24 08:00:00,93674000.0,94498000.0,93607000.0,94482000.0,568.37894705
2024-03-24 12:00:00,94482000.0,95562000.0,94481000.0,95001000.0,1134.06394229
2024-03-24 16:00:00,95000000.0,95452000.0,94070000.0,95145000.0,304.96826257
2024-03-24 20:00:00,95145000.0,97252000.0,95035000.0,96624000.0,1033.465469
2024-03-25 00:00:00,96624000.0,97000000.0,95600000.0,96530000.0,1004.73208823
2024-03-25 04:00:00,96530000.0,96999000.0,95867000.0,96148000.0,810.27779529
2024-03-25 08:00:00,96110000.0,96500000.0,95900000.0,96087000.0,492.39813665
2024-03-25 12:00:00,96080000.0,99499000.0,96052000.0,99400000.0,2523.35407163
2024-03-25 16:00:00,99400000.0,100292000.0,98977000.0,100291000.0,1297.47280887
2024-03-25 20:00:00,100283000.0,100500000.0,98550000.0,99202000.0,1382.68868441
2024-03-26 00:00:00,99202000.0,100107000.0,98830000.0,99790000.0,1025.78528809
2024-03-26 04:00:00,99789000.0,100600000.0,99200000.0,99780000.0,1086.77771526
2024-03-26 08:00:00,99780000.0,100786000.0,99690000.0,100289000.0,865.47658485
2024-03-26 12:00:00,100278000.0,100800000.0,99216000.0,100079000.0,1369.25128668
2024-03-26 16:00:00,100079000.0,100355000.0,99531000.0,99661000.0,419.39102762
2024-03-26 20:00:00,99700000.0,100355000.0,99601000.0,100051000.0,421.143648
2024-03-27 00:00:00,100051000.0,100701000.0,99920000.0,100526000.0,726.53635997
2024-03-27 04:00:00,100500000.0,100526000.0,99254000.0,99436000.0,896.80413938
2024-03-27 08:00:00,99436000.0,100590000.0,98700000.0,100331000.0,1697.04549947
2024-03-27 12:00:00,100331000.0,101900000.0,99100000.0,99146000.0,2602.57901705
2024-03-27 16:00:00,99146000.0,99607000.0,98900000.0,99151000.0,509.44070207
2024-03-27 20:00:00,99151000.0,100056000.0,99122000.0,99890000.0,440.8913508
2024-03-28 00:00:00,99890000.0,100250000.0,99251000.0,99597000.0,1286.31613074
2024-03-28 04:00:00,99602000.0,100340000.0,99497000.0,100191000.0,784.99273516
2024-03-28 08:00:00,100159000.0,100792000.0,100098000.0,100517000.0,905.61132096
2024-03-28 12:00:00,100517000.0,101725000.0,100280000.0,101487000.0,1617.11438025
2024-03-28 16:00:00,101481000.0,101487000.0,100500000.0,100691000.0,317.29628211
2024-03-28 20:00:00,100728000.0,101297000.0,100560000.0,100900000.0,420.90014831
2024-03-29 00:00:00,100900000.0,101100000.0,100150000.0,100372000.0,944.68797964
2024-03-29 04:00:00,100372000.0,100470000.0,99980000.0,100001000.0,756.56198314
2024-03-29 08:00:00,100001000.0,100358000.0,99584000.0,99949000.0,843.8382982
2024-03-29 12:00:00,99948000.0,100500000.0,99252000.0,99259000.0,993.13968403
2024-03-29 16:00:00,99287000.0,99740000.0,99210000.0,99653000.0,463.36533145
2024-03-29 20:00:00,99653000.0,99939000.0,99500000.0,99801000.0,349.67673373
2024-03-30 00:00:00,99876000.0,100317000.0,99455000.0,100002000.0,633.99045306
2024-03-30 04:00:00,100024000.0,100299000.0,99900000.0,99901000.0,356.54476389
2024-03-30 08:00:00,99901000.0,100102000.0,99860000.0,100021000.0,277.75015893
2024-03-30 12:00:00,100021000.0,100177000.0,99895000.0,99972000.0,297.42548013
2024-03-30 16:00:00,99943000.0,100200000.0,99860000.0,100009000.0,200.25892768
2024-03-30 20:00:00,100009000.0,100102000.0,99896000.0,99985000.0,196.14171124
2024-03-31 00:00:00,99985000.0,100199000.0,99930000.0,100061000.0,356.43578127
2024-03-31 04:00:00,100061000.0,100482000.0,100037000.0,100160000.0,370.13639876
2024-03-31 08:00:00,100159000.0,100383000.0,100100000.0,100378000.0,293.77233313
2024-03-31 12:00:00,100379000.0,100850000.0,100207000.0,100265000.0,514.89788717
2024-03-31 16:00:00,100265000.0,100521000.0,100224000.0,100319000.0,49.87280017
2024-03-31 20:00:00,100319000.0,101133000.0,100301000.0,100970000.0,526.91877924
2024-04-01 00:00:00,100991000.0,101098000.0,100300000.0,100354000.0,660.6649025
2024-04-01 04:00:00,100354000.0,100383000.0,99110000.0,99834000.0,1527.10945779
2024-04-01 08:00:00,99830000.0,99880000.0,99300000.0,99581000.0,623.99524719
2024-04-01 12:00:00,99581000.0,100241000.0,98711000.0,98743000.0,1108.81779315
2024-04-01 16:00:00,98743000.0,100252000.0,98658000.0,100189000.0,422.03449247
2024-04-01 20:00:00,100189000.0,100352000.0,99801000.0,100100000.0,397.10041178
2024-04-02 00:00:00,100100000.0,100100000.0,96500000.0,96999000.0,2626.09854591
2024-04-02 04:00:00,96999000.0,97645000.0,96220000.0,96650000.0,1417.98742085
2024-04-02 08:00:00,96650000.0,97100000.0,95201000.0,95815000.0,1472.7988417
2024-04-02 12:00:00,95826000.0,97000000.0,95000000.0,95625000.0,1715.39087151
2024-04-02 16:00:00,95625000.0,96781000.0,95337000.0,96554000.0,358.84628594
2024-04-02 20:00:00,96554000.0,96894000.0,95962000.0,96053000.0,475.02823337
2024-04-03 00:00:00,96053000.0,97039000.0,94682000.0,96895000.0,1497.70274534
2024-04-03 04:00:00,96895000.0,97300000.0,96318000.0,96461000.0,611.70924232
2024-04-03 08:00:00,96473000.0,96953000.0,95412000.0,96062000.0,753.19154389
2024-04-03 12:00:00,96062000.0,97202000.0,95712000.0,96082000.0,739.45532985
2024-04-03 16:00:00,96082000.0,96879000.0,95841000.0,96228000.0,302.02279131
2024-04-03 20:00:00,96266000.0,96850000.0,96000000.0,96502000.0,370.18948306
2024-04-04 00:00:00,96502000.0,96999000.0,96084000.0,96086000.0,542.06697374
2024-04-04 04:00:00,96086000.0,96375000.0,95598000.0,96181000.0,675.60790426
2024-04-04 08:00:00,96172000.0,96650000.0,96114000.0,96445000.0,477.52464656
2024-04-04 12:00:00,96445000.0,98500000.0,96334000.0,98066000.0,1159.35639154
2024-04-04 16:00:00,98066000.0,99912000.0,98000000.0,99341000.0,729.3496587
2024-04-04 20:00:00,99381000.0,99625000.0,98095000.0,99361000.0,793.21076907
2024-04-05 00:00:00,99445000.0,99669000.0,98500000.0,98700000.0,774.86848612
2024-04-05 04:00:00,98711000.0,98735000.0,97104000.0,97519000.0,776.06963667
2024-04-05 08:00:00,97519000.0,98367000.0,97137000.0,97215000.0,566.09480981
2024-04-05 12:00:00,97215000.0,99403000.0,96800000.0,98885000.0,979.37347215
2024-04-05 16:00:00,98885000.0,99085000.0,97799000.0,97811000.0,245.92366721
2024-04-05 20:00:00,97881000.0,98555000.0,97771000.0,98394000.0,190.85767683
2024-04-06 00:00:00,98385000.0,98750000.0,97745000.0,98071000.0,416.51120707
2024-04-06 04:00:00,98071000.0,98500000.0,97888000.0,98306000.0,264.92227532
2024-04-06 08:00:00,98305000.0,98415000.0,97972000.0,98002000.0,259.86187758
2024-04-06 12:00:00,98003000.0,98700000.0,97981000.0,98438000.0,269.28839779
2024-04-06 16:00:00,98437000.0,98750000.0,98242000.0,98533000.0,98.08363566
2024-04-06 20:00:00,98533000.0,99888000.0,98400000.0,99023000.0,576.89129502
2024-04-07 00:00:00,99000000.0,99852000.0,98976000.0,99689000.0,544.72775165
2024-04-07 04:00:00,99653000.0,99699000.0,99232000.0,99522000.0,270.34186762
2024-04-07 08:00:00,99523000.0,99750000.0,99352000.0,99446000.0,257.83304347
2024-04-07 12:00:00,99446000.0,99870000.0,99215000.0,99682000.0,364.20653637
2024-04-07 16:00:00,99631000.0,100450000.0,99149000.0,99334000.0,470.50064867
2024-04-07 20:00:00,99291000.0,99766000.0,99100000.0,99369000.0,224.69279049
2024-04-08 00:00:00,99369000.0,99858000.0,99100000.0,99440000.0,425.51360572
2024-04-08 04:00:00,99440000.0,100643000.0,99283000.0,100434000.0,770.3136219
2024-04-08 08:00:00,100434000.0,103000000.0,100393000.0,102550000.0,2555.4003225
2024-04-08 12:00:00,102532000.0,103084000.0,101426000.0,102001000.0,1209.77462839
2024-04-08 16:00:00,102001000.0,102384000.0,101510000.0,102075000.0,274.91241606
2024-04-08 20:00:00,102028000.0,102392000.0,101666000.0,102101000.0,385.77956693
2024-04-09 00:00:00,102050000.0,102399000.0,101002000.0,101569000.0,797.17492557
2024-04-09 04:00:00,101569000.0,101750000.0,100000000.0,100364000.0,903.99564637
2024-04-09 08:00:00,100323000.0,101000000.0,99547000.0,100695000.0,847.20893242
2024-04-09 12:00:00,100696000.0,100900000.0,98664000.0,99251000.0,1309.29113295
2024-04-09 16:00:00,99233000.0,99313000.0,98400000.0,99186000.0,544.34017968
2024-04-09 20:00:00,99168000.0,99803000.0,99070000.0,99350000.0,376.26298196
2024-04-10 00:00:00,99409000.0,99965000.0,98650000.0,99496000.0,764.95841965
2024-04-10 04:00:00,99534000.0,99717000.0,99300000.0,99381000.0,277.19696726
2024-04-10 08:00:00,99380000.0,99381000.0,98801000.0,99040000.0,469.84009163
2024-04-10 12:00:00,99049000.0,99432000.0,97614000.0,98871000.0,1557.53603554
2024-04-10 16:00:00,98828000.0,100270000.0,98800000.0,100270000.0,467.09685501
2024-04-10 20:00:00,100246000.0,101750000.0,99605000.0,100600000.0,771.20250128
2024-04-11 00:00:00,100601000.0,101249000.0,100086000.0,100930000.0,648.23705066
2024-04-11 04:00:00,100929000.0,101351000.0,100268000.0,100751000.0,489.3207455
2024-04-11 08:00:00,100751000.0,101300000.0,100097000.0,100219000.0,492.14594867
2024-04-11 12:00:00,100219000.0,101452000.0,100031000.0,100532000.0,956.05491572
2024-04-11 16:00:00,100469000.0,101000000.0,100101000.0,100817000.0,190.07515642
2024-04-11 20:00:00,100785000.0,101198000.0,100400000.0,100541000.0,250.62061426
2024-04-12 00:00:00,100542000.0,101300000.0,100536000.0,101291000.0,463.72419576
2024-04-12 04:00:00,101291000.0,101426000.0,100965000.0,101120000.0,381.00670909
2024-04-12 08:00:00,101120000.0,101247000.0,100762000.0,101243000.0,323.35994953
2024-04-12 12:00:00,101243000.0,101400000.0,100031000.0,100232000.0,914.13987242
2024-04-12 16:00:00,100296000.0,100493000.0,98985000.0,99323000.0,1841.40855315
2024-04-12 20:00:00,99323000.0,100384000.0,99106000.0,99776000.0,1081.91928799
2024-04-13 00:00:00,99645000.0,99776000.0,96366000.0,99500000.0,2479.61895348
2024-04-13 04:00:00,99486000.0,100569000.0,98896000.0,99245000.0,895.55492802
2024-04-13 08:00:00,99245000.0,99585000.0,98500000.0,99155000.0,457.214198
2024-04-13 12:00:00,99134000.0,100048000.0,98759000.0,99850000.0,453.04797733
2024-04-13 16:00:00,99931000.0,100018000.0,98200000.0,99090000.0,741.61072292
2024-04-13 20:00:00,99090000.0,99430000.0,95000000.0,97149000.0,4518.14750105
2024-04-14 00:00:00,97093000.0,97878000.0,95224000.0,96578000.0,2043.55904581
2024-04-14 04:00:00,96574000.0,97878000.0,96501000.0,97201000.0,1074.3240754
2024-04-14 08:00:00,97201000.0,97700000.0,95799000.0,96365000.0,1009.11193787
2024-04-14 12:00:00,96419000.0,97489000.0,96019000.0,96830000.0,809.44265601
2024-04-14 16:00:00,96829000.0,97290000.0,95780000.0,96927000.0,557.52641869
2024-04-14 20:00:00,96927000.0,99180000.0,96548000.0,98905000.0,1107.83378295
2024-04-15 00:00:00,98931000.0,99391000.0,97483000.0,97899000.0,889.86496225
2024-04-15 04:00:00,97899000.0,99490000.0,97240000.0,98750000.0,1277.00892711
2024-04-15 08:00:00,98750000.0,99129000.0,97880000.0,97888000.0,702.65280666
2024-04-15 12:00:00,97884000.0,98450000.0,96340000.0,96985000.0,1165.90724401
2024-04-15 16:00:00,96985000.0,97309000.0,95702000.0,96200000.0,951.57143242
2024-04-15 20:00:00,96286000.0,97192000.0,95900000.0,96527000.0,873.57193508
2024-04-16 00:00:00,96530000.0,96941000.0,95224000.0,95323000.0,1187.70585808
2024-04-16 04:00:00,95323000.0,95950000.0,93676000.0,95607000.0,1842.14454034
2024-04-16 08:00:00,95603000.0,95846000.0,93500000.0,94685000.0,1230.01860333
2024-04-16 12:00:00,94685000.0,95500000.0,93800000.0,93810000.0,865.91732475
2024-04-16 16:00:00,93810000.0,95130000.0,93697000.0,94606000.0,433.9285083
2024-04-16 20:00:00,94605000.0,96500000.0,94420000.0,95597000.0,498.65187069
2024-04-17 00:00:00,95597000.0,96500000.0,95214000.0,95331000.0,648.49563155
2024-04-17 04:00:00,95340000.0,95955000.0,94555000.0,94600000.0,560.17336371
2024-04-17 08:00:00,94600000.0,94831000.0,93654000.0,93749000.0,663.87682531
2024-04-17 12:00:00,93659000.0,93995000.0,90268000.0,90942000.0,3290.58527311
2024-04-17 16:00:00,90946000.0,92615000.0,90200000.0,91146000.0,1209.41062946
2024-04-17 20:00:00,91169000.0,92382000.0,91018000.0,91419000.0,744.84872264
2024-04-18 00:00:00,91439000.0,92500000.0,90701000.0,92080000.0,1076.96807113
2024-04-18 04:00:00,92080000.0,92171000.0,90000000.0,90527000.0,1184.03777403
2024-04-18 08:00:00,90545000.0,93427000.0,90018000.0,92332000.0,1242.35003373
2024-04-18 12:00:00,92330000.0,94200000.0,91051000.0,93511000.0,1454.99065111
2024-04-18 16:00:00,93511000.0,94000000.0,92162000.0,93655000.0,380.09341244
2024-04-18 20:00:00,93602000.0,93999000.0,92791000.0,93356000.0,455.38706081
2024-04-19 00:00:00,93392000.0,93459000.0,88500000.0,91014000.0,3613.39787201
2024-04-19 04:00:00,91011000.0,94800000.0,90500000.0,94440000.0,2008.5367238
2024-04-19 08:00:00,94480000.0,95500000.0,93946000.0,95117000.0,1257.38372708
2024-04-19 12:00:00,95117000.0,95958000.0,93333000.0,94161000.0,1089.81628296
2024-04-19 16:00:00,94160000.0,94585000.0,93033000.0,93948000.0,359.95061308
2024-04-19 20:00:00,93948000.0,94327000.0,92330000.0,93390000.0,602.026434
2024-04-20 00:00:00,93390000.0,94298000.0,92615000.0,93684000.0,596.45711711
2024-04-20 04:00:00,93684000.0,94154000.0,93510000.0,93760000.0,332.26307458
2024-04-20 08:00:00,93755000.0,93850000.0,93100000.0,93698000.0,396.75370552
2024-04-20 12:00:00,93698000.0,95180000.0,93500000.0,94881000.0,473.8576987
2024-04-20 16:00:00,94882000.0,95600000.0,94510000.0,94652000.0,508.14068586
2024-04-20 20:00:00,94652000.0,94996000.0,94302000.0,94805000.0,358.8924039
2024-04-21 00:00:00,94840000.0,95989000.0,94574000.0,95625000.0,624.49640327
2024-04-21 04:00:00,95620000.0,95625000.0,95000000.0,95250000.0,378.57881088
2024-04-21 08:00:00,95250000.0,95485000.0,94549000.0,95420000.0,578.47104289
2024-04-21 12:00:00,95329000.0,95520000.0,94793000.0,95146000.0,378.9582404
2024-04-21 16:00:00,95139000.0,95184000.0,94312000.0,94592000.0,218.73673739
2024-04-21 20:00:00,94592000.0,95321000.0,94412000.0,94868000.0,189.97128935
2024-04-22 00:00:00,94911000.0,95900000.0,94622000.0,95615000.0,720.312165
2024-04-22 04:00:00,95596000.0,96495000.0,95264000.0,96101000.0,842.18740917
2024-04-22 08:00:00,96065000.0,96178000.0,95638000.0,95939000.0,358.06125513
2024-04-22 12:00:00,95943000.0,96450000.0,95588000.0,95896000.0,468.52417212
2024-04-22 16:00:00,95897000.0,96758000.0,95888000.0,96646000.0,252.01142287
2024-04-22 20:00:00,96660000.0,97627000.0,96400000.0,97192000.0,580.75246807
2024-04-23 00:00:00,97239000.0,97592000.0,96181000.0,96190000.0,702.72312104
2024-04-23 04:00:00,96190000.0,96523000.0,95740000.0,95777000.0,667.42746387
2024-04-23 08:00:00,95769000.0,96089000.0,95246000.0,95717000.0,791.96182176
2024-04-23 12:00:00,95745000.0,96846000.0,95600000.0,96096000.0,589.58467528
2024-04-23 16:00:00,96137000.0,96767000.0,96077000.0,96205000.0,153.16629071
2024-04-23 20:00:00,96204000.0,96223000.0,95680000.0,96045000.0,274.58080738
2024-04-24 00:00:00,96071000.0,96627000.0,95880000.0,95900000.0,432.09872938
2024-04-24 04:00:00,95922000.0,96493000.0,95892000.0,95965000.0,410.55206841
2024-04-24 08:00:00,95965000.0,96123000.0,95540000.0,95854000.0,363.33488035
2024-04-24 12:00:00,95854000.0,96024000.0,93650000.0,93763000.0,1234.20259534
2024-04-24 16:00:00,93763000.0,94350000.0,93000000.0,93012000.0,555.31247998
2024-04-24 20:00:00,93012000.0,93928000.0,92734000.0,93534000.0,597.61040681
2024-04-25 00:00:00,93520000.0,94319000.0,92844000.0,93135000.0,649.91228253
2024-04-25 04:00:00,93134000.0,93210000.0,92306000.0,92501000.0,717.78558867
2024-04-25 08:00:00,92501000.0,92707000.0,91701000.0,92517000.0,801.26237725
2024-04-25 12:00:00,92486000.0,92948000.0,91213000.0,92344000.0,922.48617138
2024-04-25 16:00:00,92344000.0,93471000.0,92199000.0,93131000.0,273.82425792
2024-04-25 20:00:00,93159000.0,94000000.0,92540000.0,92745000.0,397.29247511
2024-04-26 00:00:00,92761000.0,93000000.0,92010000.0,92456000.0,433.81597181
2024-04-26 04:00:00,92392000.0,92562000.0,92010000.0,92331000.0,302.82802989
2024-04-26 08:00:00,92339000.0,92770000.0,92100000.0,92300000.0,265.47650734
2024-04-26 12:00:00,92360000.0,92970000.0,91467000.0,91649000.0,687.25177861
2024-04-26 16:00:00,91648000.0,92178000.0,91465000.0,91871000.0,179.20089387
2024-04-26 20:00:00,91871000.0,92211000.0,91866000.0,91951000.0,148.3643385
2024-04-27 00:00:00,91955000.0,92175000.0,90440000.0,90903000.0,969.96360013
2024-04-27 04:00:00,90922000.0,91001000.0,90500000.0,90690000.0,302.09667282
2024-04-27 08:00:00,90690000.0,90800000.0,90292000.0,90464000.0,355.01793024
2024-04-27 12:00:00,90496000.0,91333000.0,90400000.0,90850000.0,409.17198919
2024-04-27 16:00:00,90850000.0,91596000.0,90600000.0,91150000.0,220.2791874
2024-04-27 20:00:00,91163000.0,91598000.0,90900000.0,91499000.0,199.27773736
2024-04-28 00:00:00,91499000.0,92630000.0,91481000.0,92197000.0,446.34050257
2024-04-28 04:00:00,92197000.0,92255000.0,91788000.0,92000000.0,202.30295787
2024-04-28 08:00:00,91929000.0,92049000.0,90839000.0,90960000.0,400.00559407
2024-04-28 12:00:00,90977000.0,91420000.0,90900000.0,90994000.0,299.39318909
2024-04-28 16:00:00,90994000.0,91457000.0,90961000.0,91358000.0,74.34736655
2024-04-28 20:00:00,91304000.0,91413000.0,90153000.0,90530000.0,438.99029089
2024-04-29 00:00:00,90533000.0,90851000.0,89100000.0,89100000.0,1178.14486529
2024-04-29 04:00:00,89101000.0,89700000.0,88500000.0,89481000.0,1331.8073687
2024-04-29 08:00:00,89462000.0,89663000.0,88775000.0,88857000.0,511.92258426
2024-04-29 12:00:00,88857000.0,90150000.0,88521000.0,90149000.0,749.47790654
2024-04-29 16:00:00,90149000.0,90300000.0,89496000.0,90126000.0,213.83462988
2024-04-29 20:00:00,90133000.0,92000000.0,89900000.0,91400000.0,665.15426741
2024-04-30 00:00:00,91400000.0,92540000.0,90344000.0,90692000.0,936.85437541
2024-04-30 04:00:00,90733000.0,90800000.0,89557000.0,89801000.0,564.21656677
2024-04-30 08:00:00,89801000.0,90000000.0,87289000.0,87806000.0,2233.9252042
2024-04-30 12:00:00,87805000.0,88450000.0,87050000.0,87564000.0,1440.77600883
2024-04-30 16:00:00,87536000.0,87742000.0,85606000.0,85684000.0,1167.7971451
2024-04-30 20:00:00,85684000.0,87980000.0,85627000.0,87137000.0,985.34843466
2024-05-01 00:00:00,87152000.0,87625000.0,83900000.0,85347000.0,3203.6720087
2024-05-01 04:00:00,85350000.0,85400000.0,80690000.0,81223000.0,3524.34237088
2024-05-01 08:00:00,81222000.0,82782000.0,80005000.0,82775000.0,3674.52454518
2024-05-01 12:00:00,82782000.0,83290000.0,80834000.0,80949000.0,1765.56477713
2024-05-01 16:00:00,80941000.0,84894000.0,80750000.0,81238000.0,1726.20385637
2024-05-01 20:00:00,81232000.0,83600000.0,81101000.0,83499000.0,1183.92998974
2024-05-02 00:00:00,83499000.0,83950000.0,80640000.0,81292000.0,1684.39314694
2024-05-02 04:00:00,81300000.0,81772000.0,80601000.0,81469000.0,640.14084847
2024-05-02 08:00:00,81441000.0,83200000.0,81326000.0,83119000.0,951.80625538
2024-05-02 12:00:00,83119000.0,83980000.0,82200000.0,83642000.0,1436.29476103
2024-05-02 16:00:00,83642000.0,84000000.0,83110000.0,83830000.0,337.81002978
2024-05-02 20:00:00,83854000.0,84000000.0,82914000.0,83078000.0,559.25732582
2024-05-03 00:00:00,83096000.0,85251000.0,82807000.0,84671000.0,1292.72776077
2024-05-03 04:00:00,84670000.0,84690000.0,83721000.0,83826000.0,737.18169962
2024-05-03 08:00:00,83850000.0,84506000.0,83473000.0,84011000.0,722.48625316
2024-05-03 12:00:00,84013000.0,88089000.0,83569000.0,87098000.0,3249.35861296
2024-05-03 16:00:00,87001000.0,87634000.0,86828000.0,87620000.0,353.09986008
2024-05-03 20:00:00,87634000.0,89821000.0,87550000.0,89291000.0,1685.39965371
2024-05-04 00:00:00,89291000.0,90080000.0,87910000.0,88509000.0,1545.16875838
2024-05-04 04:00:00,88508000.0,89600000.0,88493000.0,89032000.0,562.39093111
2024-05-04 08:00:00,89032000.0,91123000.0,89000000.0,90437000.0,1018.91258842
2024-05-04 12:00:00,90437000.0,90768000.0,89707000.0,90005000.0,672.76524478
2024-05-04 16:00:00,90004000.0,90570000.0,89615000.0,90502000.0,180.40719665
2024-05-04 20:00:00,90419000.0,90754000.0,89998000.0,90303000.0,228.44424183
2024-05-05 00:00:00,90303000.0,90759000.0,88331000.0,88993000.0,1064.2125409
2024-05-05 04:00:00,89000000.0,90233000.0,88980000.0,89929000.0,328.83409599
2024-05-05 08:00:00,89878000.0,90116000.0,89526000.0,89972000.0,273.6143935
2024-05-05 12:00:00,89972000.0,90700000.0,89800000.0,90563000.0,530.65845613
2024-05-05 16:00:00,90563000.0,90672000.0,89940000.0,90086000.0,157.5564171
2024-05-05 20:00:00,90019000.0,90400000.0,89574000.0,90061000.0,195.86228041
2024-05-06 00:00:00,90100000.0,90490000.0,89777000.0,90079000.0,383.53536622
2024-05-06 04:00:00,90001000.0,90400000.0,89901000.0,90400000.0,363.92777151
2024-05-06 08:00:00,90399000.0,91681000.0,89900000.0,90424000.0,1448.56029722
2024-05-06 12:00:00,90424000.0,90515000.0,88660000.0,89411000.0,1162.15098637
2024-05-06 16:00:00,89411000.0,89535000.0,88500000.0,89119000.0,343.72100537
2024-05-06 20:00:00,89058000.0,89700000.0,88780000.0,88804000.0,284.26915569
2024-05-07 00:00:00,88780000.0,89995000.0,88365000.0,89012000.0,628.56845042
2024-05-07 04:00:00,89012000.0,89850000.0,88800000.0,89307000.0,341.83715115
2024-05-07 08:00:00,89314000.0,90157000.0,89150000.0,89297000.0,502.31527392
2024-05-07 12:00:00,89299000.0,89922000.0,88700000.0,89407000.0,477.64114218
2024-05-07 16:00:00,89407000.0,89557000.0,88592000.0,88835000.0,184.27951295
2024-05-07 20:00:00,88946000.0,89000000.0,87500000.0,87595000.0,782.16223838
2024-05-08 00:00:00,87595000.0,88566000.0,87500000.0,88395000.0,481.59673037
2024-05-08 04:00:00,88397000.0,88457000.0,87111000.0,87198000.0,641.64487957
2024-05-08 08:00:00,87198000.0,87682000.0,87000000.0,87293000.0,550.912511
2024-05-08 12:00:00,87293000.0,88221000.0,86500000.0,87605000.0,906.7251184
2024-05-08 16:00:00,87605000.0,88107000.0,87111000.0,87207000.0,155.51123005
2024-05-08 20:00:00,87295000.0,87376000.0,85109000.0,85872000.0,1083.13728868
2024-05-09 00:00:00,85872000.0,86608000.0,85690000.0,86385000.0,497.76626537
2024-05-09 04:00:00,86381000.0,86450000.0,85638000.0,85651000.0,325.2863341
2024-05-09 08:00:00,85651000.0,85935000.0,85020000.0,85565000.0,563.39500865
2024-05-09 12:00:00,85565000.0,87000000.0,85260000.0,86856000.0,725.15604904
2024-05-09 16:00:00,86771000.0,87559000.0,86362000.0,87113000.0,376.29748681
2024-05-09 20:00:00,87130000.0,88500000.0,87000000.0,88116000.0,608.90819962
2024-05-10 00:00:00,88116000.0,88249000.0,87490000.0,87894000.0,449.3205874
2024-05-10 04:00:00,87890000.0,88243000.0,87267000.0,87920000.0,430.97432542
2024-05-10 08:00:00,87920000.0,88249000.0,87580000.0,88240000.0,300.47861104
2024-05-10 12:00:00,88241000.0,88480000.0,85330000.0,85863000.0,1225.42322755
2024-05-10 16:00:00,85856000.0,86307000.0,85120000.0,85811000.0,561.52489835
2024-05-10 20:00:00,85775000.0,86350000.0,85449000.0,85842000.0,310.13557916
2024-05-11 00:00:00,85842000.0,86140000.0,85416000.0,85420000.0,321.5308709
2024-05-11 04:00:00,85420000.0,85850000.0,85400000.0,85820000.0,188.79347965
2024-05-11 08:00:00,85820000.0,85885000.0,85209000.0,85448000.0,236.77976561
2024-05-11 12:00:00,85448000.0,86500000.0,85376000.0,86112000.0,342.78946687
2024-05-11 16:00:00,86180000.0,86295000.0,85714000.0,86103000.0,100.56592035
2024-05-11 20:00:00,86103000.0,86211000.0,85637000.0,85791000.0,109.32198955
2024-05-12 00:00:00,85791000.0,86079000.0,85735000.0,85973000.0,134.73232766
2024-05-12 04:00:00,85973000.0,86105000.0,85618000.0,85805000.0,180.18179146
2024-05-12 08:00:00,85840000.0,86525000.0,85780000.0,86282000.0,218.56791279
2024-05-12 12:00:00,86283000.0,86599000.0,86051000.0,86379000.0,182.39792643
2024-05-12 16:00:00,86379000.0,86978000.0,86250000.0,86581000.0,145.53517161
2024-05-12 20:00:00,86580000.0,86667000.0,86100000.0,86521000.0,181.40858157
2024-05-13 00:00:00,86521000.0,87000000.0,85500000.0,85983000.0,581.37504772
2024-05-13 04:00:00,85983000.0,87516000.0,85410000.0,87288000.0,533.48339046
2024-05-13 08:00:00,87299000.0,88485000.0,87150000.0,87802000.0,1093.09760737
2024-05-13 12:00:00,87802000.0,88204000.0,87400000.0,87949000.0,448.021563
2024-05-13 16:00:00,87949000.0,88463000.0,87411000.0,88184000.0,262.24301895
2024-05-13 20:00:00,88126000.0,88185000.0,87561000.0,87928000.0,167.68637812
2024-05-14 00:00:00,87934000.0,88225000.0,87225000.0,87314000.0,506.48879451
2024-05-14 04:00:00,87314000.0,87647000.0,86198000.0,86740000.0,565.24774582
2024-05-14 08:00:00,86716000.0,86739000.0,86250000.0,86503000.0,339.73390429
2024-05-14 12:00:00,86506000.0,87250000.0,85801000.0,86601000.0,880.96648898
2024-05-14 16:00:00,86601000.0,86699000.0,85900000.0,86252000.0,285.15548677
2024-05-14 20:00:00,86297000.0,86710000.0,86229000.0,86500000.0,179.21915817
2024-05-15 00:00:00,86524000.0,87043000.0,86200000.0,86898000.0,287.83880275
2024-05-15 04:00:00,86900000.0,87280000.0,86575000.0,87127000.0,210.29731217
2024-05-15 08:00:00,87128000.0,88000000.0,86827000.0,87626000.0,510.53631226
2024-05-15 12:00:00,87600000.0,91067000.0,87495000.0,90738000.0,2821.69927459
2024-05-15 16:00:00,90738000.0,92444000.0,90530000.0,91863000.0,674.26845467
2024-05-15 20:00:00,91816000.0,92340000.0,91312000.0,92111000.0,768.14636963
2024-05-16 00:00:00,92111000.0,92860000.0,91089000.0,91380000.0,981.71300808
2024-05-16 04:00:00,91380000.0,91821000.0,90700000.0,91559000.0,591.14255232
2024-05-16 08:00:00,91511000.0,92401000.0,91455000.0,92340000.0,440.0409355
2024-05-16 12:00:00,92305000.0,92820000.0,91110000.0,91484000.0,878.70571494
2024-05-16 16:00:00,91484000.0,91545000.0,90250000.0,90700000.0,507.34274276
2024-05-16 20:00:00,90700000.0,91224000.0,90450000.0,90800000.0,258.28389289
2024-05-17 00:00:00,90839000.0,91533000.0,90700000.0,91150000.0,368.61169853
2024-05-17 04:00:00,91150000.0,92100000.0,90828000.0,91984000.0,499.65806071
2024-05-17 08:00:00,91954000.0,92117000.0,91555000.0,91729000.0,457.60652108
2024-05-17 12:00:00,91729000.0,93123000.0,91336000.0,92862000.0,827.86376363
2024-05-17 16:00:00,92853000.0,92999000.0,91876000.0,92796000.0,310.01241632
2024-05-17 20:00:00,92814000.0,92850000.0,92048000.0,92646000.0,250.06687123
2024-05-18 00:00:00,92632000.0,92899000.0,92337000.0,92797000.0,388.20733258
2024-05-18 04:00:00,92790000.0,93048000.0,92530000.0,92715000.0,329.92902738
2024-05-18 08:00:00,92715000.0,93500000.0,92636000.0,93290000.0,503.74316685
2024-05-18 12:00:00,93290000.0,93355000.0,92649000.0,92848000.0,402.27723862
2024-05-18 16:00:00,92848000.0,93069000.0,92708000.0,93050000.0,81.89527216
2024-05-18 20:00:00,93069000.0,93220000.0,92915000.0,93066000.0,115.27511288
2024-05-19 00:00:00,93066000.0,93368000.0,92803000.0,93185000.0,245.4301053
2024-05-19 04:00:00,93237000.0,93411000.0,93031000.0,93410000.0,197.34415739
2024-05-19 08:00:00,93410000.0,93990000.0,93235000.0,93600000.0,523.33514136
2024-05-19 12:00:00,93601000.0,93603000.0,92183000.0,92910000.0,891.26522962
2024-05-19 16:00:00,92910000.0,93082000.0,91843000.0,92005000.0,235.08918348
2024-05-19 20:00:00,92058000.0,92480000.0,91870000.0,92185000.0,243.38466817
2024-05-20 00:00:00,92185000.0,92537000.0,91931000.0,92281000.0,419.75497015
2024-05-20 04:00:00,92281000.0,93099000.0,92159000.0,92619000.0,437.6584165
2024-05-20 08:00:00,92619000.0,93115000.0,92450000.0,92814000.0,332.21789548
2024-05-20 12:00:00,92814000.0,93370000.0,92555000.0,93327000.0,364.65101349
2024-05-20 16:00:00,93329000.0,96000000.0,93300000.0,96000000.0,1061.64768113
2024-05-20 20:00:00,95999000.0,97264000.0,94515000.0,97260000.0,1797.25618865
2024-05-21 00:00:00,97260000.0,98000000.0,96200000.0,97660000.0,1591.10420985
2024-05-21 04:00:00,97660000.0,97664000.0,96950000.0,97003000.0,498.79131713
2024-05-21 08:00:00,97003000.0,98000000.0,97000000.0,97766000.0,623.60834554
2024-05-21 12:00:00,97766000.0,98150000.0,96200000.0,96308000.0,1054.26354299
2024-05-21 16:00:00,96307000.0,96677000.0,95571000.0,95601000.0,427.68946538
2024-05-21 20:00:00,95606000.0,97020000.0,95583000.0,96700000.0,414.29962357
2024-05-22 00:00:00,96717000.0,96999000.0,95911000.0,95965000.0,446.16106456
2024-05-22 04:00:00,95966000.0,96050000.0,94640000.0,95458000.0,745.9704443
2024-05-22 08:00:00,95458000.0,96575000.0,95350000.0,96048000.0,361.25151128
2024-05-22 12:00:00,96049000.0,96999000.0,95283000.0,96770000.0,651.10191484
2024-05-22 16:00:00,96818000.0,96970000.0,95536000.0,95985000.0,258.05648124
2024-05-22 20:00:00,95920000.0,96348000.0,95200000.0,95421000.0,337.2601536
2024-05-23 00:00:00,95421000.0,96100000.0,95394000.0,95500000.0,340.83747403
2024-05-23 04:00:00,95500000.0,96190000.0,95485000.0,96020000.0,358.35951098
2024-05-23 08:00:00,96069000.0,96881000.0,96001000.0,96623000.0,452.21641979
2024-05-23 12:00:00,96624000.0,96700000.0,93772000.0,94566000.0,1534.14793731
2024-05-23 16:00:00,94566000.0,94633000.0,93100000.0,93431000.0,539.91353415
2024-05-23 20:00:00,93436000.0,95320000.0,93000000.0,94900000.0,1170.65948564
2024-05-24 00:00:00,94897000.0,94969000.0,94260000.0,94693000.0,443.69480424
2024-05-24 04:00:00,94693000.0,94758000.0,93586000.0,94029000.0,620.35832745
2024-05-24 08:00:00,94021000.0,94471000.0,93300000.0,94111000.0,382.86701354
2024-05-24 12:00:00,94111000.0,95330000.0,93522000.0,95199000.0,478.9075022
2024-05-24 16:00:00,95199000.0,96160000.0,94856000.0,96001000.0,331.7998935
2024-05-24 20:00:00,95950000.0,96098000.0,95197000.0,95214000.0,232.3142922
2024-05-25 00:00:00,95214000.0,95882000.0,95192000.0,95646000.0,280.53911973
2024-05-25 04:00:00,95646000.0,95755000.0,95300000.0,95663000.0,202.69512833
2024-05-25 08:00:00,95663000.0,96598000.0,95663000.0,96138000.0,441.12930459
2024-05-25 12:00:00,96138000.0,96500000.0,95720000.0,95818000.0,332.15753251
2024-05-25 16:00:00,95825000.0,96317000.0,95740000.0,96107000.0,88.13453902
2024-05-25 20:00:00,96102000.0,96320000.0,95968000.0,96240000.0,108.2407893
2024-05-26 00:00:00,96240000.0,96391000.0,95816000.0,96038000.0,239.20979927
2024-05-26 04:00:00,96037000.0,96400000.0,95945000.0,96398000.0,225.57612142
2024-05-26 08:00:00,96398000.0,96590000.0,96095000.0,96149000.0,382.73282879
2024-05-26 12:00:00,96150000.0,96419000.0,95831000.0,96081000.0,332.22391731
2024-05-26 16:00:00,96082000.0,96273000.0,95882000.0,96143000.0,104.25863835
2024-05-26 20:00:00,96190000.0,96192000.0,95400000.0,95610000.0,299.8702779
2024-05-27 00:00:00,95634000.0,96318000.0,95551000.0,95790000.0,432.32754662
2024-05-27 04:00:00,95790000.0,95910000.0,95224000.0,95488000.0,480.16376828
2024-05-27 08:00:00,95488000.0,95705000.0,95050000.0,95198000.0,298.60553628
2024-05-27 12:00:00,95222000.0,97218000.0,95091000.0,97132000.0,808.52043742
2024-05-27 16:00:00,97133000.0,97360000.0,95908000.0,96110000.0,395.27298962
2024-05-27 20:00:00,96120000.0,96594000.0,95840000.0,96050000.0,252.59319741
2024-05-28 00:00:00,96050000.0,96119000.0,93907000.0,94313000.0,1041.91438884
2024-05-28 04:00:00,94312000.0,94520000.0,93654000.0,94046000.0,721.25060307
2024-05-28 08:00:00,94047000.0,95415000.0,93950000.0,94740000.0,529.78555994
2024-05-28 12:00:00,94740000.0,95000000.0,94000000.0,94864000.0,450.6506752
2024-05-28 16:00:00,94864000.0,95100000.0,93810000.0,94959000.0,246.94001125
2024-05-28 20:00:00,94957000.0,94987000.0,94503000.0,94600000.0,186.42196503
2024-05-29 00:00:00,94654000.0,95232000.0,94510000.0,95073000.0,381.00959385
2024-05-29 04:00:00,95070000.0,95150000.0,94120000.0,94137000.0,369.09735495
2024-05-29 08:00:00,94137000.0,94782000.0,93801000.0,93842000.0,841.29923408
2024-05-29 12:00:00,93845000.0,94470000.0,93600000.0,93604000.0,467.18511532
2024-05-29 16:00:00,93604000.0,94050000.0,93440000.0,93570000.0,216.59658587
2024-05-29 20:00:00,93570000.0,94145000.0,93443000.0,93910000.0,200.00000376
2024-05-30 00:00:00,93910000.0,94460000.0,93620000.0,94323000.0,325.87631643
2024-05-30 04:00:00,94323000.0,94750000.0,93897000.0,94167000.0,702.36173349
2024-05-30 08:00:00,94167000.0,94693000.0,93863000.0,94281000.0,508.48151872
2024-05-30 12:00:00,94343000.0,95500000.0,94278000.0,95142000.0,629.35144888
2024-05-30 16:00:00,95131000.0,96120000.0,94993000.0,95260000.0,323.7770305
2024-05-30 20:00:00,95219000.0,95260000.0,94671000.0,94943000.0,213.9381639
2024-05-31 00:00:00,95000000.0,95550000.0,94778000.0,95229000.0,332.97772827
2024-05-31 04:00:00,95204000.0,95338000.0,94921000.0,95067000.0,232.27920483
2024-05-31 08:00:00,95067000.0,95313000.0,94456000.0,95152000.0,385.43558117
2024-05-31 12:00:00,95153000.0,96000000.0,94034000.0,94125000.0,803.38276687
2024-05-31 16:00:00,94139000.0,94920000.0,93700000.0,94614000.0,312.58573546
2024-05-31 20:00:00,94654000.0,94757000.0,94200000.0,94505000.0,136.56230873
2024-06-01 00:00:00,94504000.0,94700000.0,94361000.0,94640000.0,163.01254357
2024-06-01 04:00:00,94630000.0,94688000.0,94417000.0,94655000.0,114.97402546
2024-06-01 08:00:00,94617000.0,94702000.0,94578000.0,94624000.0,93.22697398
2024-06-01 12:00:00,94625000.0,94850000.0,94607000.0,94660000.0,117.74342699
2024-06-01 16:00:00,94660000.0,94800000.0,94586000.0,94704000.0,42.99677224
2024-06-01 20:00:00,94704000.0,94794000.0,94615000.0,94720000.0,88.2966088
2024-06-02 00:00:00,94762000.0,94954000.0,94594000.0,94745000.0,158.93860227
2024-06-02 04:00:00,94744000.0,95001000.0,94671000.0,94927000.0,156.51497432
2024-06-02 08:00:00,94935000.0,95626000.0,94500000.0,95486000.0,301.63007948
2024-06-02 12:00:00,95485000.0,95618000.0,94958000.0,95289000.0,268.08646296
2024-06-02 16:00:00,95288000.0,95480000.0,94667000.0,95168000.0,125.8450988
2024-06-02 20:00:00,95122000.0,95299000.0,94961000.0,95000000.0,102.84460883
2024-06-03 00:00:00,95000000.0,95931000.0,94825000.0,95454000.0,423.4844307
2024-06-03 04:00:00,95454000.0,96107000.0,95342000.0,95802000.0,438.17279497
2024-06-03 08:00:00,95801000.0,96250000.0,95801000.0,96117000.0,352.42717906
2024-06-03 12:00:00,96117000.0,97358000.0,95657000.0,96776000.0,1201.8638275
2024-06-03 16:00:00,96776000.0,96855000.0,95950000.0,96354000.0,129.82220594
2024-06-03 20:00:00,96335000.0,96700000.0,95930000.0,95994000.0,233.70641021
2024-06-04 00:00:00,95994000.0,96337000.0,95780000.0,96162000.0,282.37968481
2024-06-04 04:00:00,96162000.0,96355000.0,95755000.0,96110000.0,306.24566222
2024-06-04 08:00:00,96110000.0,96250000.0,95520000.0,95889000.0,314.62147359
2024-06-04 12:00:00,95889000.0,97350000.0,95803000.0,97350000.0,822.15333432
2024-06-04 16:00:00,97349000.0,97927000.0,97049000.0,97378000.0,632.65914913
2024-06-04 20:00:00,97378000.0,97777000.0,97080000.0,97500000.0,341.24600889
2024-06-05 00:00:00,97490000.0,98262000.0,97280000.0,97997000.0,742.94139336
2024-06-05 04:00:00,97997000.0,98500000.0,97904000.0,98446000.0,431.1594903
2024-06-05 08:00:00,98426000.0,98476000.0,98035000.0,98306000.0,323.86189148
2024-06-05 12:00:00,98307000.0,98989000.0,97622000.0,98903000.0,723.94938263
2024-06-05 16:00:00,98901000.0,98963000.0,98100000.0,98521000.0,272.02635954
2024-06-05 20:00:00,98519000.0,98595000.0,98120000.0,98385000.0,215.06617361
2024-06-06 00:00:00,98385000.0,98582000.0,98190000.0,98210000.0,316.48703375
2024-06-06 04:00:00,98209000.0,98471000.0,98110000.0,98467000.0,328.44355014
2024-06-06 08:00:00,98466000.0,98600000.0,98226000.0,98588000.0,215.28088976
2024-06-06 12:00:00,98595000.0,99400000.0,98588000.0,99081000.0,801.95913109
2024-06-06 16:00:00,99080000.0,99173000.0,98226000.0,98230000.0,254.68352645
2024-06-06 20:00:00,98226000.0,98635000.0,98009000.0,98334000.0,309.68571368
2024-06-07 00:00:00,98321000.0,98551000.0,98226000.0,98430000.0,275.35882374
2024-06-07 04:00:00,98430000.0,98941000.0,98430000.0,98688000.0,328.89853918
2024-06-07 08:00:00,98688000.0,99444000.0,98530000.0,99441000.0,383.16813323
2024-06-07 12:00:00,99442000.0,99650000.0,98457000.0,99026000.0,992.3435175
2024-06-07 16:00:00,99026000.0,99045000.0,97219000.0,97731000.0,1015.24037578
2024-06-07 20:00:00,97731000.0,98180000.0,97400000.0,97919000.0,324.12255945
2024-06-08 00:00:00,97919000.0,98152000.0,97750000.0,98008000.0,266.51003835
2024-06-08 04:00:00,98006000.0,98074000.0,97790000.0,98004000.0,198.96688935
2024-06-08 08:00:00,98004000.0,98114000.0,97848000.0,97870000.0,188.30322142
2024-06-08 12:00:00,97870000.0,98102000.0,97800000.0,97980000.0,216.13641807
2024-06-08 16:00:00,97960000.0,98115000.0,97912000.0,98096000.0,76.42402249
2024-06-08 20:00:00,98076000.0,98278000.0,98000000.0,98125000.0,137.29394179
2024-06-09 00:00:00,98137000.0,98221000.0,97800000.0,97939000.0,196.19375306
2024-06-09 04:00:00,97947000.0,98012000.0,97800000.0,97845000.0,134.00981233
2024-06-09 08:00:00,97846000.0,97947000.0,97797000.0,97812000.0,138.35792824
2024-06-09 12:00:00,97812000.0,98221000.0,97710000.0,98006000.0,244.88906527
2024-06-09 16:00:00,98006000.0,98400000.0,98000000.0,98188000.0,92.99444628
2024-06-09 20:00:00,98123000.0,98220000.0,97941000.0,97983000.0,96.60084943
2024-06-10 00:00:00,97983000.0,98031000.0,97600000.0,97840000.0,208.15329725
2024-06-10 04:00:00,97840000.0,97863000.0,97010000.0,97043000.0,402.72079611
2024-06-10 08:00:00,97013000.0,97470000.0,97000000.0,97325000.0,291.50069862
2024-06-10 12:00:00,97313000.0,97999000.0,96980000.0,97827000.0,360.46348439
2024-06-10 16:00:00,97813000.0,97900000.0,97183000.0,97245000.0,98.02034508
2024-06-10 20:00:00,97329000.0,97581000.0,97145000.0,97276000.0,130.44999982
2024-06-11 00:00:00,97279000.0,97350000.0,95501000.0,96010000.0,883.69943872
2024-06-11 04:00:00,96011000.0,96017000.0,94751000.0,94988000.0,839.44529637
2024-06-11 08:00:00,94988000.0,95076000.0,93825000.0,94100000.0,941.93668788
2024-06-11 12:00:00,94100000.0,94953000.0,93821000.0,93900000.0,649.94281401
2024-06-11 16:00:00,93890000.0,95450000.0,93850000.0,95378000.0,274.07706766
2024-06-11 20:00:00,95370000.0,95802000.0,95050000.0,95329000.0,300.35108936
2024-06-12 00:00:00,95329000.0,95519000.0,94502000.0,95012000.0,395.64991354
2024-06-12 04:00:00,94999000.0,95475000.0,94681000.0,95055000.0,307.56567767
2024-06-12 08:00:00,95055000.0,96116000.0,94946000.0,95734000.0,377.71805627
2024-06-12 12:00:00,95734000.0,98204000.0,95645000.0,97689000.0,1329.28275089
2024-06-12 16:00:00,97688000.0,97914000.0,94800000.0,95271000.0,624.47909394
2024-06-12 20:00:00,95289000.0,96700000.0,95096000.0,95934000.0,360.84408295
2024-06-13 00:00:00,95934000.0,96214000.0,94800000.0,95292000.0,485.2430692
2024-06-13 04:00:00,95292000.0,95600000.0,94900000.0,95525000.0,297.72600156
2024-06-13 08:00:00,95525000.0,95640000.0,94870000.0,95418000.0,295.05109596
2024-06-13 12:00:00,95426000.0,96356000.0,94200000.0,94279000.0,711.6389552
2024-06-13 16:00:00,94274000.0,94945000.0,94107000.0,94409000.0,197.49777174
2024-06-13 20:00:00,94404000.0,95099000.0,94350000.0,94614000.0,174.00291855
2024-06-14 00:00:00,94614000.0,94980000.0,94284000.0,94631000.0,320.07337426
2024-06-14 04:00:00,94631000.0,94995000.0,94500000.0,94821000.0,253.75279298
2024-06-14 08:00:00,94820000.0,95118000.0,94600000.0,94828000.0,219.41681052
2024-06-14 12:00:00,94828000.0,95202000.0,94218000.0,94303000.0,336.11808601
2024-06-14 16:00:00,94303000.0,94500000.0,93001000.0,93366000.0,836.54486819
2024-06-14 20:00:00,93378000.0,94743000.0,93326000.0,93978000.0,266.42391809
2024-06-15 00:00:00,93979000.0,94268000.0,93848000.0,93964000.0,220.78282122
2024-06-15 04:00:00,93964000.0,94109000.0,93620000.0,93641000.0,188.73545521
2024-06-15 08:00:00,93635000.0,93933000.0,93630000.0,93915000.0,130.63170258
2024-06-15 12:00:00,93915000.0,93994000.0,93716000.0,93851000.0,179.01055101
2024-06-15 16:00:00,93851000.0,93994000.0,93735000.0,93735000.0,63.35304828
2024-06-15 20:00:00,93736000.0,93994000.0,93546000.0,93910000.0,123.90460804
2024-06-16 00:00:00,93913000.0,93995000.0,93770000.0,93771000.0,114.51243834
2024-06-16 04:00:00,93770000.0,93926000.0,93611000.0,93857000.0,123.57747142
2024-06-16 08:00:00,93895000.0,94500000.0,93787000.0,94180000.0,221.33010523
2024-06-16 12:00:00,94180000.0,94597000.0,94178000.0,94450000.0,181.91026255
2024-06-16 16:00:00,94451000.0,94550000.0,94248000.0,94310000.0,56.7642869
2024-06-16 20:00:00,94310000.0,94708000.0,94070000.0,94219000.0,143.80955764
2024-06-17 00:00:00,94219000.0,94442000.0,93149000.0,93149000.0,603.43195898
2024-06-17 04:00:00,93150000.0,93597000.0,93000000.0,93099000.0,397.36445516
2024-06-17 08:00:00,93100000.0,93217000.0,92000000.0,92585000.0,846.01769028
2024-06-17 12:00:00,92585000.0,92585000.0,91559000.0,91910000.0,838.23322684
2024-06-17 16:00:00,91960000.0,94366000.0,91856000.0,93619000.0,383.51095461
2024-06-17 20:00:00,93619000.0,93940000.0,93053000.0,93588000.0,238.30159154
2024-06-18 00:00:00,93589000.0,93699000.0,91235000.0,92299000.0,1031.04881841
2024-06-18 04:00:00,92299000.0,92740000.0,92000000.0,92631000.0,326.64570827
2024-06-18 08:00:00,92638000.0,92728000.0,91900000.0,92189000.0,236.38057652
2024-06-18 12:00:00,92199000.0,92236000.0,91005000.0,91429000.0,750.11125386
2024-06-18 16:00:00,91460000.0,91580000.0,90638000.0,91078000.0,397.27394481
2024-06-18 20:00:00,91145000.0,92042000.0,90759000.0,91649000.0,343.01626735
2024-06-19 00:00:00,91649000.0,92550000.0,91170000.0,92427000.0,700.41532137
2024-06-19 04:00:00,92395000.0,92727000.0,91970000.0,91999000.0,296.03806243
2024-06-19 08:00:00,92021000.0,92350000.0,91600000.0,91916000.0,264.18859698
2024-06-19 12:00:00,91914000.0,92000000.0,91500000.0,91570000.0,207.43033604
2024-06-19 16:00:00,91570000.0,91916000.0,91452000.0,91502000.0,86.73745764
2024-06-19 20:00:00,91500000.0,91800000.0,91336000.0,91555000.0,156.3077138
2024-06-20 00:00:00,91549000.0,92200000.0,91518000.0,91899000.0,249.85043906
2024-06-20 04:00:00,91899000.0,92836000.0,91782000.0,92712000.0,381.50783118
2024-06-20 08:00:00,92714000.0,93581000.0,92460000.0,93183000.0,381.97895681
2024-06-20 12:00:00,93186000.0,93420000.0,91600000.0,91770000.0,661.00587399
2024-06-20 16:00:00,91730000.0,92000000.0,91500000.0,91871000.0,184.76148674
2024-06-20 20:00:00,91870000.0,92199000.0,91753000.0,91780000.0,130.04539776
2024-06-21 00:00:00,91779000.0,92031000.0,91130000.0,91303000.0,321.91394983
2024-06-21 04:00:00,91303000.0,91388000.0,90700000.0,90700000.0,390.06082894
2024-06-21 08:00:00,90701000.0,90747000.0,89775000.0,89946000.0,1079.79706616
2024-06-21 12:00:00,89946000.0,90679000.0,89501000.0,90012000.0,636.25028601
2024-06-21 16:00:00,90012000.0,90600000.0,89713000.0,90579000.0,152.66059493
2024-06-21 20:00:00,90598000.0,90798000.0,90075000.0,90308000.0,133.03850329
2024-06-22 00:00:00,90308000.0,90810000.0,90141000.0,90770000.0,181.35194598
2024-06-22 04:00:00,90770000.0,91070000.0,90621000.0,91054000.0,150.19363442
2024-06-22 08:00:00,91056000.0,91086000.0,90647000.0,90786000.0,117.07660221
2024-06-22 12:00:00,90785000.0,90980000.0,90751000.0,90966000.0,104.71982409
2024-06-22 16:00:00,90966000.0,91001000.0,90873000.0,90873000.0,52.2120069
2024-06-22 20:00:00,90897000.0,90963000.0,90800000.0,90874000.0,42.96061164
2024-06-23 00:00:00,90874000.0,91382000.0,90827000.0,91015000.0,144.69744609
2024-06-23 04:00:00,91014000.0,91031000.0,90810000.0,90913000.0,69.68201211
2024-06-23 08:00:00,90928000.0,91030000.0,90675000.0,90790000.0,100.13227318
2024-06-23 12:00:00,90783000.0,90936000.0,90392000.0,90475000.0,166.15068718
2024-06-23 16:00:00,90475000.0,90765000.0,90313000.0,90652000.0,58.10891907
2024-06-23 20:00:00,90652000.0,90766000.0,89033000.0,89046000.0,537.96656064
2024-06-24 00:00:00,89100000.0,89441000.0,88530000.0,88543000.0,838.82883245
2024-06-24 04:00:00,88542000.0,88639000.0,87480000.0,87999000.0,1130.022425
2024-06-24 08:00:00,87999000.0,88846000.0,85800000.0,86600000.0,1810.40928569
2024-06-24 12:00:00,86605000.0,87086000.0,85750000.0,85796000.0,958.60788858
2024-06-24 16:00:00,85900000.0,86110000.0,83800000.0,84000000.0,1237.15874761
2024-06-24 20:00:00,84002000.0,85689000.0,83101000.0,85496000.0,1459.80208477
2024-06-25 00:00:00,85495000.0,87331000.0,85032000.0,86716000.0,1042.27244732
2024-06-25 04:00:00,86716000.0,86885000.0,85355000.0,85460000.0,651.55868937
2024-06-25 08:00:00,85460000.0,86821000.0,85460000.0,86350000.0,475.55137007
2024-06-25 12:00:00,86350000.0,87548000.0,86101000.0,87325000.0,590.78487207
2024-06-25 16:00:00,87323000.0,87950000.0,86503000.0,87604000.0,250.68977977
2024-06-25 20:00:00,87570000.0,87981000.0,87110000.0,87450000.0,348.21169244
2024-06-26 00:00:00,87463000.0,88356000.0,87150000.0,87502000.0,423.73071948
2024-06-26 04:00:00,87501000.0,87620000.0,86675000.0,87148000.0,336.01473206
2024-06-26 08:00:00,87134000.0,87148000.0,86151000.0,86681000.0,341.1256533
2024-06-26 12:00:00,86681000.0,87495000.0,86499000.0,86945000.0,388.86239029
2024-06-26 16:00:00,86881000.0,87047000.0,86001000.0,86330000.0,192.17953456
2024-06-26 20:00:00,86330000.0,86435000.0,85930000.0,86027000.0,276.95349475
2024-06-27 00:00:00,86092000.0,86500000.0,85883000.0,86217000.0,261.20954984
2024-06-27 04:00:00,86217000.0,86365000.0,85396000.0,85715000.0,397.66031404
2024-06-27 08:00:00,85715000.0,86550000.0,85553000.0,86200000.0,229.32245523
2024-06-27 12:00:00,86200000.0,87957000.0,86149000.0,86722000.0,681.0220693
2024-06-27 16:00:00,86742000.0,87370000.0,86672000.0,86680000.0,146.94724746
2024-06-27 20:00:00,86672000.0,86949000.0,86607000.0,86884000.0,163.20927971
2024-06-28 00:00:00,86875000.0,87510000.0,86630000.0,86866000.0,334.67080097
2024-06-28 04:00:00,86866000.0,86886000.0,86000000.0,86151000.0,331.92257274
2024-06-28 08:00:00,86151000.0,86805000.0,86000000.0,86603000.0,229.57499763
2024-06-28 12:00:00,86584000.0,87000000.0,85549000.0,85852000.0,546.38096838
2024-06-28 16:00:00,85850000.0,85900000.0,84811000.0,84811000.0,394.29753541
2024-06-28 20:00:00,84815000.0,85243000.0,84740000.0,85158000.0,275.46078759
2024-06-29 00:00:00,85157000.0,85854000.0,85102000.0,85504000.0,235.69676566
2024-06-29 04:00:00,85504000.0,85914000.0,85370000.0,85752000.0,167.46754511
2024-06-29 08:00:00,85752000.0,86000000.0,85551000.0,85970000.0,127.32459278
2024-06-29 12:00:00,85969000.0,85970000.0,85650000.0,85875000.0,108.75270261
2024-06-29 16:00:00,85881000.0,85955000.0,85663000.0,85892000.0,42.25136239
2024-06-29 20:00:00,85944000.0,85968000.0,85698000.0,85765000.0,68.80550789
2024-06-30 00:00:00,85765000.0,85893000.0,85370000.0,85600000.0,179.34397351
2024-06-30 04:00:00,85600000.0,86779000.0,85440000.0,86482000.0,317.67761268
2024-06-30 08:00:00,86482000.0,86751000.0,86218000.0,86587000.0,178.66015003
2024-06-30 12:00:00,86600000.0,86889000.0,86216000.0,86680000.0,170.76740005
2024-06-30 16:00:00,86680000.0,86685000.0,86480000.0,86581000.0,19.35654338
2024-06-30 20:00:00,86581000.0,88490000.0,86572000.0,87920000.0,542.03176219
2024-07-01 00:00:00,87920000.0,89644000.0,87609000.0,88903000.0,875.07963272
2024-07-01 04:00:00,88904000.0,89115000.0,88661000.0,88746000.0,227.92816505
2024-07-01 08:00:00,88723000.0,88800000.0,87650000.0,87770000.0,380.5423796
2024-07-01 12:00:00,87740000.0,88631000.0,87702000.0,88624000.0,295.22594969
2024-07-01 16:00:00,88625000.0,89500000.0,88418000.0,88846000.0,193.94435075
2024-07-01 20:00:00,88845000.0,89122000.0,88200000.0,88253000.0,147.75730455
2024-07-02 00:00:00,88259000.0,88847000.0,88143000.0,88703000.0,223.80385207
2024-07-02 04:00:00,88744000.0,88845000.0,87870000.0,87909000.0,247.98441057
2024-07-02 08:00:00,87909000.0,88226000.0,87600000.0,88169000.0,224.29479339
2024-07-02 12:00:00,88154000.0,88500000.0,86987000.0,87157000.0,558.44137277
2024-07-02 16:00:00,87180000.0,87629000.0,87012000.0,87058000.0,111.69731216
2024-07-02 20:00:00,87115000.0,87461000.0,87030000.0,87248000.0,158.91063053
2024-07-03 00:00:00,87270000.0,87623000.0,85632000.0,86049000.0,630.22375208
2024-07-03 04:00:00,86044000.0,86271000.0,85769000.0,85875000.0,307.83967767
2024-07-03 08:00:00,85863000.0,86050000.0,84576000.0,85350000.0,895.27453971
2024-07-03 12:00:00,85358000.0,85800000.0,84579000.0,85181000.0,510.27807661
2024-07-03 16:00:00,85200000.0,85790000.0,84701000.0,84701000.0,160.69869354
2024-07-03 20:00:00,84704000.0,85644000.0,84508000.0,85331000.0,319.66143506
2024-07-04 00:00:00,85331000.0,85592000.0,83000000.0,83793000.0,1467.03575246
2024-07-04 04:00:00,83793000.0,83801000.0,82541000.0,82588000.0,872.09156756
2024-07-04 08:00:00,82582000.0,83000000.0,81243000.0,82195000.0,1729.13345704
2024-07-04 12:00:00,82195000.0,83101000.0,81207000.0,82831000.0,1095.32336807
2024-07-04 16:00:00,82861000.0,83918000.0,82418000.0,83270000.0,363.71471171
2024-07-04 20:00:00,83269000.0,84064000.0,81500000.0,81680000.0,623.98879284
2024-07-05 00:00:00,81680000.0,82544000.0,78800000.0,78801000.0,3108.2966167
2024-07-05 04:00:00,78801000.0,79180000.0,77335000.0,77988000.0,3087.28898148
2024-07-05 08:00:00,77990000.0,80196000.0,77450000.0,79996000.0,1479.5183932
2024-07-05 12:00:00,79996000.0,81176000.0,78556000.0,80996000.0,1287.78231984
2024-07-05 16:00:00,81005000.0,81424000.0,79768000.0,80448000.0,439.9163683
2024-07-05 20:00:00,80451000.0,81290000.0,80193000.0,81118000.0,316.39399587
2024-07-06 00:00:00,81118000.0,81750000.0,80000000.0,80583000.0,720.40702113
2024-07-06 04:00:00,80563000.0,80873000.0,79938000.0,80764000.0,329.49220468
2024-07-06 08:00:00,80764000.0,81341000.0,80610000.0,80967000.0,284.37857173
2024-07-06 12:00:00,80973000.0,82048000.0,80549000.0,81958000.0,481.74522889
2024-07-06 16:00:00,81958000.0,82980000.0,81683000.0,82401000.0,465.0336541
2024-07-06 20:00:00,82402000.0,83202000.0,82319000.0,82826000.0,383.44299011
2024-07-07 00:00:00,82850000.0,82940000.0,82000000.0,82383000.0,501.69319079
2024-07-07 04:00:00,82382000.0,82391000.0,81000000.0,81348000.0,469.41045688
2024-07-07 08:00:00,81329000.0,82210000.0,81300000.0,81684000.0,235.56909051
2024-07-07 12:00:00,81665000.0,81850000.0,80500000.0,81010000.0,601.1586205
2024-07-07 16:00:00,81000000.0,81600000.0,80792000.0,81290000.0,106.35983542
2024-07-07 20:00:00,81335000.0,81599000.0,79280000.0,79397000.0,613.05611623
2024-07-08 00:00:00,79397000.0,80087000.0,77880000.0,78864000.0,1628.71609966
2024-07-08 04:00:00,78864000.0,79689000.0,78620000.0,79650000.0,543.15032804
2024-07-08 08:00:00,79650000.0,82700000.0,79513000.0,81139000.0,1383.60504742
2024-07-08 12:00:00,81181000.0,81729000.0,78800000.0,79382000.0,1060.55603428
2024-07-08 16:00:00,79413000.0,80400000.0,79056000.0,80351000.0,231.66754427
2024-07-08 20:00:00,80369000.0,80850000.0,79910000.0,80534000.0,247.07066067
2024-07-09 00:00:00,80499000.0,81400000.0,80000000.0,81158000.0,495.11767009
2024-07-09 04:00:00,81110000.0,81700000.0,80750000.0,80852000.0,445.71762949
2024-07-09 08:00:00,80877000.0,81819000.0,80739000.0,81463000.0,534.55481288
2024-07-09 12:00:00,81438000.0,82135000.0,80728000.0,81315000.0,613.14732133
2024-07-09 16:00:00,81315000.0,82300000.0,81166000.0,81888000.0,248.3889881
2024-07-09 20:00:00,81888000.0,82283000.0,81626000.0,82043000.0,210.69542386
2024-07-10 00:00:00,82043000.0,82230000.0,81351000.0,82211000.0,379.98895288
2024-07-10 04:00:00,82211000.0,83825000.0,82200000.0,83273000.0,989.93014463
2024-07-10 08:00:00,83273000.0,83400000.0,82501000.0,82688000.0,455.49319993
2024-07-10 12:00:00,82660000.0,82759000.0,81500000.0,81770000.0,678.69856988
2024-07-10 16:00:00,81770000.0,82096000.0,81358000.0,81400000.0,193.33543298
2024-07-10 20:00:00,81400000.0,82089000.0,81096000.0,81896000.0,230.03342467
2024-07-11 00:00:00,81926000.0,82525000.0,81071000.0,81579000.0,596.75942468
2024-07-11 04:00:00,81580000.0,82300000.0,81500000.0,82115000.0,242.72357906
2024-07-11 08:00:00,82115000.0,83097000.0,82000000.0,83020000.0,438.24278981
2024-07-11 12:00:00,82988000.0,83795000.0,81106000.0,81200000.0,1182.31930523
2024-07-11 16:00:00,81241000.0,81950000.0,81000000.0,81258000.0,179.30223174
2024-07-11 20:00:00,81225000.0,81563000.0,81000000.0,81070000.0,291.07997797
2024-07-12 00:00:00,81070000.0,81399000.0,80085000.0,80498000.0,613.21558316
2024-07-12 04:00:00,80498000.0,81115000.0,80250000.0,80729000.0,281.62887167
2024-07-12 08:00:00,80729000.0,81032000.0,80455000.0,80969000.0,252.60576473
2024-07-12 12:00:00,80933000.0,82082000.0,80760000.0,82000000.0,471.85219576
2024-07-12 16:00:00,82001000.0,82309000.0,81110000.0,81179000.0,212.97042563
2024-07-12 20:00:00,81133000.0,81663000.0,80700000.0,81540000.0,170.7799293
2024-07-13 00:00:00,81548000.0,81699000.0,81396000.0,81422000.0,178.71430609
2024-07-13 04:00:00,81422000.0,81981000.0,81300000.0,81814000.0,225.5021805
2024-07-13 08:00:00,81812000.0,82600000.0,81627000.0,82310000.0,363.6863754
2024-07-13 12:00:00,82310000.0,82709000.0,82159000.0,82567000.0,280.33793504
2024-07-13 16:00:00,82543000.0,82730000.0,82200000.0,82200000.0,116.77366304
2024-07-13 20:00:00,82200000.0,83700000.0,81938000.0,82901000.0,533.95256303
2024-07-14 00:00:00,82901000.0,83920000.0,82860000.0,83493000.0,590.17292076
2024-07-14 04:00:00,83493000.0,84901000.0,83370000.0,84501000.0,734.58803035
2024-07-14 08:00:00,84501000.0,84900000.0,84096000.0,84506000.0,414.61822418
2024-07-14 12:00:00,84501000.0,84555000.0,83544000.0,84417000.0,455.13665906
2024-07-14 16:00:00,84415000.0,84484000.0,84148000.0,84203000.0,92.25649261
2024-07-14 20:00:00,84203000.0,86000000.0,84166000.0,85430000.0,875.78972751
2024-07-15 00:00:00,85430000.0,88500000.0,85269000.0,88299000.0,1543.37000561
2024-07-15 04:00:00,88299000.0,88536000.0,87764000.0,88346000.0,713.28171529
2024-07-15 08:00:00,88347000.0,88725000.0,87250000.0,87572000.0,777.2471385
2024-07-15 12:00:00,87571000.0,88750000.0,87532000.0,88520000.0,562.94859402
2024-07-15 16:00:00,88504000.0,89442000.0,88369000.0,89059000.0,440.73002499
2024-07-15 20:00:00,89059000.0,91294000.0,88927000.0,91162000.0,1049.92728949
2024-07-16 00:00:00,91162000.0,91544000.0,90200000.0,90735000.0,1180.91864847
2024-07-16 04:00:00,90702000.0,91084000.0,87683000.0,87835000.0,2019.88758266
2024-07-16 08:00:00,87835000.0,89735000.0,87300000.0,89503000.0,1041.26553396
2024-07-16 12:00:00,89511000.0,90762000.0,88437000.0,90530000.0,1003.34028947
2024-07-16 16:00:00,90530000.0,91000000.0,89469000.0,90965000.0,416.58591996
2024-07-16 20:00:00,90990000.0,91113000.0,89500000.0,90807000.0,567.9028463
2024-07-17 00:00:00,90825000.0,92159000.0,90700000.0,91802000.0,1157.91480171
2024-07-17 04:00:00,91802000.0,91932000.0,90900000.0,90918000.0,553.16363966
2024-07-17 08:00:00,90917000.0,91242000.0,90001000.0,90252000.0,677.83997237
2024-07-17 12:00:00,90300000.0,91277000.0,90046000.0,90602000.0,587.89504057
2024-07-17 16:00:00,90544000.0,90678000.0,89510000.0,90221000.0,337.10884643
2024-07-17 20:00:00,90329000.0,90407000.0,89380000.0,89467000.0,376.94712802
2024-07-18 00:00:00,89464000.0,90930000.0,89049000.0,90475000.0,638.32789233
2024-07-18 04:00:00,90475000.0,90625000.0,89763000.0,90167000.0,332.75610833
2024-07-18 08:00:00,90167000.0,90548000.0,90102000.0,90499000.0,299.90898641
2024-07-18 12:00:00,90499000.0,91200000.0,89200000.0,89389000.0,837.00507084
2024-07-18 16:00:00,89332000.0,89950000.0,89084000.0,89400000.0,232.8912803
2024-07-18 20:00:00,89479000.0,90200000.0,89271000.0,89850000.0,230.27658285
2024-07-19 00:00:00,89850000.0,90120000.0,88675000.0,90090000.0,679.86717467
2024-07-19 04:00:00,90090000.0,90342000.0,89408000.0,89535000.0,323.4077954
2024-07-19 08:00:00,89534000.0,90100000.0,89240000.0,90078000.0,276.98084725
2024-07-19 12:00:00,90078000.0,92100000.0,89986000.0,91930000.0,1211.42757323
2024-07-19 16:00:00,91930000.0,94073000.0,91916000.0,93830000.0,1068.8888528
2024-07-19 20:00:00,93810000.0,94050000.0,92850000.0,93004000.0,656.18880387
2024-07-20 00:00:00,93004000.0,93555000.0,92736000.0,93447000.0,580.57431373
2024-07-20 04:00:00,93445000.0,93482000.0,93020000.0,93190000.0,246.357099
2024-07-20 08:00:00,93188000.0,93590000.0,93180000.0,93375000.0,267.76543246
2024-07-20 12:00:00,93375000.0,93781000.0,93150000.0,93781000.0,206.5508867
2024-07-20 16:00:00,93779000.0,94613000.0,93646000.0,94200000.0,377.15754594
2024-07-20 20:00:00,94200000.0,94624000.0,93758000.0,94065000.0,288.42394259
2024-07-21 00:00:00,94073000.0,94559000.0,93850000.0,94208000.0,427.8486338
2024-07-21 04:00:00,94164000.0,94308000.0,93443000.0,93640000.0,397.31919841
2024-07-21 08:00:00,93640000.0,94182000.0,93589000.0,93795000.0,245.41854218
2024-07-21 12:00:00,93795000.0,94500000.0,93500000.0,94208000.0,436.27246602
2024-07-21 16:00:00,94189000.0,94737000.0,92413000.0,94510000.0,650.17874162
2024-07-21 20:00:00,94559000.0,95299000.0,94318000.0,95000000.0,842.26246016
2024-07-22 00:00:00,95000000.0,95353000.0,94320000.0,94551000.0,721.03565916
2024-07-22 04:00:00,94550000.0,94680000.0,93561000.0,93890000.0,536.81261178
2024-07-22 08:00:00,93890000.0,94465000.0,93636000.0,94313000.0,322.65293313
2024-07-22 12:00:00,94313000.0,94676000.0,93050000.0,93805000.0,666.83965701
2024-07-22 16:00:00,93782000.0,95000000.0,93520000.0,94999000.0,256.15345805
2024-07-22 20:00:00,94998000.0,95000000.0,94042000.0,94357000.0,360.57440416
2024-07-23 00:00:00,94284000.0,94748000.0,93991000.0,94180000.0,396.2175525
2024-07-23 04:00:00,94180000.0,94240000.0,92734000.0,93100000.0,858.12477248
2024-07-23 08:00:00,93099000.0,93998000.0,93023000.0,93283000.0,437.58341653
2024-07-23 12:00:00,93335000.0,93997000.0,92550000.0,93311000.0,706.41935116
2024-07-23 16:00:00,93311000.0,93430000.0,92011000.0,92020000.0,432.60612377
2024-07-23 20:00:00,92024000.0,92650000.0,92000000.0,92230000.0,367.22145175
2024-07-24 00:00:00,92224000.0,92530000.0,91205000.0,92317000.0,945.37289368
2024-07-24 04:00:00,92317000.0,92475000.0,91619000.0,92449000.0,323.8461816
2024-07-24 08:00:00,92448000.0,93102000.0,92381000.0,92738000.0,446.16548953
2024-07-24 12:00:00,92721000.0,93494000.0,92394000.0,92539000.0,599.65453479
2024-07-24 16:00:00,92500000.0,93039000.0,91753000.0,91770000.0,295.19210245
2024-07-24 20:00:00,91770000.0,92443000.0,91051000.0,91501000.0,510.0561374
2024-07-25 00:00:00,91501000.0,91779000.0,89520000.0,89870000.0,1620.78642847
2024-07-25 04:00:00,89870000.0,90400000.0,89520000.0,89997000.0,489.09031735
2024-07-25 08:00:00,89997000.0,90295000.0,89600000.0,89757000.0,397.59600411
2024-07-25 12:00:00,89757000.0,91150000.0,89202000.0,90854000.0,822.96753068
2024-07-25 16:00:00,90883000.0,91430000.0,90501000.0,90848000.0,243.57256146
2024-07-25 20:00:00,90846000.0,93138000.0,90581000.0,92465000.0,668.32975744
2024-07-26 00:00:00,92475000.0,94500000.0,92286000.0,93888000.0,980.0189068
2024-07-26 04:00:00,93888000.0,93993000.0,93506000.0,93706000.0,408.22816631
2024-07-26 08:00:00,93704000.0,94450000.0,93703000.0,94211000.0,485.34177771
2024-07-26 12:00:00,94211000.0,94990000.0,93631000.0,94460000.0,807.95240395
2024-07-26 16:00:00,94460000.0,94990000.0,94156000.0,94816000.0,237.21537286
2024-07-26 20:00:00,94816000.0,95000000.0,94200000.0,94727000.0,336.11553885
2024-07-27 00:00:00,94639000.0,94888000.0,94239000.0,94605000.0,424.74956784
2024-07-27 04:00:00,94605000.0,95292000.0,94605000.0,95079000.0,423.0498728
2024-07-27 08:00:00,95071000.0,95300000.0,94908000.0,95151000.0,342.85581959
2024-07-27 12:00:00,95151000.0,96813000.0,95147000.0,96240000.0,1215.00118998
2024-07-27 16:00:00,96240000.0,96462000.0,94780000.0,95411000.0,593.70937587
2024-07-27 20:00:00,95411000.0,96288000.0,93150000.0,94292000.0,1914.47259414
2024-07-28 00:00:00,94341000.0,95280000.0,93600000.0,94669000.0,556.07361003
2024-07-28 04:00:00,94669000.0,94856000.0,93658000.0,94171000.0,495.09650554
2024-07-28 08:00:00,94171000.0,94989000.0,93920000.0,94839000.0,342.65788875
2024-07-28 12:00:00,94838000.0,95200000.0,94510000.0,94604000.0,318.8710878
2024-07-28 16:00:00,94604000.0,95279000.0,94546000.0,95103000.0,113.50026869
2024-07-28 20:00:00,95154000.0,95380000.0,94666000.0,95363000.0,230.49920803
2024-07-29 00:00:00,95363000.0,96753000.0,95131000.0,96333000.0,1051.59900468
2024-07-29 04:00:00,96329000.0,96849000.0,96240000.0,96560000.0,508.78216745
2024-07-29 08:00:00,96543000.0,96900000.0,96384000.0,96706000.0,405.93678835
2024-07-29 12:00:00,96706000.0,97100000.0,94596000.0,95204000.0,1392.23654932
2024-07-29 16:00:00,95147000.0,95220000.0,93203000.0,94228000.0,910.41771801
2024-07-29 20:00:00,94162000.0,94672000.0,93343000.0,93618000.0,509.73605335
2024-07-30 00:00:00,93605000.0,93878000.0,92499000.0,93112000.0,972.77684942
2024-07-30 04:00:00,93113000.0,93837000.0,92866000.0,93738000.0,339.86114799
2024-07-30 08:00:00,93738000.0,93859000.0,92950000.0,93019000.0,341.19337967
2024-07-30 12:00:00,93015000.0,93500000.0,92015000.0,92767000.0,638.78515313
2024-07-30 16:00:00,92750000.0,92992000.0,92005000.0,92347000.0,236.50251487
2024-07-30 20:00:00,92465000.0,93073000.0,91825000.0,92788000.0,296.49978813
2024-07-31 00:00:00,92790000.0,93170000.0,92400000.0,92407000.0,413.53246675
2024-07-31 04:00:00,92407000.0,92941000.0,91682000.0,92434000.0,548.77472543
2024-07-31 08:00:00,92434000.0,92752000.0,92101000.0,92221000.0,249.20791366
2024-07-31 12:00:00,92221000.0,93169000.0,92180000.0,92696000.0,383.80241414
2024-07-31 16:00:00,92696000.0,93298000.0,91250000.0,91539000.0,478.7648251
2024-07-31 20:00:00,91502000.0,91829000.0,90345000.0,90345000.0,1024.94609754
2024-08-01 00:00:00,90346000.0,90790000.0,89350000.0,89500000.0,1239.94938056
2024-08-01 04:00:00,89500000.0,90648000.0,88960000.0,90459000.0,958.33568114
2024-08-01 08:00:00,90459000.0,90884000.0,90290000.0,90830000.0,322.90285263
2024-08-01 12:00:00,90830000.0,91301000.0,88500000.0,88590000.0,1093.63388793
2024-08-01 16:00:00,88590000.0,89550000.0,88001000.0,89446000.0,625.4969477
2024-08-01 20:00:00,89450000.0,92300000.0,89316000.0,91789000.0,807.72677895
2024-08-02 00:00:00,91789000.0,92200000.0,89601000.0,90845000.0,762.2541364
2024-08-02 04:00:00,90829000.0,90835000.0,89600000.0,90160000.0,484.50264867
2024-08-02 08:00:00,90179000.0,91178000.0,89976000.0,90654000.0,305.65880165
2024-08-02 12:00:00,90654000.0,91557000.0,88320000.0,89221000.0,1504.43345261
2024-08-02 16:00:00,89221000.0,89510000.0,88320000.0,88454000.0,430.17005099
2024-08-02 20:00:00,88435000.0,89170000.0,86377000.0,86691000.0,1602.64341317
2024-08-03 00:00:00,86691000.0,87633000.0,85220000.0,87566000.0,1604.72889701
2024-08-03 04:00:00,87531000.0,87690000.0,86588000.0,86961000.0,487.0865484
2024-08-03 08:00:00,86961000.0,87299000.0,86466000.0,87181000.0,355.42346762
2024-08-03 12:00:00,87180000.0,87578000.0,85800000.0,85884000.0,479.7891742
2024-08-03 16:00:00,85875000.0,86309000.0,85000000.0,85263000.0,784.38812906
2024-08-03 20:00:00,85337000.0,86100000.0,85000000.0,85957000.0,347.95892058
2024-08-04 00:00:00,85954000.0,86311000.0,85124000.0,85714000.0,438.39374248
2024-08-04 04:00:00,85714000.0,85917000.0,85001000.0,85092000.0,295.34927528
2024-08-04 08:00:00,85091000.0,85900000.0,84759000.0,85749000.0,429.90609754
2024-08-04 12:00:00,85749000.0,86132000.0,83400000.0,83495000.0,1126.8014099
2024-08-04 16:00:00,83495000.0,84129000.0,81756000.0,83813000.0,1319.72109237
2024-08-04 20:00:00,83861000.0,84333000.0,81684000.0,81871000.0,922.46236004
2024-08-05 00:00:00,81871000.0,82256000.0,77000000.0,77000000.0,5641.57844571
2024-08-05 04:00:00,77000000.0,78361000.0,72100000.0,75689000.0,7095.42696331
2024-08-05 08:00:00,75691000.0,76750000.0,73200000.0,74051000.0,2459.99822702
2024-08-05 12:00:00,74051000.0,79550000.0,72150000.0,78399000.0,5922.61976456
2024-08-05 16:00:00,78351000.0,80394000.0,75777000.0,76906000.0,1405.25383574
2024-08-05 20:00:00,76900000.0,79985000.0,76856000.0,77833000.0,1353.91543544
2024-08-06 00:00:00,77786000.0,82150000.0,77782000.0,80138000.0,2985.48400126
2024-08-06 04:00:00,80138000.0,80642000.0,79122000.0,80428000.0,1081.99815092
2024-08-06 08:00:00,80428000.0,80520000.0,78239000.0,79361000.0,1125.4685377
2024-08-06 12:00:00,79361000.0,80673000.0,77911000.0,80211000.0,1614.83049603
2024-08-06 16:00:00,80211000.0,81028000.0,79936000.0,80751000.0,474.12856045
2024-08-06 20:00:00,80700000.0,81231000.0,79935000.0,80224000.0,586.5572545
2024-08-07 00:00:00,80166000.0,81687000.0,79487000.0,81098000.0,1107.97227208
2024-08-07 04:00:00,81129000.0,81547000.0,80600000.0,81040000.0,635.22413123
2024-08-07 08:00:00,81030000.0,81950000.0,80940000.0,81054000.0,667.01344824
2024-08-07 12:00:00,81096000.0,81700000.0,79200000.0,80017000.0,1104.74523039
2024-08-07 16:00:00,80056000.0,80330000.0,78206000.0,78208000.0,641.47031989
2024-08-07 20:00:00,78215000.0,79187000.0,77782000.0,78388000.0,1160.05225909
2024-08-08 00:00:00,78386000.0,81531000.0,77941000.0,80500000.0,1420.25635728
2024-08-08 04:00:00,80500000.0,81100000.0,80040000.0,80705000.0,485.19960958
2024-08-08 08:00:00,80700000.0,81086000.0,80425000.0,80860000.0,398.22463563
2024-08-08 12:00:00,80861000.0,83750000.0,80163000.0,83600000.0,2099.13697931
2024-08-08 16:00:00,83585000.0,84071000.0,83183000.0,83623000.0,773.30220697
2024-08-08 20:00:00,83554000.0,87980000.0,83407000.0,86397000.0,1949.89290739
2024-08-09 00:00:00,86397000.0,86704000.0,85100000.0,86186000.0,1181.57495707
2024-08-09 04:00:00,86144000.0,86199000.0,84650000.0,85296000.0,738.68477896
2024-08-09 08:00:00,85251000.0,85828000.0,84600000.0,85144000.0,514.14981551
2024-08-09 12:00:00,85083000.0,85871000.0,84000000.0,84278000.0,934.55465146
2024-08-09 16:00:00,84204000.0,85489000.0,84077000.0,85400000.0,198.14508618
2024-08-09 20:00:00,85391000.0,85880000.0,84512000.0,85518000.0,325.75045257
2024-08-10 00:00:00,85523000.0,86370000.0,84818000.0,85051000.0,483.01229045
2024-08-10 04:00:00,85051000.0,85690000.0,84760000.0,85656000.0,224.85207314
2024-08-10 08:00:00,85685000.0,85870000.0,85250000.0,85635000.0,270.12999189
2024-08-10 12:00:00,85635000.0,85647000.0,85011000.0,85102000.0,206.66093334
2024-08-10 16:00:00,85108000.0,85945000.0,85001000.0,85614000.0,156.25066869
2024-08-10 20:00:00,85728000.0,85946000.0,85383000.0,85669000.0,148.72791715
2024-08-11 00:00:00,85669000.0,86042000.0,85561000.0,85701000.0,259.2567397
2024-08-11 04:00:00,85682000.0,85805000.0,85522000.0,85805000.0,182.67016154
2024-08-11 08:00:00,85805000.0,86424000.0,84621000.0,85012000.0,618.74194633
2024-08-11 12:00:00,85006000.0,85150000.0,84150000.0,84384000.0,526.76491562
2024-08-11 16:00:00,84385000.0,84700000.0,83855000.0,83938000.0,200.50569955
2024-08-11 20:00:00,83934000.0,83952000.0,82208000.0,82815000.0,881.2331928
2024-08-12 00:00:00,82816000.0,83300000.0,82100000.0,82357000.0,712.35837683
2024-08-12 04:00:00,82359000.0,82850000.0,81000000.0,82495000.0,831.41174424
2024-08-12 08:00:00,82495000.0,84249000.0,81617000.0,84018000.0,1049.0740656
2024-08-12 12:00:00,84002000.0,85000000.0,81385000.0,84212000.0,1824.99696623
2024-08-12 16:00:00,84211000.0,84500000.0,82135000.0,82815000.0,314.21008397
2024-08-12 20:00:00,82843000.0,83679000.0,82350000.0,83221000.0,340.04548452
2024-08-13 00:00:00,83207000.0,83987000.0,82517000.0,82706000.0,517.45831917
2024-08-13 04:00:00,82706000.0,83298000.0,82500000.0,82883000.0,270.03073559
2024-08-13 08:00:00,82915000.0,83059000.0,82050000.0,82545000.0,372.35225311
2024-08-13 12:00:00,82521000.0,83723000.0,82342000.0,83225000.0,574.06368052
2024-08-13 16:00:00,83226000.0,85770000.0,83150000.0,84815000.0,887.08042362
2024-08-13 20:00:00,84813000.0,85296000.0,84255000.0,84600000.0,368.82674005
2024-08-14 00:00:00,84587000.0,85418000.0,84332000.0,84902000.0,484.06323582
2024-08-14 04:00:00,84902000.0,85300000.0,84345000.0,84905000.0,298.68574397
2024-08-14 08:00:00,84882000.0,85497000.0,84562000.0,85315000.0,370.7811213
2024-08-14 12:00:00,85276000.0,85950000.0,82483000.0,83117000.0,1755.78859032
2024-08-14 16:00:00,83117000.0,83345000.0,82478000.0,82765000.0,364.40172173
2024-08-14 20:00:00,82734000.0,83097000.0,82218000.0,82457000.0,309.40453983
2024-08-15 00:00:00,82440000.0,82840000.0,81664000.0,81890000.0,583.53228804
2024-08-15 04:00:00,81919000.0,82150000.0,81048000.0,81540000.0,572.56298556
2024-08-15 08:00:00,81519000.0,82478000.0,81440000.0,82309000.0,301.47899723
2024-08-15 12:00:00,82309000.0,83498000.0,82012000.0,83422000.0,827.3365285
2024-08-15 16:00:00,83422000.0,83555000.0,80100000.0,80447000.0,829.29729737
2024-08-15 20:00:00,80447000.0,81489000.0,79500000.0,81004000.0,872.22376034
2024-08-16 00:00:00,81044000.0,82000000.0,80296000.0,81132000.0,590.99283247
2024-08-16 04:00:00,81107000.0,81900000.0,81000000.0,81603000.0,337.13106863
2024-08-16 08:00:00,81573000.0,81773000.0,81201000.0,81523000.0,264.25547061
2024-08-16 12:00:00,81523000.0,82331000.0,80510000.0,81499000.0,699.44595556
2024-08-16 16:00:00,81461000.0,83400000.0,81317000.0,83150000.0,480.43866177
2024-08-16 20:00:00,83150000.0,83195000.0,82088000.0,82209000.0,257.55508716
2024-08-17 00:00:00,82185000.0,82937000.0,82042000.0,82547000.0,267.27390227
2024-08-17 04:00:00,82525000.0,82682000.0,82350000.0,82587000.0,109.99384781
2024-08-17 08:00:00,82587000.0,82855000.0,82355000.0,82504000.0,145.88266168
2024-08-17 12:00:00,82504000.0,83000000.0,82424000.0,82751000.0,169.88501768
2024-08-17 16:00:00,82751000.0,83000000.0,82610000.0,82758000.0,109.10612857
2024-08-17 20:00:00,82758000.0,82850000.0,82500000.0,82849000.0,84.9348566
2024-08-18 00:00:00,82821000.0,83679000.0,82710000.0,82739000.0,380.12642234
2024-08-18 04:00:00,82739000.0,83200000.0,82650000.0,83068000.0,155.04085136
2024-08-18 08:00:00,83059000.0,83580000.0,82900000.0,83490000.0,298.40147515
2024-08-18 12:00:00,83490000.0,83660000.0,83000000.0,83280000.0,267.64712
2024-08-18 16:00:00,83280000.0,83290000.0,82650000.0,82957000.0,136.31367645
2024-08-18 20:00:00,82960000.0,83197000.0,81500000.0,81500000.0,490.30416724
2024-08-19 00:00:00,81500000.0,81915000.0,81250000.0,81454000.0,536.43820921
2024-08-19 04:00:00,81454000.0,81484000.0,80539000.0,80760000.0,580.42878626
2024-08-19 08:00:00,80760000.0,80950000.0,80100000.0,80730000.0,599.83245338
2024-08-19 12:00:00,80700000.0,81363000.0,80300000.0,80773000.0,472.17771011
2024-08-19 16:00:00,80773000.0,81500000.0,80532000.0,80989000.0,204.63621845
2024-08-19 20:00:00,81006000.0,81766000.0,80951000.0,81680000.0,250.827914
2024-08-20 00:00:00,81678000.0,83131000.0,81434000.0,82700000.0,820.87076425
2024-08-20 04:00:00,82675000.0,83400000.0,82673000.0,82885000.0,587.42364844
2024-08-20 08:00:00,82884000.0,82949000.0,82101000.0,82245000.0,333.97607493
2024-08-20 12:00:00,82245000.0,82939000.0,80501000.0,80700000.0,996.27770563
2024-08-20 16:00:00,80700000.0,81450000.0,80501000.0,81358000.0,294.40073729
2024-08-20 20:00:00,81331000.0,81600000.0,80701000.0,80751000.0,306.81219428
2024-08-21 00:00:00,80751000.0,81297000.0,80567000.0,81000000.0,405.53956572
2024-08-21 04:00:00,81000000.0,81440000.0,80878000.0,81306000.0,279.75419684
2024-08-21 08:00:00,81315000.0,81560000.0,80755000.0,81060000.0,287.23222415
2024-08-21 12:00:00,81023000.0,82077000.0,80608000.0,81208000.0,676.76015432
2024-08-21 16:00:00,81208000.0,83390000.0,81052000.0,83323000.0,519.67616645
2024-08-21 20:00:00,83323000.0,83600000.0,82333000.0,82900000.0,713.82318103
2024-08-22 00:00:00,82900000.0,83000000.0,81280000.0,82134000.0,572.02935427
2024-08-22 04:00:00,82134000.0,82666000.0,82020000.0,82528000.0,279.61377793
2024-08-22 08:00:00,82528000.0,83100000.0,82285000.0,83046000.0,385.57632334
2024-08-22 12:00:00,83006000.0,83101000.0,81864000.0,82249000.0,552.79064613
2024-08-22 16:00:00,82206000.0,82405000.0,81824000.0,82013000.0,166.08363923
2024-08-22 20:00:00,82013000.0,82500000.0,81970000.0,82003000.0,182.14194405
2024-08-23 00:00:00,82012000.0,82620000.0,82002000.0,82213000.0,292.42709737
2024-08-23 04:00:00,82219000.0,82978000.0,82200000.0,82710000.0,323.60089162
2024-08-23 08:00:00,82735000.0,82999000.0,82421000.0,82474000.0,384.3006417
2024-08-23 12:00:00,82518000.0,84160000.0,82385000.0,83091000.0,1311.31046386
2024-08-23 16:00:00,83091000.0,85416000.0,82900000.0,85262000.0,955.81992119
2024-08-23 20:00:00,85213000.0,86500000.0,84900000.0,85600000.0,1217.81302363
2024-08-24 00:00:00,85600000.0,85950000.0,85155000.0,85559000.0,650.07923647
2024-08-24 04:00:00,85491000.0,86250000.0,85488000.0,86249000.0,371.36026879
2024-08-24 08:00:00,86250000.0,86390000.0,85544000.0,85544000.0,389.3954407
2024-08-24 12:00:00,85543000.0,86000000.0,85400000.0,85474000.0,352.31836351
2024-08-24 16:00:00,85462000.0,85960000.0,85457000.0,85737000.0,195.90859979
2024-08-24 20:00:00,85769000.0,85813000.0,85300000.0,85767000.0,245.21840908
2024-08-25 00:00:00,85807000.0,86199000.0,85450000.0,85585000.0,383.97136661
2024-08-25 04:00:00,85585000.0,85752000.0,85410000.0,85516000.0,293.36855821
2024-08-25 08:00:00,85471000.0,85700000.0,85459000.0,85598000.0,182.02462197
2024-08-25 12:00:00,85601000.0,86000000.0,85559000.0,85874000.0,235.00225031
2024-08-25 16:00:00,85875000.0,86032000.0,85708000.0,86032000.0,85.7098467
2024-08-25 20:00:00,86032000.0,86979000.0,85922000.0,86254000.0,518.7397379
2024-08-26 00:00:00,86240000.0,86529000.0,85101000.0,85661000.0,581.9447806
2024-08-26 04:00:00,85659000.0,85750000.0,85000000.0,85025000.0,371.05151743
2024-08-26 08:00:00,85025000.0,85489000.0,84720000.0,85338000.0,372.3324337
2024-08-26 12:00:00,85338000.0,85681000.0,84697000.0,85135000.0,449.11283178
2024-08-26 16:00:00,85130000.0,85555000.0,84980000.0,85171000.0,150.6444714
2024-08-26 20:00:00,85175000.0,85437000.0,84408000.0,84408000.0,335.45136441
2024-08-27 00:00:00,84408000.0,84794000.0,84110000.0,84500000.0,474.96754905
2024-08-27 04:00:00,84499000.0,84650000.0,84240000.0,84408000.0,219.31814039
2024-08-27 08:00:00,84408000.0,84577000.0,83640000.0,83971000.0,492.01302074
2024-08-27 12:00:00,83971000.0,84072000.0,83020000.0,83286000.0,553.07846293
2024-08-27 16:00:00,83237000.0,83879000.0,83075000.0,83771000.0,195.25218979
2024-08-27 20:00:00,83770000.0,83771000.0,80121000.0,80950000.0,2132.1196938
2024-08-28 00:00:00,80947000.0,81450000.0,80500000.0,81450000.0,799.38094162
2024-08-28 04:00:00,81449000.0,81456000.0,80000000.0,80118000.0,818.13157274
2024-08-28 08:00:00,80050000.0,81895000.0,80010000.0,81337000.0,635.99159486
2024-08-28 12:00:00,81344000.0,81720000.0,80004000.0,80599000.0,713.39008219
2024-08-28 16:00:00,80497000.0,81496000.0,79550000.0,80395000.0,561.86747636
2024-08-28 20:00:00,80396000.0,81350000.0,80127000.0,80569000.0,319.54197419
2024-08-29 00:00:00,80618000.0,80842000.0,80151000.0,80400000.0,343.90998999
2024-08-29 04:00:00,80400000.0,81099000.0,80369000.0,80910000.0,271.22040471
2024-08-29 08:00:00,80912000.0,81806000.0,80607000.0,81431000.0,369.72285897
2024-08-29 12:00:00,81400000.0,82700000.0,81350000.0,82207000.0,737.98169088
2024-08-29 16:00:00,82207000.0,82420000.0,80352000.0,80689000.0,473.16061099
2024-08-29 20:00:00,80701000.0,81196000.0,80196000.0,80790000.0,343.0869223
2024-08-30 00:00:00,80745000.0,80844000.0,80101000.0,80225000.0,473.14438574
2024-08-30 04:00:00,80225000.0,80874000.0,79900000.0,80489000.0,607.83274145
2024-08-30 08:00:00,80499000.0,80989000.0,80491000.0,80670000.0,240.37883317
2024-08-30 12:00:00,80697000.0,81250000.0,79400000.0,79570000.0,998.8064894
2024-08-30 16:00:00,79570000.0,80700000.0,79225000.0,80000000.0,384.51398918
2024-08-30 20:00:00,80000000.0,80651000.0,80000000.0,80439000.0,153.54336601
2024-08-31 00:00:00,80439000.0,80823000.0,80389000.0,80561000.0,293.86915227
2024-08-31 04:00:00,80560000.0,80623000.0,80368000.0,80368000.0,115.07438715
2024-08-31 08:00:00,80377000.0,80453000.0,80080000.0,80390000.0,168.01073829
2024-08-31 12:00:00,80390000.0,80500000.0,80130000.0,80212000.0,118.98139013
2024-08-31 16:00:00,80212000.0,80398000.0,80009000.0,80175000.0,87.33022774
2024-08-31 20:00:00,80175000.0,80399000.0,80080000.0,80262000.0,58.72990704
2024-09-01 00:00:00,80300000.0,80370000.0,79579000.0,79858000.0,361.97707626
2024-09-01 04:00:00,79858000.0,79926000.0,79010000.0,79661000.0,533.48479753
2024-09-01 08:00:00,79661000.0,79706000.0,79033000.0,79469000.0,288.78522815
2024-09-01 12:00:00,79477000.0,79599000.0,78800000.0,79301000.0,615.79429358
2024-09-01 16:00:00,79344000.0,80186000.0,79059000.0,79726000.0,159.54597908
2024-09-01 20:00:00,79726000.0,79850000.0,78300000.0,78301000.0,582.35304755
2024-09-02 00:00:00,78303000.0,78850000.0,78235000.0,78790000.0,561.31638339
2024-09-02 04:00:00,78790000.0,78971000.0,78415000.0,78530000.0,316.86073828
2024-09-02 08:00:00,78531000.0,79861000.0,78530000.0,79537000.0,502.79511232
2024-09-02 12:00:00,79536000.0,79902000.0,79092000.0,79572000.0,321.51624752
2024-09-02 16:00:00,79572000.0,79780000.0,79306000.0,79371000.0,101.82656152
2024-09-02 20:00:00,79469000.0,80610000.0,79390000.0,80205000.0,403.28356307
2024-09-03 00:00:00,80247000.0,81101000.0,80066000.0,80315000.0,487.52695451
2024-09-03 04:00:00,80316000.0,80449000.0,79860000.0,80170000.0,366.14098896
2024-09-03 08:00:00,80216000.0,80262000.0,79711000.0,80149000.0,227.15248697
2024-09-03 12:00:00,80148000.0,80400000.0,78557000.0,78729000.0,871.61784012
2024-09-03 16:00:00,78714000.0,79200000.0,78599000.0,79003000.0,234.07365757
2024-09-03 20:00:00,79000000.0,79200000.0,78250000.0,78272000.0,375.99979541
2024-09-04 00:00:00,78270000.0,78918000.0,76248000.0,77200000.0,1460.73939393
2024-09-04 04:00:00,77200000.0,77355000.0,76339000.0,77252000.0,805.89822601
2024-09-04 08:00:00,77252000.0,77311000.0,76789000.0,76998000.0,330.03390669
2024-09-04 12:00:00,76999000.0,78855000.0,76580000.0,78853000.0,700.50195919
2024-09-04 16:00:00,78850000.0,79300000.0,78055000.0,78646000.0,331.66893194
2024-09-04 20:00:00,78646000.0,79190000.0,78386000.0,78739000.0,266.57152887
2024-09-05 00:00:00,78739000.0,79131000.0,77168000.0,77404000.0,533.44404106
2024-09-05 04:00:00,77410000.0,77658000.0,76700000.0,77390000.0,496.80171175
2024-09-05 08:00:00,77393000.0,77444000.0,76870000.0,77024000.0,358.39078112
2024-09-05 12:00:00,77024000.0,77706000.0,76135000.0,76246000.0,918.14645809
2024-09-05 16:00:00,76245000.0,76990000.0,76100000.0,76352000.0,257.1438058
2024-09-05 20:00:00,76301000.0,76643000.0,76000000.0,76330000.0,393.77659311
2024-09-06 00:00:00,76330000.0,76848000.0,75749000.0,76450000.0,704.37544308
2024-09-06 04:00:00,76448000.0,76640000.0,75020000.0,75484000.0,718.00291068
2024-09-06 08:00:00,75483000.0,75949000.0,75228000.0,75613000.0,402.2762764
2024-09-06 12:00:00,75614000.0,76860000.0,73268000.0,73458000.0,2502.98286678
2024-09-06 16:00:00,73458000.0,74040000.0,72802000.0,73090000.0,834.15046864
2024-09-06 20:00:00,73105000.0,73650000.0,72200000.0,73644000.0,919.98388608
2024-09-07 00:00:00,73644000.0,73814000.0,73078000.0,73366000.0,443.8840252
2024-09-07 04:00:00,73389000.0,74019000.0,73311000.0,73897000.0,363.00731461
2024-09-07 08:00:00,73897000.0,74150000.0,73700000.0,73898000.0,239.84541657
2024-09-07 12:00:00,73898000.0,74555000.0,73898000.0,74549000.0,343.57160318
2024-09-07 16:00:00,74554000.0,74580000.0,73550000.0,73967000.0,170.31072314
2024-09-07 20:00:00,73967000.0,73994000.0,73173000.0,73640000.0,241.00119211
2024-09-08 00:00:00,73640000.0,73980000.0,73446000.0,73868000.0,242.80691966
2024-09-08 04:00:00,73852000.0,74053000.0,73731000.0,73900000.0,178.28165293
2024-09-08 08:00:00,73900000.0,74180000.0,73770000.0,74000000.0,181.00488865
2024-09-08 12:00:00,74000000.0,74035000.0,73000000.0,73001000.0,393.96217287
2024-09-08 16:00:00,73001000.0,73990000.0,72992000.0,73778000.0,147.73691346
2024-09-08 20:00:00,73778000.0,74880000.0,73478000.0,74437000.0,448.24747072
2024-09-09 00:00:00,74439000.0,75025000.0,74289000.0,74905000.0,491.88818803
2024-09-09 04:00:00,74875000.0,74951000.0,74093000.0,74539000.0,323.71683443
2024-09-09 08:00:00,74586000.0,75399000.0,74572000.0,75117000.0,419.98231707
2024-09-09 12:00:00,75117000.0,75771000.0,74640000.0,75354000.0,556.26892395
2024-09-09 16:00:00,75368000.0,77375000.0,75260000.0,77303000.0,513.8812806
2024-09-09 20:00:00,77303000.0,78500000.0,76972000.0,77275000.0,795.31732069
2024-09-10 00:00:00,77275000.0,77530000.0,76575000.0,76592000.0,543.22236755
2024-09-10 04:00:00,76592000.0,77566000.0,76432000.0,77400000.0,323.09309543
2024-09-10 08:00:00,77396000.0,77653000.0,77072000.0,77512000.0,294.597686
2024-09-10 12:00:00,77500000.0,77857000.0,76776000.0,76868000.0,460.03054562
2024-09-10 16:00:00,76870000.0,78485000.0,76800000.0,78400000.0,280.8113677
2024-09-10 20:00:00,78382000.0,78433000.0,77800000.0,78089000.0,287.80574483
2024-09-11 00:00:00,78091000.0,78200000.0,76567000.0,76797000.0,677.6906822
2024-09-11 04:00:00,76797000.0,76802000.0,75870000.0,76682000.0,549.79224618
2024-09-11 08:00:00,76682000.0,76943000.0,76200000.0,76821000.0,242.29211029
2024-09-11 12:00:00,76820000.0,77357000.0,75380000.0,76717000.0,977.14245055
2024-09-11 16:00:00,76717000.0,78179000.0,76622000.0,77780000.0,416.28035343
2024-09-11 20:00:00,77755000.0,77832000.0,77120000.0,77301000.0,192.11619541
2024-09-12 00:00:00,77361000.0,78750000.0,77300000.0,78470000.0,668.40221634
2024-09-12 04:00:00,78447000.0,78648000.0,78050000.0,78432000.0,315.96765898
2024-09-12 08:00:00,78425000.0,78650000.0,78110000.0,78333000.0,257.1308875
2024-09-12 12:00:00,78333000.0,78830000.0,77457000.0,77689000.0,901.24338609
2024-09-12 16:00:00,77631000.0,78694000.0,77630000.0,78590000.0,191.2202913
2024-09-12 20:00:00,78523000.0,78590000.0,77888000.0,78269000.0,176.04815394
2024-09-13 00:00:00,78269000.0,78421000.0,77720000.0,77741000.0,346.66614372
2024-09-13 04:00:00,77744000.0,78103000.0,77700000.0,78103000.0,193.96088017
2024-09-13 08:00:00,78103000.0,78411000.0,77878000.0,77910000.0,290.70769199
2024-09-13 12:00:00,77910000.0,80208000.0,77746000.0,79960000.0,881.55725629
2024-09-13 16:00:00,79955000.0,80600000.0,79672000.0,80082000.0,559.34568255
2024-09-13 20:00:00,80082000.0,81100000.0,80009000.0,80930000.0,574.84839527
2024-09-14 00:00:00,80930000.0,81174000.0,80767000.0,80802000.0,424.70183773
2024-09-14 04:00:00,80802000.0,80830000.0,80350000.0,80690000.0,269.40797571
2024-09-14 08:00:00,80667000.0,80710000.0,80152000.0,80239000.0,239.8464175
2024-09-14 12:00:00,80238000.0,80666000.0,80155000.0,80544000.0,185.60025002
2024-09-14 16:00:00,80562000.0,80690000.0,80040000.0,80409000.0,97.02531597
2024-09-14 20:00:00,80409000.0,80700000.0,80362000.0,80524000.0,107.86300044
2024-09-15 00:00:00,80524000.0,80950000.0,80420000.0,80730000.0,202.0170367
2024-09-15 04:00:00,80730000.0,80800000.0,80655000.0,80779000.0,110.03393821
2024-09-15 08:00:00,80777000.0,80800000.0,80365000.0,80553000.0,144.11708065
2024-09-15 12:00:00,80553000.0,81000000.0,80465000.0,81000000.0,210.64677537
2024-09-15 16:00:00,81000000.0,81009000.0,80400000.0,80633000.0,136.1318144
2024-09-15 20:00:00,80658000.0,80675000.0,79090000.0,79690000.0,490.25590313
2024-09-16 00:00:00,79691000.0,79860000.0,78336000.0,79075000.0,872.10635735
2024-09-16 04:00:00,79075000.0,79357000.0,78555000.0,79316000.0,257.00120041
2024-09-16 08:00:00,79316000.0,79550000.0,78879000.0,79022000.0,240.4661376
2024-09-16 12:00:00,79022000.0,79197000.0,77850000.0,78160000.0,631.97197078
2024-09-16 16:00:00,78178000.0,78586000.0,77740000.0,78164000.0,252.19080593
2024-09-16 20:00:00,78164000.0,78694000.0,77853000.0,78469000.0,171.76349644
2024-09-17 00:00:00,78468000.0,78601000.0,77774000.0,78194000.0,284.40523852
2024-09-17 04:00:00,78194000.0,79070000.0,78194000.0,79000000.0,256.73675228
2024-09-17 08:00:00,78990000.0,79836000.0,78895000.0,79521000.0,381.95948168
2024-09-17 12:00:00,79521000.0,82200000.0,79213000.0,81881000.0,1252.77840468
2024-09-17 16:00:00,81881000.0,82364000.0,80101000.0,80459000.0,569.27918832
2024-09-17 20:00:00,80505000.0,81191000.0,80220000.0,81116000.0,318.34184774
2024-09-18 00:00:00,81116000.0,81595000.0,80542000.0,81324000.0,479.10825815
2024-09-18 04:00:00,81324000.0,81505000.0,80874000.0,81300000.0,304.1654849
2024-09-18 08:00:00,81255000.0,81300000.0,80008000.0,80701000.0,470.52917412
2024-09-18 12:00:00,80700000.0,80950000.0,80098000.0,80300000.0,412.07666582
2024-09-18 16:00:00,80300000.0,82259000.0,80019000.0,80700000.0,979.2983149
2024-09-18 20:00:00,80708000.0,82618000.0,80034000.0,82604000.0,716.97223962
2024-09-19 00:00:00,82603000.0,83720000.0,82286000.0,83063000.0,1405.23238723
2024-09-19 04:00:00,83050000.0,83137000.0,82500000.0,82854000.0,436.42906253
2024-09-19 08:00:00,82855000.0,83791000.0,82712000.0,83756000.0,602.93568015
2024-09-19 12:00:00,83755000.0,84759000.0,83696000.0,84489000.0,1146.26931496
2024-09-19 16:00:00,84444000.0,85000000.0,84200000.0,84522000.0,432.15609991
2024-09-19 20:00:00,84523000.0,84587000.0,83342000.0,83892000.0,526.00480102
2024-09-20 00:00:00,83891000.0,84980000.0,83377000.0,84975000.0,694.43174849
2024-09-20 04:00:00,84974000.0,85478000.0,84501000.0,84744000.0,973.38403775
2024-09-20 08:00:00,84743000.0,85100000.0,84202000.0,84780000.0,461.54067435
2024-09-20 12:00:00,84780000.0,84895000.0,83700000.0,84484000.0,717.58948911
2024-09-20 16:00:00,84484000.0,84600000.0,83570000.0,84091000.0,206.69759978
2024-09-20 20:00:00,84080000.0,84600000.0,83729000.0,84385000.0,203.47474963
2024-09-21 00:00:00,84384000.0,84750000.0,84050000.0,84160000.0,310.83956322
2024-09-21 04:00:00,84160000.0,84464000.0,84000000.0,84379000.0,174.40747235
2024-09-21 08:00:00,84379000.0,84460000.0,84108000.0,84358000.0,152.97296628
2024-09-21 12:00:00,84358000.0,84672000.0,84137000.0,84437000.0,225.20275186
2024-09-21 16:00:00,84445000.0,84548000.0,84360000.0,84402000.0,72.81054382
2024-09-21 20:00:00,84433000.0,84600000.0,84154000.0,84425000.0,130.33737498
2024-09-22 00:00:00,84429000.0,84510000.0,84000000.0,84225000.0,274.07712094
2024-09-22 04:00:00,84237000.0,84325000.0,84057000.0,84191000.0,100.45847216
2024-09-22 08:00:00,84191000.0,84270000.0,83500000.0,83889000.0,356.98132921
2024-09-22 12:00:00,83889000.0,83999000.0,83401000.0,83737000.0,278.06027578
2024-09-22 16:00:00,83726000.0,84402000.0,83613000.0,84396000.0,162.09451181
2024-09-22 20:00:00,84317000.0,85500000.0,83635000.0,84829000.0,697.58948953
2024-09-23 00:00:00,84838000.0,86250000.0,83832000.0,85865000.0,1004.3175954
2024-09-23 04:00:00,85865000.0,86159000.0,85002000.0,85144000.0,528.27035162
2024-09-23 08:00:00,85109000.0,85344000.0,84755000.0,85024000.0,317.27425808
2024-09-23 12:00:00,85024000.0,85337000.0,84600000.0,85184000.0,489.91800891
2024-09-23 16:00:00,85184000.0,85303000.0,84615000.0,84756000.0,132.04585541
2024-09-23 20:00:00,84722000.0,85000000.0,84607000.0,84631000.0,183.51781722
2024-09-24 00:00:00,84630000.0,84802000.0,84009000.0,84405000.0,433.44406102
2024-09-24 04:00:00,84402000.0,84874000.0,84210000.0,84859000.0,243.46860887
2024-09-24 08:00:00,84859000.0,85334000.0,84732000.0,84823000.0,296.53681114
2024-09-24 12:00:00,84827000.0,85077000.0,84072000.0,84451000.0,444.06045213
2024-09-24 16:00:00,84451000.0,85500000.0,84375000.0,85493000.0,238.70739205
2024-09-24 20:00:00,85475000.0,85750000.0,85000000.0,85248000.0,342.69828768
2024-09-25 00:00:00,85248000.0,85950000.0,85000000.0,85594000.0,475.71864605
2024-09-25 04:00:00,85593000.0,85596000.0,84845000.0,85074000.0,353.94526378
2024-09-25 08:00:00,85033000.0,85199000.0,84627000.0,85131000.0,271.76696103
2024-09-25 12:00:00,85122000.0,85200000.0,84600000.0,84843000.0,289.68861656
2024-09-25 16:00:00,84823000.0,85005000.0,84300000.0,84455000.0,229.85300246
2024-09-25 20:00:00,84433000.0,84875000.0,84220000.0,84362000.0,200.4904413
2024-09-26 00:00:00,84362000.0,84724000.0,83800000.0,84665000.0,471.42778789
2024-09-26 04:00:00,84666000.0,84959000.0,84478000.0,84950000.0,234.08584291
2024-09-26 08:00:00,84950000.0,85522000.0,84645000.0,85401000.0,454.79261379
2024-09-26 12:00:00,85401000.0,86354000.0,85084000.0,86130000.0,1025.98265967
2024-09-26 16:00:00,86130000.0,86602000.0,85450000.0,85466000.0,386.92219266
2024-09-26 20:00:00,85466000.0,86200000.0,85325000.0,86000000.0,291.95126319
2024-09-27 00:00:00,85948000.0,86370000.0,85877000.0,86353000.0,397.91891415
2024-09-27 04:00:00,86351000.0,86500000.0,86104000.0,86401000.0,358.43357677
2024-09-27 08:00:00,86401000.0,87073000.0,86400000.0,86657000.0,644.46203359
2024-09-27 12:00:00,86657000.0,87362000.0,86495000.0,87021000.0,623.89528597
2024-09-27 16:00:00,87020000.0,87410000.0,86719000.0,86871000.0,289.70271057
2024-09-27 20:00:00,86871000.0,87160000.0,86838000.0,86958000.0,148.43963369
2024-09-28 00:00:00,86958000.0,87250000.0,86762000.0,87159000.0,271.83839116
2024-09-28 04:00:00,87153000.0,87246000.0,86827000.0,86865000.0,271.96312209
2024-09-28 08:00:00,86892000.0,86892000.0,86500000.0,86642000.0,395.54907161
2024-09-28 12:00:00,86642000.0,86642000.0,86115000.0,86283000.0,305.30281777
2024-09-28 16:00:00,86283000.0,86400000.0,86003000.0,86310000.0,107.41011853
2024-09-28 20:00:00,86313000.0,86749000.0,86124000.0,86732000.0,130.94156657
2024-09-29 00:00:00,86731000.0,86891000.0,86524000.0,86821000.0,201.84502216
2024-09-29 04:00:00,86820000.0,86833000.0,86311000.0,86394000.0,184.62460421
2024-09-29 08:00:00,86398000.0,86590000.0,86052000.0,86508000.0,198.20039321
2024-09-29 12:00:00,86508000.0,86670000.0,86161000.0,86234000.0,187.44538267
2024-09-29 16:00:00,86221000.0,86482000.0,86200000.0,86381000.0,90.88267785
2024-09-29 20:00:00,86381000.0,86500000.0,85800000.0,85958000.0,325.41604214
2024-09-30 00:00:00,85958000.0,85958000.0,84002000.0,84460000.0,1139.53546925
2024-09-30 04:00:00,84460000.0,84586000.0,84100000.0,84508000.0,356.24839306
2024-09-30 08:00:00,84508000.0,84517000.0,83061000.0,83852000.0,859.07160365
2024-09-30 12:00:00,83852000.0,84197000.0,83700000.0,83815000.0,370.16619379
2024-09-30 16:00:00,83815000.0,84080000.0,83315000.0,83710000.0,165.44877761
2024-09-30 20:00:00,83722000.0,84199000.0,83200000.0,83730000.0,240.85231168
2024-10-01 00:00:00,83730000.0,84200000.0,83297000.0,84197000.0,420.79136118
2024-10-01 04:00:00,84197000.0,84884000.0,84163000.0,84702000.0,350.73399173
2024-10-01 08:00:00,84712000.0,84817000.0,84300000.0,84321000.0,219.56283568
2024-10-01 12:00:00,84342000.0,84342000.0,82301000.0,83286000.0,1209.57805231
2024-10-01 16:00:00,83285000.0,83444000.0,82001000.0,82504000.0,657.55896721
2024-10-01 20:00:00,82574000.0,82586000.0,80844000.0,81500000.0,1199.19776402
2024-10-02 00:00:00,81500000.0,82697000.0,81263000.0,82400000.0,640.80186635
2024-10-02 04:00:00,82401000.0,82532000.0,81706000.0,82288000.0,370.81123702
2024-10-02 08:00:00,82227000.0,82438000.0,81330000.0,81816000.0,411.45690586
2024-10-02 12:00:00,81827000.0,82878000.0,81110000.0,82785000.0,551.00102204
2024-10-02 16:00:00,82785000.0,83300000.0,80940000.0,81142000.0,483.8180564
2024-10-02 20:00:00,81137000.0,82211000.0,81002000.0,81707000.0,432.91562077
2024-10-03 00:00:00,81707000.0,82700000.0,81528000.0,82700000.0,362.84431893
2024-10-03 04:00:00,82700000.0,82700000.0,82090000.0,82258000.0,211.50524553
2024-10-03 08:00:00,82258000.0,82504000.0,81491000.0,82188000.0,438.57148263
2024-10-03 12:00:00,82189000.0,82510000.0,81302000.0,82275000.0,468.28584947
2024-10-03 16:00:00,82229000.0,82473000.0,81565000.0,82473000.0,181.62573811
2024-10-03 20:00:00,82473000.0,82513000.0,82085000.0,82424000.0,158.74276642
2024-10-04 00:00:00,82401000.0,82850000.0,82038000.0,82478000.0,359.60101718
2024-10-04 04:00:00,82478000.0,82801000.0,82330000.0,82741000.0,251.2748227
2024-10-04 08:00:00,82708000.0,82976000.0,82572000.0,82867000.0,246.20261925
2024-10-04 12:00:00,82866000.0,83850000.0,82671000.0,83700000.0,838.55415486
2024-10-04 16:00:00,83700000.0,84300000.0,83474000.0,84184000.0,282.6800021
2024-10-04 20:00:00,84187000.0,84300000.0,83719000.0,83805000.0,198.79586109
2024-10-05 00:00:00,83804000.0,84126000.0,83522000.0,83780000.0,251.49820859
2024-10-05 04:00:00,83780000.0,83977000.0,83634000.0,83854000.0,118.84359713
2024-10-05 08:00:00,83854000.0,84053000.0,83848000.0,84020000.0,111.4479619
2024-10-05 12:00:00,84020000.0,84190000.0,83959000.0,84047000.0,113.53028808
2024-10-05 16:00:00,84053000.0,84058000.0,83650000.0,83652000.0,87.61453323
2024-10-05 20:00:00,83652000.0,84010000.0,83511000.0,83956000.0,93.83073713
2024-10-06 00:00:00,83997000.0,84051000.0,83660000.0,83714000.0,145.62874122
2024-10-06 04:00:00,83714000.0,83821000.0,83600000.0,83723000.0,82.80824412
2024-10-06 08:00:00,83723000.0,83898000.0,83600000.0,83853000.0,118.34398529
2024-10-06 12:00:00,83853000.0,84500000.0,83821000.0,84400000.0,284.07613681
2024-10-06 16:00:00,84400000.0,84710000.0,84301000.0,84401000.0,194.24270115
2024-10-06 20:00:00,84400000.0,84630000.0,84103000.0,84533000.0,165.8888936
2024-10-07 00:00:00,84436000.0,85905000.0,84345000.0,85331000.0,797.16878272
2024-10-07 04:00:00,85330000.0,85550000.0,85150000.0,85342000.0,253.72876726
2024-10-07 08:00:00,85342000.0,85524000.0,84150000.0,84891000.0,456.92161054
2024-10-07 12:00:00,84893000.0,86301000.0,84496000.0,85373000.0,693.11470008
2024-10-07 16:00:00,85373000.0,85670000.0,84517000.0,85295000.0,228.00091974
2024-10-07 20:00:00,85175000.0,85335000.0,83884000.0,83942000.0,359.28013773
2024-10-08 00:00:00,83942000.0,84762000.0,83848000.0,84486000.0,311.14340399
2024-10-08 04:00:00,84486000.0,84616000.0,83900000.0,84278000.0,276.53965226
2024-10-08 08:00:00,84278000.0,84627000.0,84105000.0,84626000.0,158.24283363
2024-10-08 12:00:00,84621000.0,85270000.0,84000000.0,84339000.0,435.17075718
2024-10-08 16:00:00,84292000.0,84665000.0,83967000.0,84313000.0,144.20590128
2024-10-08 20:00:00,84378000.0,84507000.0,84075000.0,84139000.0,113.61125875
2024-10-09 00:00:00,84139000.0,84496000.0,84000000.0,84350000.0,187.87769335
2024-10-09 04:00:00,84350000.0,84500000.0,84238000.0,84286000.0,100.71049484
2024-10-09 08:00:00,84286000.0,84288000.0,84066000.0,84115000.0,134.5036213
2024-10-09 12:00:00,84115000.0,84323000.0,83505000.0,84206000.0,442.64765705
2024-10-09 16:00:00,84206000.0,84295000.0,82690000.0,82915000.0,314.93719439
2024-10-09 20:00:00,82915000.0,83072000.0,82187000.0,82385000.0,442.62169775
2024-10-10 00:00:00,82383000.0,82736000.0,81901000.0,82485000.0,450.34877823
2024-10-10 04:00:00,82486000.0,82755000.0,82417000.0,82566000.0,185.31863709
2024-10-10 08:00:00,82600000.0,83071000.0,82353000.0,83025000.0,258.2143783
2024-10-10 12:00:00,83025000.0,83127000.0,82200000.0,82566000.0,401.5988831
2024-10-10 16:00:00,82568000.0,82811000.0,80635000.0,81381000.0,695.93296508
2024-10-10 20:00:00,81382000.0,82212000.0,81258000.0,82131000.0,270.21707249
2024-10-11 00:00:00,82131000.0,82449000.0,81749000.0,82340000.0,269.94005615
2024-10-11 04:00:00,82305000.0,82600000.0,82111000.0,82297000.0,208.89548511
2024-10-11 08:00:00,82297000.0,83000000.0,81968000.0,82938000.0,309.72290284
2024-10-11 12:00:00,82938000.0,84390000.0,82900000.0,84108000.0,600.21757582
2024-10-11 16:00:00,84218000.0,85474000.0,84101000.0,85099000.0,507.2704258
2024-10-11 20:00:00,85093000.0,85175000.0,84101000.0,84451000.0,396.20530103
2024-10-12 00:00:00,84450000.0,85094000.0,84330000.0,84459000.0,349.45148741
2024-10-12 04:00:00,84454000.0,84850000.0,84450000.0,84850000.0,142.46987184
2024-10-12 08:00:00,84814000.0,85190000.0,84629000.0,84835000.0,220.29368958
2024-10-12 12:00:00,84835000.0,85250000.0,84710000.0,84963000.0,316.15749269
2024-10-12 16:00:00,84968000.0,85222000.0,84752000.0,84807000.0,92.8748169
2024-10-12 20:00:00,84803000.0,85142000.0,84803000.0,84956000.0,114.88567771
2024-10-13 00:00:00,84997000.0,85181000.0,84450000.0,84536000.0,282.30924681
2024-10-13 04:00:00,84536000.0,84900000.0,84500000.0,84704000.0,120.30981913
2024-10-13 08:00:00,84740000.0,84860000.0,84346000.0,84356000.0,176.92382393
2024-10-13 12:00:00,84356000.0,84727000.0,83890000.0,84159000.0,285.10526144
2024-10-13 16:00:00,84159000.0,84650000.0,84063000.0,84580000.0,36.43282786
2024-10-13 20:00:00,84580000.0,84811000.0,84225000.0,84806000.0,106.56230397
2024-10-14 00:00:00,84782000.0,86630000.0,84300000.0,86540000.0,804.99027896
2024-10-14 04:00:00,86540000.0,87000000.0,85764000.0,86928000.0,907.02436926
2024-10-14 08:00:00,86921000.0,87449000.0,86592000.0,87325000.0,814.57223744
2024-10-14 12:00:00,87320000.0,88811000.0,86900000.0,88302000.0,1314.74102363
2024-10-14 16:00:00,88302000.0,88459000.0,87855000.0,88301000.0,266.56102781
2024-10-14 20:00:00,88387000.0,88963000.0,88200000.0,88640000.0,395.04872835
2024-10-15 00:00:00,88640000.0,88802000.0,87510000.0,87576000.0,739.68373252
2024-10-15 04:00:00,87578000.0,88665000.0,87563000.0,88440000.0,542.76802048
2024-10-15 08:00:00,88440000.0,88753000.0,88260000.0,88500000.0,351.02872308
2024-10-15 12:00:00,88500000.0,91531000.0,87900000.0,89348000.0,2661.25431094
2024-10-15 16:00:00,89334000.0,90940000.0,89334000.0,90630000.0,495.1997807
2024-10-15 20:00:00,90531000.0,90740000.0,89600000.0,90600000.0,530.14608621
2024-10-16 00:00:00,90518000.0,91458000.0,90194000.0,90868000.0,717.40892405
2024-10-16 04:00:00,90868000.0,91128000.0,90500000.0,90747000.0,368.06608415
2024-10-16 08:00:00,90747000.0,92350000.0,90733000.0,91786000.0,913.50291465
2024-10-16 12:00:00,91787000.0,92340000.0,91000000.0,91732000.0,875.22490127
2024-10-16 16:00:00,91732000.0,92100000.0,91560000.0,91788000.0,154.13142184
2024-10-16 20:00:00,91788000.0,91980000.0,91300000.0,91610000.0,262.62042622
2024-10-17 00:00:00,91610000.0,91999000.0,91401000.0,91724000.0,376.14787631
2024-10-17 04:00:00,91724000.0,91756000.0,91150000.0,91400000.0,404.51159466
2024-10-17 08:00:00,91320000.0,91980000.0,91203000.0,91293000.0,533.93998834
2024-10-17 12:00:00,91294000.0,92000000.0,91151000.0,91949000.0,480.25326687
2024-10-17 16:00:00,91949000.0,91980000.0,91280000.0,91323000.0,153.49562935
2024-10-17 20:00:00,91357000.0,91885000.0,91303000.0,91725000.0,218.55336499
2024-10-18 00:00:00,91758000.0,92490000.0,91510000.0,91995000.0,581.0467977
2024-10-18 04:00:00,91995000.0,92980000.0,91993000.0,92543000.0,520.87063469
2024-10-18 08:00:00,92530000.0,92693000.0,92414000.0,92480000.0,283.87002259
2024-10-18 12:00:00,92480000.0,93697000.0,92340000.0,93600000.0,748.80431338
2024-10-18 16:00:00,93600000.0,93689000.0,93056000.0,93389000.0,313.5784554
2024-10-18 20:00:00,93381000.0,93544000.0,93074000.0,93330000.0,255.23323225
2024-10-19 00:00:00,93358000.0,93529000.0,93130000.0,93353000.0,321.58448765
2024-10-19 04:00:00,93353000.0,93479000.0,93166000.0,93297000.0,187.62913614
2024-10-19 08:00:00,93297000.0,93593000.0,93144000.0,93144000.0,225.25834517
2024-10-19 12:00:00,93143000.0,93330000.0,93060000.0,93066000.0,214.75890647
2024-10-19 16:00:00,93066000.0,93165000.0,92769000.0,93100000.0,156.90119139
2024-10-19 20:00:00,93100000.0,93403000.0,93097000.0,93322000.0,98.01159428
2024-10-20 00:00:00,93322000.0,93400000.0,92960000.0,92980000.0,211.19773674
2024-10-20 04:00:00,92995000.0,93399000.0,92956000.0,93285000.0,185.9949046
2024-10-20 08:00:00,93299000.0,93599000.0,93277000.0,93573000.0,221.98536519
2024-10-20 12:00:00,93573000.0,93881000.0,93278000.0,93600000.0,483.52818984
2024-10-20 16:00:00,93595000.0,93630000.0,93372000.0,93441000.0,141.75977904
2024-10-20 20:00:00,93441000.0,94299000.0,93420000.0,93901000.0,521.56509205
2024-10-21 00:00:00,93901000.0,94456000.0,93583000.0,94014000.0,628.37621297
2024-10-21 04:00:00,94014000.0,94303000.0,93606000.0,93622000.0,458.74960714
2024-10-21 08:00:00,93622000.0,93844000.0,92861000.0,93250000.0,576.93357567
2024-10-21 12:00:00,93208000.0,93430000.0,91459000.0,92161000.0,1267.13046982
2024-10-21 16:00:00,92140000.0,92899000.0,91624000.0,92701000.0,251.81976991
2024-10-21 20:00:00,92702000.0,93103000.0,92161000.0,92161000.0,309.65991235
2024-10-22 00:00:00,92161000.0,92807000.0,91090000.0,92392000.0,715.3945956
2024-10-22 04:00:00,92392000.0,92997000.0,92265000.0,92500000.0,348.54066796
2024-10-22 08:00:00,92500000.0,92773000.0,91700000.0,92405000.0,463.6000756
2024-10-22 12:00:00,92405000.0,92800000.0,91818000.0,92483000.0,451.68640462
2024-10-22 16:00:00,92504000.0,92897000.0,92140000.0,92764000.0,136.16767711
2024-10-22 20:00:00,92764000.0,93380000.0,92699000.0,92877000.0,275.51396467
2024-10-23 00:00:00,92877000.0,93000000.0,92397000.0,92582000.0,317.49831354
2024-10-23 04:00:00,92600000.0,92770000.0,92330000.0,92475000.0,205.24220187
2024-10-23 08:00:00,92474000.0,92650000.0,91726000.0,91876000.0,486.35504047
2024-10-23 12:00:00,91876000.0,92490000.0,91500000.0,91760000.0,442.06924082
2024-10-23 16:00:00,91760000.0,92383000.0,90860000.0,92150000.0,502.33571338
2024-10-23 20:00:00,92120000.0,92454000.0,91895000.0,92375000.0,216.27025173
2024-10-24 00:00:00,92375000.0,93330000.0,92080000.0,92763000.0,562.27234177
2024-10-24 04:00:00,92763000.0,93151000.0,92750000.0,92785000.0,223.41115881
2024-10-24 08:00:00,92785000.0,93109000.0,92219000.0,93049000.0,296.60654867
2024-10-24 12:00:00,93015000.0,93803000.0,93015000.0,93603000.0,656.50699207
2024-10-24 16:00:00,93603000.0,94127000.0,93237000.0,94057000.0,221.64692369
2024-10-24 20:00:00,94120000.0,94699000.0,93849000.0,94077000.0,508.0991172
2024-10-25 00:00:00,94077000.0,94300000.0,93620000.0,94124000.0,402.97768382
2024-10-25 04:00:00,94124000.0,94172000.0,93589000.0,93816000.0,323.70551378
2024-10-25 08:00:00,93817000.0,94511000.0,93699000.0,94511000.0,319.56092445
2024-10-25 12:00:00,94510000.0,95143000.0,93912000.0,94266000.0,928.36184883
2024-10-25 16:00:00,94230000.0,94460000.0,92726000.0,93550000.0,637.26765572
2024-10-25 20:00:00,93550000.0,94300000.0,92432000.0,93762000.0,841.39585222
2024-10-26 00:00:00,93762000.0,93995000.0,93297000.0,93811000.0,411.0182611
2024-10-26 04:00:00,93846000.0,94162000.0,93643000.0,93878000.0,230.36619586
2024-10-26 08:00:00,93892000.0,94261000.0,93878000.0,94090000.0,189.19792334
2024-10-26 12:00:00,94091000.0,94117000.0,93650000.0,93885000.0,189.02166093
2024-10-26 16:00:00,93885000.0,94124000.0,93802000.0,94030000.0,54.84461098
2024-10-26 20:00:00,94048000.0,94298000.0,93928000.0,93993000.0,107.50965939
2024-10-27 00:00:00,93993000.0,94175000.0,93902000.0,94116000.0,146.03326186
2024-10-27 04:00:00,94166000.0,94176000.0,93990000.0,94018000.0,92.00820542
2024-10-27 08:00:00,94086000.0,94126000.0,93900000.0,94047000.0,166.40597632
2024-10-27 12:00:00,94047000.0,94781000.0,94003000.0,94733000.0,491.32778956
2024-10-27 16:00:00,94729000.0,94802000.0,94439000.0,94738000.0,148.39839879
2024-10-27 20:00:00,94738000.0,95120000.0,94670000.0,94819000.0,368.60001426
2024-10-28 00:00:00,94824000.0,95042000.0,94563000.0,94646000.0,395.13561521
2024-10-28 04:00:00,94646000.0,95495000.0,94520000.0,95239000.0,484.40826037
2024-10-28 08:00:00,95238000.0,95866000.0,95020000.0,95754000.0,458.75690428
2024-10-28 12:00:00,95749000.0,96500000.0,95627000.0,95771000.0,991.54249912
2024-10-28 16:00:00,95770000.0,97134000.0,95726000.0,96851000.0,446.38620238
2024-10-28 20:00:00,96850000.0,97714000.0,96654000.0,97401000.0,670.86020376
2024-10-29 00:00:00,97401000.0,99280000.0,97200000.0,98702000.0,1355.19364048
2024-10-29 04:00:00,98702000.0,99200000.0,98554000.0,98918000.0,568.87686087
2024-10-29 08:00:00,98865000.0,99755000.0,98865000.0,99577000.0,569.91224197
2024-10-29 12:00:00,99576000.0,100480000.0,98850000.0,100480000.0,1525.15067142
2024-10-29 16:00:00,100477000.0,102158000.0,100477000.0,100911000.0,955.81210022
2024-10-29 20:00:00,100901000.0,101507000.0,100077000.0,101305000.0,719.63628218
2024-10-30 00:00:00,101300000.0,101305000.0,99711000.0,100210000.0,1104.04831708
2024-10-30 04:00:00,100202000.0,100799000.0,100150000.0,100508000.0,351.02985999
2024-10-30 08:00:00,100500000.0,100776000.0,99923000.0,100064000.0,410.98738641
2024-10-30 12:00:00,100077000.0,100500000.0,99135000.0,100200000.0,1027.56342974
2024-10-30 16:00:00,100200000.0,100239000.0,99708000.0,99906000.0,139.6885191
2024-10-30 20:00:00,99910000.0,101000000.0,99700000.0,100571000.0,403.99845518
2024-10-31 00:00:00,100571000.0,100800000.0,100166000.0,100512000.0,331.53884727
2024-10-31 04:00:00,100513000.0,100700000.0,100300000.0,100684000.0,243.14218322
2024-10-31 08:00:00,100684000.0,100893000.0,100370000.0,100535000.0,290.68750816
2024-10-31 12:00:00,100540000.0,100595000.0,98448000.0,98672000.0,1549.46422696
2024-10-31 16:00:00,98721000.0,99045000.0,98000000.0,98010000.0,468.60582815
2024-10-31 20:00:00,98010000.0,98568000.0,97300000.0,98112000.0,786.7880392
2024-11-01 00:00:00,98112000.0,98535000.0,95520000.0,96603000.0,1747.27169009
2024-11-01 04:00:00,96603000.0,97125000.0,96160000.0,96458000.0,479.37892342
2024-11-01 08:00:00,96458000.0,98070000.0,96350000.0,97686000.0,574.58399802
2024-11-01 12:00:00,97660000.0,99758000.0,96539000.0,96936000.0,1383.44824034
2024-11-01 16:00:00,96936000.0,98500000.0,96350000.0,97066000.0,426.07932327
2024-11-01 20:00:00,97041000.0,97554000.0,96550000.0,97285000.0,240.12042823
2024-11-02 00:00:00,97331000.0,97999000.0,97055000.0,97502000.0,271.28635163
2024-11-02 04:00:00,97502000.0,97860000.0,97375000.0,97860000.0,166.61236855
2024-11-02 08:00:00,97860000.0,97890000.0,97310000.0,97469000.0,213.0905468
2024-11-02 12:00:00,97470000.0,97697000.0,96825000.0,97280000.0,458.12308315
2024-11-02 16:00:00,97197000.0,97661000.0,97161000.0,97629000.0,127.80241448
2024-11-02 20:00:00,97630000.0,97688000.0,96825000.0,97205000.0,182.29586852
2024-11-03 00:00:00,97205000.0,97232000.0,95271000.0,95950000.0,1035.38194246
2024-11-03 04:00:00,95950000.0,96386000.0,95600000.0,95699000.0,398.04172937
2024-11-03 08:00:00,95706000.0,95950000.0,95050000.0,95226000.0,663.938954
2024-11-03 12:00:00,95226000.0,95651000.0,93905000.0,94997000.0,1302.13485646
2024-11-03 16:00:00,94999000.0,96086000.0,94700000.0,96086000.0,355.51089083
2024-11-03 20:00:00,96059000.0,97167000.0,95550000.0,95883000.0,603.14876379
2024-11-04 00:00:00,95987000.0,96803000.0,94801000.0,96021000.0,690.17567869
2024-11-04 04:00:00,96021000.0,96423000.0,95000000.0,95300000.0,438.14671583
2024-11-04 08:00:00,95290000.0,95818000.0,95036000.0,95633000.0,333.6153382
2024-11-04 12:00:00,95604000.0,96239000.0,94850000.0,95452000.0,584.44807331
2024-11-04 16:00:00,95447000.0,95500000.0,93880000.0,94674000.0,558.83978755
2024-11-04 20:00:00,94675000.0,94675000.0,93083000.0,94289000.0,951.66622524
2024-11-05 00:00:00,94289000.0,95000000.0,93958000.0,95000000.0,620.98519735
2024-11-05 04:00:00,94999000.0,96446000.0,94933000.0,96214000.0,903.71399013
2024-11-05 08:00:00,96250000.0,96530000.0,95500000.0,95960000.0,610.61031696
2024-11-05 12:00:00,95960000.0,98074000.0,95655000.0,96875000.0,1379.51476132
2024-11-05 16:00:00,96903000.0,98000000.0,95940000.0,96205000.0,605.82505508
2024-11-05 20:00:00,96129000.0,97075000.0,95503000.0,96170000.0,665.16818738
2024-11-06 00:00:00,96196000.0,103514000.0,96104000.0,102500000.0,5594.17525635
2024-11-06 04:00:00,102486000.0,103824000.0,99400000.0,100402000.0,5426.35160811
2024-11-06 08:00:00,100402000.0,102700000.0,99371000.0,102605000.0,2710.50353668
2024-11-06 12:00:00,102600000.0,103000000.0,101401000.0,102506000.0,1539.05243461
2024-11-06 16:00:00,102506000.0,103800000.0,102300000.0,103800000.0,673.31611599
2024-11-06 20:00:00,103800000.0,104395000.0,103469000.0,104085000.0,1230.28383314
2024-11-07 00:00:00,104085000.0,104621000.0,102962000.0,103203000.0,1947.5981264
2024-11-07 04:00:00,103202000.0,103207000.0,102290000.0,102993000.0,837.29939577
2024-11-07 08:00:00,102998000.0,103724000.0,102901000.0,103322000.0,483.73517694
2024-11-07 12:00:00,103309000.0,104328000.0,102850000.0,104328000.0,785.61571043
2024-11-07 16:00:00,104328000.0,104886000.0,103865000.0,104761000.0,746.55055835
2024-11-07 20:00:00,104783000.0,104999000.0,103546000.0,104115000.0,716.39078054
2024-11-08 00:00:00,104177000.0,104999000.0,104109000.0,104905000.0,907.14402374
2024-11-08 04:00:00,104905000.0,104998000.0,104600000.0,104981000.0,463.31075189
2024-11-08 08:00:00,104981000.0,105788000.0,104625000.0,105508000.0,1223.2770727
2024-11-08 12:00:00,105508000.0,106381000.0,105001000.0,106230000.0,1051.00843352
2024-11-08 16:00:00,106226000.0,107591000.0,105690000.0,107284000.0,686.17518336
2024-11-08 20:00:00,107288000.0,107523000.0,106350000.0,106843000.0,773.94027642
2024-11-09 00:00:00,106845000.0,106990000.0,106020000.0,106611000.0,793.90916818
2024-11-09 04:00:00,106610000.0,106990000.0,106355000.0,106478000.0,549.72472891
2024-11-09 08:00:00,106478000.0,106588000.0,106350000.0,106387000.0,332.77879442
2024-11-09 12:00:00,106387000.0,106580000.0,105960000.0,106533000.0,443.29171335
2024-11-09 16:00:00,106532000.0,106718000.0,105873000.0,106256000.0,211.02607743
2024-11-09 20:00:00,106255000.0,106531000.0,106021000.0,106294000.0,371.72240533
2024-11-10 00:00:00,106294000.0,107500000.0,106050000.0,107152000.0,999.8999221
2024-11-10 04:00:00,107153000.0,110376000.0,107130000.0,109428000.0,2277.51607036
2024-11-10 08:00:00,109426000.0,111099000.0,109425000.0,110787000.0,1220.8371169
2024-11-10 12:00:00,110798000.0,111002000.0,109133000.0,110103000.0,1593.14710331
2024-11-10 16:00:00,110102000.0,111150000.0,109627000.0,110205000.0,815.9057439
2024-11-10 20:00:00,110146000.0,112470000.0,108715000.0,111440000.0,1203.73060423
2024-11-11 00:00:00,111440000.0,114402000.0,111273000.0,114242000.0,1921.58059897
2024-11-11 04:00:00,114235000.0,114344000.0,111590000.0,113690000.0,1772.78915696
2024-11-11 08:00:00,113667000.0,115200000.0,113524000.0,114777000.0,1279.35221546
2024-11-11 12:00:00,114884000.0,117255000.0,114500000.0,117143000.0,1829.84094193
2024-11-11 16:00:00,117141000.0,120228000.0,117029000.0,119941000.0,1808.5470986
2024-11-11 20:00:00,119941000.0,125073000.0,119940000.0,124503000.0,3444.72131234
2024-11-12 00:00:00,124476000.0,126689000.0,120483000.0,124511000.0,4431.58060863
2024-11-12 04:00:00,124510000.0,128010000.0,123750000.0,126658000.0,2440.18341563
2024-11-12 08:00:00,126658000.0,127200000.0,118864000.0,124165000.0,4970.06594583
2024-11-12 12:00:00,124162000.0,125123000.0,120295000.0,123189000.0,3041.0157134
2024-11-12 16:00:00,123164000.0,127300000.0,122165000.0,125831000.0,1009.44619576
2024-11-12 20:00:00,125900000.0,127175000.0,124557000.0,124967000.0,1145.46768353
2024-11-13 00:00:00,124951000.0,126725000.0,124800000.0,124884000.0,1465.15511353
2024-11-13 04:00:00,124943000.0,125620000.0,122771000.0,124759000.0,2128.67571721
2024-11-13 08:00:00,124758000.0,125360000.0,124000000.0,124625000.0,812.31669419
2024-11-13 12:00:00,124625000.0,130000000.0,124393000.0,129750000.0,3234.91423871
2024-11-13 16:00:00,129776000.0,131041000.0,127580000.0,128009000.0,1943.06127883
2024-11-13 20:00:00,128109000.0,129130000.0,125500000.0,128111000.0,1629.95744654
2024-11-14 00:00:00,128111000.0,128501000.0,127300000.0,128150000.0,1354.65916243
2024-11-14 04:00:00,128168000.0,129259000.0,127267000.0,129042000.0,891.43409915
2024-11-14 08:00:00,129042000.0,130500000.0,128299000.0,130040000.0,1527.43303656
2024-11-14 12:00:00,130040000.0,130492000.0,125884000.0,125899000.0,2152.90905153
2024-11-14 16:00:00,125884000.0,127300000.0,125435000.0,126895000.0,778.24575768
2024-11-14 20:00:00,127009000.0,127009000.0,121674000.0,123572000.0,2468.39873153
2024-11-15 00:00:00,123543000.0,125992000.0,123370000.0,125211000.0,1258.50778211
2024-11-15 04:00:00,125272000.0,125400000.0,123670000.0,124568000.0,736.65071354
2024-11-15 08:00:00,124566000.0,127195000.0,124233000.0,127086000.0,885.3884718
2024-11-15 12:00:00,127086000.0,128214000.0,124700000.0,125794000.0,1576.05751458
2024-11-15 16:00:00,125785000.0,128080000.0,125700000.0,127608000.0,531.88180367
2024-11-15 20:00:00,127611000.0,128950000.0,127575000.0,128236000.0,955.02287133
2024-11-16 00:00:00,128128000.0,129103000.0,127750000.0,128617000.0,817.84650886
2024-11-16 04:00:00,128562000.0,128950000.0,128001000.0,128299000.0,473.04779032
2024-11-16 08:00:00,128288000.0,128707000.0,127715000.0,128170000.0,696.25931934
2024-11-16 12:00:00,128170000.0,128251000.0,126090000.0,126793000.0,1227.23778081
2024-11-16 16:00:00,126793000.0,127449000.0,126428000.0,127041000.0,301.01255245
2024-11-16 20:00:00,127123000.0,127383000.0,126500000.0,127071000.0,398.6925352
2024-11-17 00:00:00,127130000.0,127971000.0,125252000.0,127199000.0,1049.9431525
2024-11-17 04:00:00,127063000.0,127629000.0,126880000.0,126992000.0,536.54399865
2024-11-17 08:00:00,126992000.0,128000000.0,126910000.0,127400000.0,519.19268201
2024-11-17 12:00:00,127397000.0,127704000.0,126509000.0,126872000.0,534.72202333
2024-11-17 16:00:00,126872000.0,127098000.0,126350000.0,126797000.0,218.87992945
2024-11-17 20:00:00,126712000.0,126990000.0,125328000.0,126472000.0,462.54404758
2024-11-18 00:00:00,126469000.0,127482000.0,126200000.0,126968000.0,553.89177518
2024-11-18 04:00:00,126968000.0,128353000.0,126636000.0,127999000.0,942.16895639
2024-11-18 08:00:00,127999000.0,128895000.0,126599000.0,126989000.0,1000.13783755
2024-11-18 12:00:00,126989000.0,128895000.0,126133000.0,128595000.0,1366.68873395
2024-11-18 16:00:00,128590000.0,128884000.0,126300000.0,127419000.0,662.48511433
2024-11-18 20:00:00,127383000.0,128580000.0,126821000.0,127142000.0,657.01665198
2024-11-19 00:00:00,127142000.0,128031000.0,127050000.0,127893000.0,550.49837125
2024-11-19 04:00:00,127877000.0,128580000.0,127662000.0,128107000.0,670.57439006
2024-11-19 08:00:00,128107000.0,128700000.0,128033000.0,128396000.0,486.40067189
2024-11-19 12:00:00,128396000.0,129673000.0,127759000.0,129405000.0,1554.27807618
2024-11-19 16:00:00,129417000.0,130998000.0,129050000.0,130245000.0,1010.70416427
2024-11-19 20:00:00,130245000.0,130762000.0,128808000.0,129720000.0,762.38526704
2024-11-20 00:00:00,129711000.0,129896000.0,128448000.0,129083000.0,881.41000945
2024-11-20 04:00:00,129083000.0,130005000.0,128800000.0,129970000.0,583.01540795
2024-11-20 08:00:00,129966000.0,131036000.0,129963000.0,130990000.0,972.83051126
2024-11-20 12:00:00,130990000.0,132659000.0,130693000.0,132620000.0,1988.47889733
2024-11-20 16:00:00,132616000.0,132846000.0,131341000.0,132644000.0,722.59329964
2024-11-20 20:00:00,132614000.0,133328000.0,132512000.0,133180000.0,783.02617486
2024-11-21 00:00:00,133180000.0,136221000.0,133001000.0,135978000.0,2317.60063011
2024-11-21 04:00:00,135978000.0,137700000.0,135876000.0,136675000.0,2426.47598981
2024-11-21 08:00:00,136674000.0,138707000.0,135850000.0,138343000.0,1622.42385771
2024-11-21 12:00:00,138342000.0,138431000.0,134348000.0,135637000.0,2561.27020598
2024-11-21 16:00:00,135637000.0,137800000.0,135212000.0,136899000.0,683.64650911
2024-11-21 20:00:00,136899000.0,137850000.0,136504000.0,137050000.0,748.55031736
2024-11-22 00:00:00,137050000.0,138350000.0,136900000.0,137991000.0,1454.17958391
2024-11-22 04:00:00,137980000.0,138770000.0,137482000.0,138489000.0,1062.69999785
2024-11-22 08:00:00,138480000.0,138600000.0,137719000.0,137830000.0,790.71053267
2024-11-22 12:00:00,137835000.0,138230000.0,129500000.0,137538000.0,4189.72362182
2024-11-22 16:00:00,137533000.0,138500000.0,136670000.0,137934000.0,679.16351653
2024-11-22 20:00:00,137920000.0,138333000.0,136343000.0,136879000.0,702.7175246
2024-11-23 00:00:00,136879000.0,136886000.0,135928000.0,136361000.0,1172.91979063
2024-11-23 04:00:00,136361000.0,136370000.0,135609000.0,136025000.0,701.91271451
2024-11-23 08:00:00,136025000.0,136347000.0,135550000.0,136002000.0,618.30471028
2024-11-23 12:00:00,136002000.0,137178000.0,135001000.0,135200000.0,1124.03152499
2024-11-23 16:00:00,135200000.0,136129000.0,134195000.0,135819000.0,745.60744951
2024-11-23 20:00:00,135819000.0,136405000.0,135284000.0,136000000.0,412.82619551
2024-11-24 00:00:00,136000000.0,136820000.0,135750000.0,136208000.0,788.9261867
2024-11-24 04:00:00,136166000.0,136397000.0,135550000.0,136069000.0,555.33509991
2024-11-24 08:00:00,136067000.0,136200000.0,133000000.0,133250000.0,1474.4964386
2024-11-24 12:00:00,133250000.0,135071000.0,131501000.0,132301000.0,2254.44483716
2024-11-24 16:00:00,132301000.0,133788000.0,132197000.0,133203000.0,334.96789006
2024-11-24 20:00:00,133203000.0,137000000.0,133030000.0,136096000.0,958.44100612
2024-11-25 00:00:00,136110000.0,136169000.0,133710000.0,134995000.0,779.21609978
2024-11-25 04:00:00,134990000.0,135478000.0,134660000.0,135279000.0,387.41318152
2024-11-25 08:00:00,135278000.0,136075000.0,134787000.0,135015000.0,663.73075445
2024-11-25 12:00:00,135015000.0,135375000.0,132180000.0,133310000.0,1163.2923421
2024-11-25 16:00:00,133311000.0,134034000.0,132200000.0,132300000.0,486.86573029
2024-11-25 20:00:00,132300000.0,133027000.0,129688000.0,129791000.0,1867.22127603
2024-11-26 00:00:00,129791000.0,132579000.0,129072000.0,131220000.0,1335.4106714
2024-11-26 04:00:00,131268000.0,132200000.0,130500000.0,130781000.0,620.01537867
2024-11-26 08:00:00,130782000.0,130968000.0,127416000.0,128749000.0,2392.59212646
2024-11-26 12:00:00,128749000.0,130370000.0,127998000.0,129775000.0,1372.87628537
2024-11-26 16:00:00,129775000.0,132000000.0,128700000.0,128820000.0,571.99382968
2024-11-26 20:00:00,128819000.0,129384000.0,127604000.0,128783000.0,770.39421874
2024-11-27 00:00:00,128800000.0,129780000.0,127900000.0,129283000.0,753.65976627
2024-11-27 04:00:00,129319000.0,130902000.0,129087000.0,130791000.0,669.95852886
2024-11-27 08:00:00,130791000.0,130795000.0,129697000.0,129999000.0,510.3486801
2024-11-27 12:00:00,129997000.0,132866000.0,129184000.0,132255000.0,1034.96504147
2024-11-27 16:00:00,132281000.0,133504000.0,131700000.0,133504000.0,547.66787265
2024-11-27 20:00:00,133500000.0,134300000.0,132885000.0,132999000.0,846.40840456
2024-11-28 00:00:00,132999000.0,134577000.0,131438000.0,132560000.0,1039.75554111
2024-11-28 04:00:00,132560000.0,133205000.0,132125000.0,132743000.0,378.56064607
2024-11-28 08:00:00,132734000.0,133750000.0,132183000.0,133352000.0,415.62529831
2024-11-28 12:00:00,133352000.0,134000000.0,133000000.0,133314000.0,630.6225701
2024-11-28 16:00:00,133181000.0,133511000.0,132850000.0,133058000.0,177.26022237
2024-11-28 20:00:00,132981000.0,133507000.0,132600000.0,133138000.0,299.28599181
2024-11-29 00:00:00,133144000.0,134500000.0,132850000.0,134254000.0,675.87809524
2024-11-29 04:00:00,134254000.0,134299000.0,133222000.0,133222000.0,400.11827543
2024-11-29 08:00:00,133221000.0,135000000.0,133200000.0,134727000.0,556.81124224
2024-11-29 12:00:00,134716000.0,136274000.0,134310000.0,135873000.0,1047.4186588
2024-11-29 16:00:00,135868000.0,136191000.0,134349000.0,134504000.0,398.58189326
2024-11-29 20:00:00,134503000.0,135030000.0,134279000.0,134542000.0,377.00208865
2024-11-30 00:00:00,134542000.0,134809000.0,133774000.0,133855000.0,659.74954453
2024-11-30 04:00:00,133852000.0,134600000.0,133702000.0,134128000.0,526.69933094
2024-11-30 08:00:00,134090000.0,134320000.0,133600000.0,133706000.0,402.9365529
2024-11-30 12:00:00,133702000.0,134317000.0,133698000.0,134077000.0,377.6305635
2024-11-30 16:00:00,134077000.0,134473000.0,133957000.0,134472000.0,134.317711
2024-11-30 20:00:00,134473000.0,134500000.0,133700000.0,133701000.0,273.53327148
2024-12-01 00:00:00,133722000.0,134214000.0,133297000.0,134040000.0,633.68179169
2024-12-01 04:00:00,134040000.0,134400000.0,133804000.0,134181000.0,305.55227229
2024-12-01 08:00:00,134199000.0,134995000.0,134178000.0,134995000.0,504.94511965
2024-12-01 12:00:00,134995000.0,135197000.0,134580000.0,134648000.0,498.86461183
2024-12-01 16:00:00,134649000.0,135199000.0,134000000.0,134299000.0,245.05895424
2024-12-01 20:00:00,134150000.0,134778000.0,133800000.0,133802000.0,647.04374833
2024-12-02 00:00:00,133802000.0,135800000.0,133800000.0,134258000.0,1237.07417256
2024-12-02 04:00:00,134258000.0,134846000.0,133838000.0,134075000.0,692.47122999
2024-12-02 08:00:00,134075000.0,134125000.0,132260000.0,133424000.0,1224.67615351
2024-12-02 12:00:00,133424000.0,134990000.0,133272000.0,134796000.0,1060.74329947
2024-12-02 16:00:00,134801000.0,135000000.0,132600000.0,133711000.0,627.12124751
2024-12-02 20:00:00,133711000.0,134250000.0,133000000.0,133535000.0,514.68872206
2024-12-03 00:00:00,133523000.0,134250000.0,133357000.0,133800000.0,720.91841516
2024-12-03 04:00:00,133800000.0,133931000.0,133199000.0,133754000.0,672.42325619
2024-12-03 08:00:00,133754000.0,133789000.0,132500000.0,132511000.0,658.19896357
2024-12-03 12:00:00,132511000.0,132866000.0,88266000.0,132519000.0,12219.75689821
2024-12-03 16:00:00,132514000.0,134167000.0,131697000.0,133410000.0,2605.86675113
2024-12-03 20:00:00,133415000.0,134680000.0,133277000.0,133700000.0,1219.91997182
2024-12-04 00:00:00,133720000.0,135601000.0,133600000.0,134442000.0,1376.23477004
2024-12-04 04:00:00,134445000.0,135581000.0,134343000.0,135377000.0,739.08294119
2024-12-04 08:00:00,135377000.0,135954000.0,134787000.0,134920000.0,655.77591343
2024-12-04 12:00:00,134920000.0,135356000.0,134000000.0,134889000.0,908.70504198
2024-12-04 16:00:00,134889000.0,136250000.0,133499000.0,136250000.0,836.85378481
2024-12-04 20:00:00,136245000.0,139920000.0,136204000.0,138760000.0,2453.21836053
2024-12-05 00:00:00,138765000.0,146100000.0,136980000.0,144680000.0,5835.616217
2024-12-05 04:00:00,144662000.0,145460000.0,142216000.0,143344000.0,2049.65553991
2024-12-05 08:00:00,143322000.0,144500000.0,143322000.0,143891000.0,725.0607692
2024-12-05 12:00:00,143891000.0,145027000.0,142002000.0,142403000.0,1396.03133376
2024-12-05 16:00:00,142369000.0,143300000.0,139120000.0,139668000.0,797.90990021
2024-12-05 20:00:00,139668000.0,140621000.0,134000000.0,137501000.0,2775.01611403
2024-12-06 00:00:00,137501000.0,139865000.0,136100000.0,137507000.0,1584.32557374
2024-12-06 04:00:00,137507000.0,138003000.0,137072000.0,137828000.0,660.31405939
2024-12-06 08:00:00,137828000.0,138637000.0,136840000.0,137564000.0,928.1498661
2024-12-06 12:00:00,137559000.0,139196000.0,136000000.0,138679000.0,1494.7232796
2024-12-06 16:00:00,138603000.0,141502000.0,137891000.0,140967000.0,738.42466206
2024-12-06 20:00:00,140855000.0,141450000.0,138001000.0,139340000.0,773.82066092
2024-12-07 00:00:00,139402000.0,140411000.0,138693000.0,138706000.0,740.87912651
2024-12-07 04:00:00,138706000.0,139380000.0,137698000.0,138241000.0,534.17327077
2024-12-07 08:00:00,138240000.0,139415000.0,137735000.0,138942000.0,477.85415604
2024-12-07 12:00:00,138942000.0,139000000.0,138224000.0,138555000.0,351.47448658
2024-12-07 16:00:00,138618000.0,139346000.0,138318000.0,139154000.0,233.43882133
2024-12-07 20:00:00,139154000.0,139511000.0,138650000.0,138960000.0,308.7610831
2024-12-08 00:00:00,138970000.0,139665000.0,138924000.0,139333000.0,444.86274966
2024-12-08 04:00:00,139332000.0,139555000.0,139128000.0,139407000.0,371.52479431
2024-12-08 08:00:00,139407000.0,139998000.0,138620000.0,139990000.0,537.45463058
2024-12-08 12:00:00,139990000.0,140500000.0,139279000.0,140093000.0,702.04166281
2024-12-08 16:00:00,140093000.0,140161000.0,139278000.0,140088000.0,156.90119125
2024-12-08 20:00:00,140092000.0,141400000.0,139769000.0,141005000.0,363.14031049
2024-12-09 00:00:00,141056000.0,141399000.0,138655000.0,139497000.0,891.11832203
2024-12-09 04:00:00,139490000.0,140100000.0,138950000.0,139853000.0,576.38201419
2024-12-09 08:00:00,139800000.0,140000000.0,137300000.0,137447000.0,1183.97018424
2024-12-09 12:00:00,137445000.0,141000000.0,137311000.0,138396000.0,1254.16486341
2024-12-09 16:00:00,138335000.0,138992000.0,137400000.0,137483000.0,343.70656156
2024-12-09 20:00:00,137482000.0,139507000.0,135900000.0,138864000.0,1988.99042116
2024-12-10 00:00:00,138934000.0,140000000.0,135490000.0,138012000.0,1908.96988753
2024-12-10 04:00:00,138013000.0,139486000.0,136579000.0,138730000.0,781.42910767
2024-12-10 08:00:00,138730000.0,139846000.0,138233000.0,139367000.0,513.42135316
2024-12-10 12:00:00,139367000.0,139750000.0,137470000.0,137635000.0,1055.61956861
2024-12-10 16:00:00,137602000.0,138286000.0,136183000.0,137452000.0,858.88448473
2024-12-10 20:00:00,137481000.0,138750000.0,137059000.0,138205000.0,596.78628362
2024-12-11 00:00:00,138205000.0,138984000.0,136500000.0,138638000.0,1303.40328357
2024-12-11 04:00:00,138638000.0,139000000.0,138353000.0,138605000.0,427.62367825
2024-12-11 08:00:00,138606000.0,139999000.0,138510000.0,139951000.0,673.90741542
2024-12-11 12:00:00,139952000.0,143000000.0,139590000.0,142300000.0,1678.00376868
2024-12-11 16:00:00,142300000.0,143373000.0,141089000.0,143208000.0,803.79307208
2024-12-11 20:00:00,143208000.0,144276000.0,142851000.0,143111000.0,899.77140204
2024-12-12 00:00:00,143111000.0,144490000.0,142300000.0,143491000.0,967.39004945
2024-12-12 04:00:00,143491000.0,143852000.0,142517000.0,142566000.0,604.87181246
2024-12-12 08:00:00,142557000.0,143405000.0,142555000.0,142711000.0,391.04797755
2024-12-12 12:00:00,142810000.0,144366000.0,142712000.0,144312000.0,997.90430588
2024-12-12 16:00:00,144252000.0,145000000.0,142000000.0,142225000.0,727.88897344
2024-12-12 20:00:00,142225000.0,143390000.0,142047000.0,142757000.0,420.55022643
2024-12-13 00:00:00,142780000.0,143398000.0,142001000.0,142684000.0,556.37307138
2024-12-13 04:00:00,142684000.0,143200000.0,142443000.0,143136000.0,329.56592715
2024-12-13 08:00:00,143133000.0,143800000.0,142911000.0,143516000.0,310.46626094
2024-12-13 12:00:00,143515000.0,143900000.0,142700000.0,142921000.0,531.64230123
2024-12-13 16:00:00,142921000.0,144790000.0,142783000.0,144493000.0,530.42966967
2024-12-13 20:00:00,144493000.0,144865000.0,144144000.0,144402000.0,265.80466852
2024-12-14 00:00:00,144432000.0,146051000.0,144183000.0,145524000.0,1116.62815216
2024-12-14 04:00:00,145523000.0,145599000.0,144800000.0,145527000.0,468.11350905
2024-12-14 08:00:00,145527000.0,145790000.0,145099000.0,145544000.0,330.36595437
2024-12-14 12:00:00,145545000.0,145900000.0,143973000.0,145850000.0,784.91697248
2024-12-14 16:00:00,145850000.0,145923000.0,145027000.0,145787000.0,222.31303004
2024-12-14 20:00:00,145787000.0,146000000.0,145100000.0,145927000.0,273.41908507
2024-12-15 00:00:00,145927000.0,146676000.0,145684000.0,146356000.0,641.95563819
2024-12-15 04:00:00,146356000.0,147202000.0,146270000.0,146578000.0,678.58953757
2024-12-15 08:00:00,146578000.0,147105000.0,146450000.0,147105000.0,364.03221357
2024-12-15 12:00:00,147105000.0,149158000.0,147105000.0,147394000.0,1716.56131633
2024-12-15 16:00:00,147387000.0,148289000.0,147250000.0,148200000.0,224.6500335
2024-12-15 20:00:00,148200000.0,150000000.0,147835000.0,149243000.0,1054.22454636
2024-12-16 00:00:00,149243000.0,152810000.0,149016000.0,150487000.0,2334.34559405
2024-12-16 04:00:00,150487000.0,151700000.0,150120000.0,151371000.0,678.72611868
2024-12-16 08:00:00,151365000.0,151593000.0,150104000.0,150816000.0,672.62609611
2024-12-16 12:00:00,150755000.0,154000000.0,150015000.0,153921000.0,1676.50836081
2024-12-16 16:00:00,153920000.0,154924000.0,152640000.0,153654000.0,1129.17437118
2024-12-16 20:00:00,153654000.0,153698000.0,152732000.0,153403000.0,637.23717008
2024-12-17 00:00:00,153403000.0,155000000.0,152885000.0,154937000.0,1261.41280594
2024-12-17 04:00:00,154931000.0,155223000.0,154380000.0,155075000.0,699.16528287
2024-12-17 08:00:00,155075000.0,155999000.0,154460000.0,154800000.0,1120.69843711
2024-12-17 12:00:00,154794000.0,157198000.0,154345000.0,155208000.0,1751.59909766
2024-12-17 16:00:00,155205000.0,156000000.0,154795000.0,155370000.0,424.89319413
2024-12-17 20:00:00,155361000.0,155714000.0,153050000.0,155223000.0,928.51152569
2024-12-18 00:00:00,155222000.0,155949000.0,153000000.0,153452000.0,1380.65454179
2024-12-18 04:00:00,153451000.0,153452000.0,150348000.0,153257000.0,1755.07679004
2024-12-18 08:00:00,153257000.0,154350000.0,152050000.0,154148000.0,642.94776371
2024-12-18 12:00:00,154149000.0,154927000.0,152825000.0,154350000.0,800.544379
2024-12-18 16:00:00,154350000.0,154750000.0,152603000.0,153191000.0,517.07174581
2024-12-18 20:00:00,153190000.0,154500000.0,147189000.0,147754000.0,3514.52748322
2024-12-19 00:00:00,147753000.0,152340000.0,147322000.0,152300000.0,2962.49843796
2024-12-19 04:00:00,152300000.0,152315000.0,150600000.0,151744000.0,643.64431334
2024-12-19 08:00:00,151744000.0,153299000.0,151436000.0,152678000.0,649.25455861
2024-12-19 12:00:00,152678000.0,152792000.0,149100000.0,150505000.0,1109.89226191
2024-12-19 16:00:00,150505000.0,151100000.0,146500000.0,147434000.0,1304.25512475
2024-12-19 20:00:00,147430000.0,149499000.0,145000000.0,147474000.0,1802.34802858
2024-12-20 00:00:00,147474000.0,148188000.0,144615000.0,145974000.0,1922.11362248
2024-12-20 04:00:00,145960000.0,147330000.0,145000000.0,146400000.0,936.54285978
2024-12-20 08:00:00,146400000.0,146649000.0,139800000.0,141008000.0,3892.39946254
2024-12-20 12:00:00,141007000.0,148388000.0,139840000.0,146675000.0,3134.76648456
2024-12-20 16:00:00,146674000.0,147910000.0,145610000.0,146117000.0,687.1306663
2024-12-20 20:00:00,146117000.0,148460000.0,143669000.0,148138000.0,994.39310978
2024-12-21 00:00:00,148138000.0,148405000.0,146500000.0,146959000.0,772.64742838
2024-12-21 04:00:00,146959000.0,149700000.0,146650000.0,148901000.0,1005.25684338
2024-12-21 08:00:00,148900000.0,149209000.0,147360000.0,147822000.0,634.30136104
2024-12-21 12:00:00,147822000.0,147865000.0,145249000.0,147441000.0,817.4796707
2024-12-21 16:00:00,147441000.0,147920000.0,146668000.0,147756000.0,202.53969265
2024-12-21 20:00:00,147781000.0,148448000.0,147020000.0,147830000.0,282.02305701
2024-12-22 00:00:00,147836000.0,147950000.0,146080000.0,146744000.0,447.48281795
2024-12-22 04:00:00,146745000.0,146748000.0,145560000.0,145716000.0,410.40533353
2024-12-22 08:00:00,145716000.0,147000000.0,145705000.0,146271000.0,306.1972781
2024-12-22 12:00:00,146292000.0,146821000.0,144500000.0,144905000.0,734.43003983
2024-12-22 16:00:00,144905000.0,145762000.0,144330000.0,144654000.0,264.36298746
2024-12-22 20:00:00,144642000.0,145481000.0,143850000.0,144800000.0,442.19647843
2024-12-23 00:00:00,144802000.0,145260000.0,142118000.0,145204000.0,1163.3609982
2024-12-23 04:00:00,145204000.0,146200000.0,143668000.0,144506000.0,564.51688195
2024-12-23 08:00:00,144506000.0,145658000.0,143800000.0,144871000.0,351.23650317
2024-12-23 12:00:00,144885000.0,145357000.0,141698000.0,141754000.0,851.64944984
2024-12-23 16:00:00,141754000.0,142750000.0,141000000.0,141024000.0,585.4602114
2024-12-23 20:00:00,141011000.0,144094000.0,140487000.0,142901000.0,1397.06648915
2024-12-24 00:00:00,142901000.0,143000000.0,141000000.0,141771000.0,658.25136124
2024-12-24 04:00:00,141771000.0,142198000.0,141220000.0,141712000.0,363.8121166
2024-12-24 08:00:00,141712000.0,142150000.0,141401000.0,142019000.0,272.79823165
2024-12-24 12:00:00,142019000.0,146998000.0,141729000.0,146998000.0,1652.16958243
2024-12-24 16:00:00,146998000.0,148148000.0,145324000.0,145334000.0,808.81151975
2024-12-24 20:00:00,145327000.0,147640000.0,145008000.0,146831000.0,577.48818023
2024-12-25 00:00:00,146832000.0,147059000.0,145395000.0,145633000.0,611.15589309
2024-12-25 04:00:00,145634000.0,147000000.0,145500000.0,146402000.0,384.86976123
2024-12-25 08:00:00,146402000.0,148500000.0,146265000.0,146689000.0,681.8292825
2024-12-25 12:00:00,146721000.0,147832000.0,146400000.0,147664000.0,502.98024818
2024-12-25 16:00:00,147664000.0,148400000.0,147160000.0,148096000.0,252.28043336
2024-12-25 20:00:00,148096000.0,148566000.0,147154000.0,148081000.0,478.33884749
2024-12-26 00:00:00,148216000.0,149000000.0,147579000.0,148186000.0,661.67892793
2024-12-26 04:00:00,148186000.0,148200000.0,146023000.0,146068000.0,528.06496372
2024-12-26 08:00:00,146040000.0,146074000.0,143175000.0,144193000.0,1273.04920633
2024-12-26 12:00:00,144193000.0,144951000.0,143303000.0,144598000.0,532.94428853
2024-12-26 16:00:00,144598000.0,145260000.0,144035000.0,144810000.0,209.72529772
2024-12-26 20:00:00,144810000.0,144837000.0,143973000.0,144076000.0,227.32174551
2024-12-27 00:00:00,144016000.0,145990000.0,143001000.0,145182000.0,742.65101258
2024-12-27 04:00:00,145244000.0,145440000.0,142550000.0,143201000.0,506.10080385
2024-12-27 08:00:00,143201000.0,146117000.0,143136000.0,145284000.0,601.84059606
2024-12-27 12:00:00,145284000.0,145499000.0,142005000.0,142681000.0,683.6064525
2024-12-27 16:00:00,142784000.0,143350000.0,141466000.0,142536000.0,442.12381524
2024-12-27 20:00:00,142545000.0,142900000.0,141990000.0,142111000.0,254.94060375
2024-12-28 00:00:00,142107000.0,142506000.0,141487000.0,142174000.0,398.90989409
2024-12-28 04:00:00,142175000.0,142360000.0,141739000.0,141787000.0,164.51492744
2024-12-28 08:00:00,141848000.0,142297000.0,141528000.0,142203000.0,180.49375997
2024-12-28 12:00:00,142204000.0,142890000.0,141589000.0,141648000.0,286.35887654
2024-12-28 16:00:00,141701000.0,142537000.0,141613000.0,142184000.0,113.47271914
2024-12-28 20:00:00,142184000.0,143000000.0,142063000.0,142302000.0,167.81369619
2024-12-29 00:00:00,142306000.0,142322000.0,141680000.0,142141000.0,233.03044631
2024-12-29 04:00:00,142141000.0,142380000.0,142037000.0,142362000.0,123.46996656
2024-12-29 08:00:00,142362000.0,142362000.0,141770000.0,141837000.0,141.41752542
2024-12-29 12:00:00,141842000.0,142000000.0,140257000.0,141165000.0,549.50559406
2024-12-29 16:00:00,141165000.0,141165000.0,140000000.0,140008000.0,302.06097577
2024-12-29 20:00:00,140008000.0,140517000.0,138600000.0,139735000.0,830.92186862
2024-12-30 00:00:00,139831000.0,139996000.0,138720000.0,139174000.0,559.37775988
2024-12-30 04:00:00,139174000.0,139401000.0,137900000.0,138550000.0,666.3943075
2024-12-30 08:00:00,138550000.0,139610000.0,138537000.0,139329000.0,266.82742738
2024-12-30 12:00:00,139329000.0,139899000.0,135971000.0,137123000.0,1294.34736932
2024-12-30 16:00:00,137123000.0,140065000.0,136680000.0,139686000.0,430.04201012
2024-12-30 20:00:00,139611000.0,140680000.0,136770000.0,137892000.0,550.68090728
2024-12-31 00:00:00,137865000.0,137999000.0,136032000.0,136599000.0,561.73162517
2024-12-31 04:00:00,136595000.0,137663000.0,136497000.0,137557000.0,300.74527971
2024-12-31 08:00:00,137557000.0,140500000.0,137542000.0,140068000.0,802.55268256
2024-12-31 12:00:00,140077000.0,143483000.0,140068000.0,141600000.0,1549.78030772
2024-12-31 16:00:00,141602000.0,141748000.0,140300000.0,140661000.0,123.64222033
2024-12-31 20:00:00,140658000.0,140708000.0,139000000.0,139257000.0,369.00770315
2025-01-01 00:00:00,139394000.0,141225000.0,139200000.0,140145000.0,357.26868109
2025-01-01 04:00:00,140144000.0,140497000.0,139627000.0,140222000.0,208.34252742
2025-01-01 08:00:00,140222000.0,140447000.0,139000000.0,140000000.0,336.66378881
2025-01-01 12:00:00,139999000.0,141500000.0,139932000.0,141118000.0,382.47921298
2025-01-01 16:00:00,141118000.0,141190000.0,140031000.0,140805000.0,245.85264615
2025-01-01 20:00:00,140806000.0,141631000.0,140804000.0,141320000.0,323.93171503
2025-01-02 00:00:00,141322000.0,143000000.0,140920000.0,141765000.0,815.5553577
2025-01-02 04:00:00,141765000.0,142981000.0,141322000.0,142334000.0,414.39943832
2025-01-02 08:00:00,142334000.0,143620000.0,142039000.0,143611000.0,514.30060189
2025-01-02 12:00:00,143612000.0,144132000.0,142345000.0,143216000.0,756.58675771
2025-01-02 16:00:00,143163000.0,144615000.0,142781000.0,144324000.0,362.01497398
2025-01-02 20:00:00,144325000.0,144826000.0,143700000.0,143848000.0,179.37276779
2025-01-03 00:00:00,143848000.0,144008000.0,142922000.0,143436000.0,477.24331448
2025-01-03 04:00:00,143436000.0,143437000.0,143000000.0,143002000.0,243.75605856
2025-01-03 08:00:00,143002000.0,143650000.0,142619000.0,143597000.0,279.73379818
2025-01-03 12:00:00,143597000.0,144250000.0,143272000.0,144229000.0,540.84932129
2025-01-03 16:00:00,144245000.0,145755000.0,144007000.0,145183000.0,509.71877453
2025-01-03 20:00:00,145105000.0,145316000.0,144427000.0,144655000.0,321.713312
2025-01-04 00:00:00,144653000.0,144978000.0,144073000.0,144904000.0,399.32290606
2025-01-04 04:00:00,144904000.0,145300000.0,144355000.0,145285000.0,229.5631919
2025-01-04 08:00:00,145280000.0,145425000.0,144350000.0,144940000.0,272.3975867
2025-01-04 12:00:00,144940000.0,145007000.0,144241000.0,144472000.0,286.54073055
2025-01-04 16:00:00,144472000.0,145150000.0,144450000.0,144890000.0,84.41571482
2025-01-04 20:00:00,144950000.0,145500000.0,144700000.0,144745000.0,173.4283202
2025-01-05 00:00:00,144767000.0,145000000.0,144300000.0,144666000.0,240.1620775
2025-01-05 04:00:00,144666000.0,145200000.0,144660000.0,144773000.0,186.78462205
2025-01-05 08:00:00,144774000.0,144774000.0,143513000.0,143882000.0,439.2089086
2025-01-05 12:00:00,143882000.0,144637000.0,143600000.0,144297000.0,263.03123979
2025-01-05 16:00:00,144396000.0,144700000.0,143900000.0,144286000.0,65.03866963
2025-01-05 20:00:00,144372000.0,145357000.0,144279000.0,144700000.0,221.83986539
2025-01-06 00:00:00,144731000.0,146143000.0,144481000.0,146060000.0,645.98664155
2025-01-06 04:00:00,146060000.0,147199000.0,146060000.0,146572000.0,598.8395072
2025-01-06 08:00:00,146572000.0,146948000.0,145587000.0,146093000.0,387.55590742
2025-01-06 12:00:00,146093000.0,150000000.0,145550000.0,149850000.0,1130.80924177
2025-01-06 16:00:00,149871000.0,149900000.0,148497000.0,149304000.0,408.2793255
2025-01-06 20:00:00,149304000.0,150300000.0,149168000.0,150264000.0,437.49457886
2025-01-07 00:00:00,150255000.0,151000000.0,149000000.0,149099000.0,709.56404611
2025-01-07 04:00:00,149098000.0,149491000.0,148851000.0,148936000.0,303.9462109
2025-01-07 08:00:00,148898000.0,149097000.0,147200000.0,147980000.0,539.12216095
2025-01-07 12:00:00,148000000.0,148230000.0,144389000.0,145522000.0,1346.55050478
2025-01-07 16:00:00,145520000.0,145950000.0,143561000.0,143810000.0,725.52408379
2025-01-07 20:00:00,143809000.0,145270000.0,143500000.0,144789000.0,703.00461612
2025-01-08 00:00:00,144789000.0,145161000.0,143503000.0,143899000.0,666.51645911
2025-01-08 04:00:00,143899000.0,144349000.0,142390000.0,143070000.0,858.09990528
2025-01-08 08:00:00,143067000.0,143570000.0,141665000.0,142052000.0,620.86237255
2025-01-08 12:00:00,142052000.0,143420000.0,141200000.0,142994000.0,961.95939438
2025-01-08 16:00:00,142951000.0,142999000.0,140919000.0,141748000.0,602.90675505
2025-01-08 20:00:00,141748000.0,142655000.0,140919000.0,142368000.0,386.5505536
2025-01-09 00:00:00,142375000.0,142776000.0,140210000.0,140210000.0,761.77111558
2025-01-09 04:00:00,140210000.0,141300000.0,140000000.0,140001000.0,473.36549072
2025-01-09 08:00:00,140001000.0,140687000.0,139370000.0,140109000.0,756.74902319
2025-01-09 12:00:00,140100000.0,142348000.0,139000000.0,141738000.0,770.81668208
2025-01-09 16:00:00,141735000.0,142566000.0,139401000.0,139401000.0,320.43333482
2025-01-09 20:00:00,139401000.0,140200000.0,138810000.0,139740000.0,478.32011337
2025-01-10 00:00:00,139748000.0,142140000.0,139687000.0,142006000.0,583.59159888
2025-01-10 04:00:00,142006000.0,143118000.0,141125000.0,142392000.0,448.80531751
2025-01-10 08:00:00,142368000.0,143743000.0,142204000.0,142798000.0,447.29259258
2025-01-10 12:00:00,142798000.0,143126000.0,140000000.0,141670000.0,1154.90857881
2025-01-10 16:00:00,141668000.0,143886000.0,141284000.0,143103000.0,350.5825242
2025-01-10 20:00:00,143104000.0,143433000.0,142450000.0,142457000.0,160.24054376
2025-01-11 00:00:00,142614000.0,142617000.0,141775000.0,142099000.0,229.49690462
2025-01-11 04:00:00,142099000.0,142300000.0,141672000.0,142089000.0,133.8633746
2025-01-11 08:00:00,142160000.0,142528000.0,141950000.0,142277000.0,168.46687438
2025-01-11 12:00:00,142176000.0,142426000.0,141870000.0,142089000.0,140.50859963
2025-01-11 16:00:00,142089000.0,142392000.0,141175000.0,141251000.0,178.29849862
2025-01-11 20:00:00,141393000.0,142302000.0,141207000.0,141771000.0,286.65225103
2025-01-12 00:00:00,141768000.0,142167000.0,141303000.0,141786000.0,203.04609915
2025-01-12 04:00:00,141873000.0,141902000.0,141366000.0,141556000.0,130.46652948
2025-01-12 08:00:00,141588000.0,141771000.0,141002000.0,141675000.0,212.23616578
2025-01-12 12:00:00,141675000.0,143245000.0,141532000.0,142760000.0,359.33194658
2025-01-12 16:00:00,142793000.0,143100000.0,142000000.0,142014000.0,111.79396848
2025-01-12 20:00:00,142073000.0,142285000.0,141490000.0,142086000.0,164.26228989
2025-01-13 00:00:00,142074000.0,143500000.0,141400000.0,141850000.0,471.40220094
2025-01-13 04:00:00,141899000.0,142433000.0,140900000.0,140996000.0,420.53816826
2025-01-13 08:00:00,140998000.0,140998000.0,138260000.0,138262000.0,1171.8054926
2025-01-13 12:00:00,138260000.0,141577000.0,137500000.0,140201000.0,1526.43179352
2025-01-13 16:00:00,140201000.0,140500000.0,139010000.0,140249000.0,234.25515511
2025-01-13 20:00:00,140213000.0,142520000.0,139896000.0,142108000.0,419.05711048
2025-01-14 00:00:00,142108000.0,142850000.0,141684000.0,142237000.0,384.70358954
2025-01-14 04:00:00,142237000.0,142709000.0,141838000.0,141840000.0,229.46668667
2025-01-14 08:00:00,141838000.0,144989000.0,141800000.0,143900000.0,835.49344541
2025-01-14 12:00:00,143900000.0,144999000.0,142817000.0,143894000.0,681.68198322
2025-01-14 16:00:00,143908000.0,144220000.0,142511000.0,143428000.0,242.85443536
2025-01-14 20:00:00,143427000.0,144000000.0,143040000.0,143501000.0,174.78297116
2025-01-15 00:00:00,143546000.0,144887000.0,143430000.0,144697000.0,579.60648702
2025-01-15 04:00:00,144691000.0,144996000.0,143800000.0,144265000.0,363.44776153
2025-01-15 08:00:00,144209000.0,144678000.0,142997000.0,143643000.0,392.49348622
2025-01-15 12:00:00,143643000.0,146987000.0,143179000.0,145777000.0,1446.6580198
2025-01-15 16:00:00,145770000.0,146871000.0,145579000.0,146857000.0,279.22090974
2025-01-15 20:00:00,146857000.0,147724000.0,145846000.0,147309000.0,646.66198573
2025-01-16 00:00:00,147309000.0,147804000.0,146000000.0,146238000.0,725.4529089
2025-01-16 04:00:00,146238000.0,146899000.0,145900000.0,146870000.0,288.27484833
2025-01-16 08:00:00,146870000.0,147029000.0,145600000.0,146055000.0,477.67563295
2025-01-16 12:00:00,146044000.0,146411000.0,144102000.0,146062000.0,999.68998283
2025-01-16 16:00:00,146047000.0,146900000.0,145522000.0,146900000.0,321.68922332
2025-01-16 20:00:00,146900000.0,147600000.0,146299000.0,146670000.0,379.66759784
2025-01-17 00:00:00,146750000.0,149937000.0,146661000.0,149112000.0,1030.17582433
2025-01-17 04:00:00,149112000.0,149700000.0,148968000.0,149567000.0,374.01221957
2025-01-17 08:00:00,149567000.0,151000000.0,149500000.0,150256000.0,793.75689141
2025-01-17 12:00:00,150254000.0,153624000.0,150250000.0,153510000.0,1345.30597898
2025-01-17 16:00:00,153510000.0,155506000.0,153408000.0,155500000.0,722.75736437
2025-01-17 20:00:00,155500000.0,155509000.0,152340000.0,152345000.0,568.71331634
2025-01-18 00:00:00,152434000.0,154399000.0,152000000.0,152966000.0,794.29225551
2025-01-18 04:00:00,152966000.0,153913000.0,151533000.0,153181000.0,866.03517717
2025-01-18 08:00:00,153181000.0,154997000.0,152433000.0,154614000.0,682.78209866
2025-01-18 12:00:00,154614000.0,156488000.0,154241000.0,156155000.0,757.40077731
2025-01-18 16:00:00,156155000.0,156451000.0,154500000.0,155650000.0,348.16298961
2025-01-18 20:00:00,155693000.0,156530000.0,155146000.0,155801000.0,299.46050337
2025-01-19 00:00:00,155720000.0,156430000.0,155000000.0,156397000.0,597.11055459
2025-01-19 04:00:00,156397000.0,158500000.0,156173000.0,158300000.0,1014.57722825
2025-01-19 08:00:00,158270000.0,159999000.0,156768000.0,158667000.0,1616.18567265
2025-01-19 12:00:00,158667000.0,159800000.0,157022000.0,157610000.0,1232.19357391
2025-01-19 16:00:00,157610000.0,158350000.0,156530000.0,158350000.0,370.07306957
2025-01-19 20:00:00,158350000.0,159098000.0,150903000.0,154000000.0,2283.40645423
2025-01-20 00:00:00,154000000.0,155999000.0,152092000.0,154095000.0,1343.13962395
2025-01-20 04:00:00,154050000.0,163325000.0,153730000.0,160296000.0,2849.47761735
2025-01-20 08:00:00,160294000.0,162818000.0,160200000.0,161377000.0,1312.83856111
2025-01-20 12:00:00,161377000.0,161920000.0,156700000.0,157100000.0,1988.98154379
2025-01-20 16:00:00,157100000.0,160100000.0,152229000.0,155300000.0,2177.27588968
2025-01-20 20:00:00,155369000.0,156000000.0,151518000.0,153225000.0,1273.54001258
2025-01-21 00:00:00,153225000.0,155355000.0,151038000.0,154883000.0,1307.93542204
2025-01-21 04:00:00,154883000.0,155121000.0,152340000.0,153400000.0,546.65508295
2025-01-21 08:00:00,153489000.0,156100000.0,153021000.0,155212000.0,652.16410702
2025-01-21 12:00:00,155274000.0,156999000.0,154311000.0,155213000.0,905.45467362
2025-01-21 16:00:00,155213000.0,158490000.0,155115000.0,158274000.0,617.16916014
2025-01-21 20:00:00,158143000.0,158350000.0,156511000.0,157571000.0,412.46232428
2025-01-22 00:00:00,157571000.0,157791000.0,156289000.0,156959000.0,417.14705717
2025-01-22 04:00:00,156959000.0,157450000.0,156495000.0,156516000.0,301.07133267
2025-01-22 08:00:00,156516000.0,156839000.0,156000000.0,156222000.0,325.22645076
2025-01-22 12:00:00,156222000.0,156642000.0,154780000.0,155493000.0,652.66760024
2025-01-22 16:00:00,155504000.0,156190000.0,154505000.0,155564000.0,216.32568246
2025-01-22 20:00:00,155564000.0,155777000.0,154486000.0,154999000.0,315.29524589
2025-01-23 00:00:00,154999000.0,155385000.0,152900000.0,153170000.0,590.85923674
2025-01-23 04:00:00,153170000.0,153755000.0,152000000.0,153400000.0,499.99726929
2025-01-23 08:00:00,153401000.0,153547000.0,152000000.0,152709000.0,343.7726161
2025-01-23 12:00:00,152724000.0,158368000.0,152249000.0,156957000.0,1640.18806032
2025-01-23 16:00:00,156874000.0,158920000.0,155059000.0,155579000.0,856.2402753
2025-01-23 20:00:00,155579000.0,158687000.0,153580000.0,155112000.0,1022.97280685
2025-01-24 00:00:00,155112000.0,156700000.0,154000000.0,155950000.0,794.65563177
2025-01-24 04:00:00,155920000.0,156900000.0,155679000.0,156379000.0,513.22220387
2025-01-24 08:00:00,156379000.0,157555000.0,156330000.0,157020000.0,396.35163281
2025-01-24 12:00:00,157020000.0,157970000.0,156033000.0,157687000.0,521.28411957
2025-01-24 16:00:00,157687000.0,159000000.0,157300000.0,157556000.0,380.7911564
2025-01-24 20:00:00,157556000.0,157859000.0,156600000.0,157146000.0,316.04765639
2025-01-25 00:00:00,157170000.0,157808000.0,156889000.0,157798000.0,278.01864355
2025-01-25 04:00:00,157798000.0,157832000.0,156973000.0,157184000.0,174.20053665
2025-01-25 08:00:00,157185000.0,157600000.0,156941000.0,157337000.0,196.1420861
2025-01-25 12:00:00,157337000.0,157683000.0,157114000.0,157272000.0,166.9816029
2025-01-25 16:00:00,157315000.0,157660000.0,157000000.0,157212000.0,130.32956286
2025-01-25 20:00:00,157212000.0,157450000.0,157026000.0,157200000.0,98.96054785
2025-01-26 00:00:00,157200000.0,157411000.0,157039000.0,157410000.0,167.87473738
2025-01-26 04:00:00,157400000.0,157777000.0,157226000.0,157267000.0,128.66793552
2025-01-26 08:00:00,157269000.0,157449000.0,157011000.0,157187000.0,164.651867
2025-01-26 12:00:00,157187000.0,157787000.0,157030000.0,157646000.0,208.7316046
2025-01-26 16:00:00,157646000.0,157795000.0,157440000.0,157444000.0,73.17251948
2025-01-26 20:00:00,157444000.0,157933000.0,156000000.0,156100000.0,479.8384223
2025-01-27 00:00:00,156100000.0,157075000.0,154000000.0,154467000.0,1074.94157586
2025-01-27 04:00:00,154584000.0,154584000.0,151260000.0,153131000.0,1501.85300833
2025-01-27 08:00:00,153135000.0,153655000.0,151870000.0,152010000.0,790.89964973
2025-01-27 12:00:00,152010000.0,155950000.0,151850000.0,154846000.0,1059.19684526
2025-01-27 16:00:00,154846000.0,154960000.0,152660000.0,153513000.0,344.67338744
2025-01-27 20:00:00,153513000.0,155280000.0,153258000.0,154919000.0,271.57209137
2025-01-28 00:00:00,154919000.0,155817000.0,153782000.0,155285000.0,422.43317134
2025-01-28 04:00:00,155285000.0,156658000.0,155240000.0,155802000.0,364.87539294
2025-01-28 08:00:00,155803000.0,156385000.0,155500000.0,155501000.0,200.76715047
2025-01-28 12:00:00,155501000.0,156450000.0,154500000.0,155586000.0,419.02484247
2025-01-28 16:00:00,155587000.0,156160000.0,154847000.0,155800000.0,166.19543243
2025-01-28 20:00:00,155883000.0,155980000.0,154506000.0,155919000.0,309.72868211
2025-01-29 00:00:00,155919000.0,156408000.0,155765000.0,156255000.0,217.36119627
2025-01-29 04:00:00,156127000.0,156483000.0,156000000.0,156472000.0,169.12168811
2025-01-29 08:00:00,156422000.0,156807000.0,156350000.0,156621000.0,208.66597194
2025-01-29 12:00:00,156621000.0,156898000.0,156200000.0,156491000.0,294.52508883
2025-01-29 16:00:00,156456000.0,159000000.0,156332000.0,158460000.0,579.83255346
2025-01-29 20:00:00,158391000.0,159455000.0,157903000.0,158859000.0,640.56187181
2025-01-30 00:00:00,158859000.0,159850000.0,158598000.0,159766000.0,500.15502513
2025-01-30 04:00:00,159766000.0,160000000.0,159300000.0,159616000.0,427.24089137
2025-01-30 08:00:00,159616000.0,159966000.0,159500000.0,159621000.0,224.71195428
2025-01-30 12:00:00,159627000.0,160559000.0,159075000.0,159675000.0,684.18767832
2025-01-30 16:00:00,159675000.0,160151000.0,159003000.0,159649000.0,198.53540809
2025-01-30 20:00:00,159649000.0,159832000.0,157860000.0,158139000.0,311.77894434
2025-01-31 00:00:00,158182000.0,158933000.0,157723000.0,158572000.0,349.70720301
2025-01-31 04:00:00,158610000.0,158700000.0,158109000.0,158410000.0,187.28919702
2025-01-31 08:00:00,158411000.0,158833000.0,158100000.0,158584000.0,222.95631823
2025-01-31 12:00:00,158583000.0,159669000.0,157951000.0,159105000.0,519.33363989
2025-01-31 16:00:00,159105000.0,159180000.0,156329000.0,156451000.0,440.63336367
2025-01-31 20:00:00,156445000.0,157246000.0,155600000.0,156580000.0,423.23773868
2025-02-01 00:00:00,156580000.0,157200000.0,156179000.0,156575000.0,277.1402579
2025-02-01 04:00:00,156575000.0,157034000.0,156240000.0,156333000.0,213.61897402
2025-02-01 08:00:00,156333000.0,157021000.0,155888000.0,156939000.0,309.4776368
2025-02-01 12:00:00,156938000.0,157260000.0,156789000.0,157233000.0,169.1951455
2025-02-01 16:00:00,157233000.0,157934000.0,156961000.0,157915000.0,157.89180126
2025-02-01 20:00:00,157904000.0,158090000.0,156279000.0,157330000.0,511.13567418
2025-02-02 00:00:00,157399000.0,157925000.0,155306000.0,155311000.0,621.51219617
2025-02-02 04:00:00,155311000.0,156790000.0,155200000.0,155848000.0,383.54731579
2025-02-02 08:00:00,155848000.0,156197000.0,154788000.0,155130000.0,489.6521038
2025-02-02 12:00:00,155130000.0,155400000.0,154000000.0,154961000.0,637.39281041
2025-02-02 16:00:00,154961000.0,155500000.0,154100000.0,154785000.0,781.37515199
2025-02-02 20:00:00,154785000.0,155332000.0,152477000.0,154000000.0,1239.28513648
2025-02-03 00:00:00,154000000.0,154000000.0,145000000.0,152360000.0,4701.05612806
2025-02-03 04:00:00,152310000.0,153000000.0,149550000.0,153000000.0,1176.60730209
2025-02-03 08:00:00,153000000.0,153127000.0,150191000.0,150252000.0,716.87440787
2025-02-03 12:00:00,150253000.0,157332000.0,149900000.0,156079000.0,1409.7919935
2025-02-03 16:00:00,156048000.0,158999000.0,154701000.0,158988000.0,824.5246828
2025-02-03 20:00:00,158987000.0,160304000.0,157604000.0,158217000.0,1384.2627649
2025-02-04 00:00:00,158217000.0,159439000.0,156500000.0,156858000.0,689.09534735
2025-02-04 04:00:00,156800000.0,157074000.0,153100000.0,154006000.0,1040.55227448
2025-02-04 08:00:00,154006000.0,156216000.0,153650000.0,155105000.0,469.67739054
2025-02-04 12:00:00,155130000.0,156580000.0,154252000.0,155262000.0,542.20814751
2025-02-04 16:00:00,155262000.0,156500000.0,154260000.0,154260000.0,236.75534876
2025-02-04 20:00:00,154260000.0,155372000.0,153000000.0,154122000.0,558.56078322
2025-02-05 00:00:00,154140000.0,155662000.0,153050000.0,153500000.0,422.30008712
2025-02-05 04:00:00,153500000.0,153779000.0,152495000.0,152750000.0,336.58634054
2025-02-05 08:00:00,152876000.0,153243000.0,152000000.0,153242000.0,329.46644557
2025-02-05 12:00:00,153242000.0,154304000.0,152917000.0,153299000.0,303.14203024
2025-02-05 16:00:00,153299000.0,153700000.0,152000000.0,152606000.0,218.84069709
2025-02-05 20:00:00,152606000.0,152998000.0,151000000.0,151450000.0,340.1534498
2025-02-06 00:00:00,151450000.0,152450000.0,151243000.0,151761000.0,277.38180016
2025-02-06 04:00:00,151761000.0,152669000.0,151708000.0,152629000.0,228.19687219
2025-02-06 08:00:00,152629000.0,153917000.0,152187000.0,153501000.0,327.30803287
2025-02-06 12:00:00,153529000.0,153925000.0,151200000.0,151668000.0,470.17711133
2025-02-06 16:00:00,151699000.0,152254000.0,150011000.0,150300000.0,381.52969333
2025-02-06 20:00:00,150300000.0,151500000.0,150066000.0,151356000.0,189.32105835
2025-02-07 00:00:00,151359000.0,151680000.0,150000000.0,150601000.0,406.52517558
2025-02-07 04:00:00,150620000.0,150904000.0,148867000.0,148901000.0,604.10240259
2025-02-07 08:00:00,148901000.0,150800000.0,148815000.0,150800000.0,354.5883565
2025-02-07 12:00:00,150808000.0,154000000.0,149898000.0,151252000.0,967.45618471
2025-02-07 16:00:00,151252000.0,151500000.0,149736000.0,149813000.0,228.20823466
2025-02-07 20:00:00,149813000.0,149897000.0,148730000.0,149601000.0,398.90072623
2025-02-08 00:00:00,149602000.0,150220000.0,148887000.0,149248000.0,235.69764567
2025-02-08 04:00:00,149257000.0,149265000.0,148200000.0,148652000.0,279.77847227
2025-02-08 08:00:00,148699000.0,148793000.0,148217000.0,148450000.0,155.60169125
2025-02-08 12:00:00,148450000.0,148732000.0,148000000.0,148005000.0,202.19838382
2025-02-08 16:00:00,148005000.0,148899000.0,147994000.0,148729000.0,115.14525505
2025-02-08 20:00:00,148729000.0,148970000.0,148393000.0,148803000.0,98.83557985
2025-02-09 00:00:00,148873000.0,149819000.0,148542000.0,149577000.0,239.81102776
2025-02-09 04:00:00,149600000.0,149629000.0,148546000.0,148810000.0,178.35682944
2025-02-09 08:00:00,148816000.0,149124000.0,148001000.0,148072000.0,198.91464828
2025-02-09 12:00:00,148046000.0,148220000.0,146635000.0,147931000.0,544.81042197
2025-02-09 16:00:00,147931000.0,147931000.0,147050000.0,147278000.0,68.17472139
2025-02-09 20:00:00,147279000.0,148135000.0,146197000.0,147579000.0,336.01592227
2025-02-10 00:00:00,147602000.0,148455000.0,146000000.0,147365000.0,528.09609732
2025-02-10 04:00:00,147313000.0,148110000.0,147062000.0,147662000.0,213.23230331
2025-02-10 08:00:00,147662000.0,148500000.0,147466000.0,147906000.0,241.27757594
2025-02-10 12:00:00,147906000.0,148830000.0,147015000.0,147380000.0,314.49786256
2025-02-10 16:00:00,147338000.0,147849000.0,146909000.0,147568000.0,89.15584875
2025-02-10 20:00:00,147505000.0,147937000.0,147344000.0,147724000.0,94.69797039
2025-02-11 00:00:00,147812000.0,148750000.0,147724000.0,147938000.0,277.53445275
2025-02-11 04:00:00,147964000.0,148650000.0,147850000.0,148381000.0,261.58468314
2025-02-11 08:00:00,148381000.0,148466000.0,147953000.0,148300000.0,139.15143946
2025-02-11 12:00:00,148300000.0,148323000.0,146720000.0,147092000.0,372.14586132
2025-02-11 16:00:00,147092000.0,147200000.0,145112000.0,145316000.0,364.53880435
2025-02-11 20:00:00,145308000.0,146999000.0,145112000.0,146020000.0,274.84026298
2025-02-12 00:00:00,146034000.0,146527000.0,145001000.0,145002000.0,385.88031453
2025-02-12 04:00:00,145002000.0,145659000.0,145000000.0,145401000.0,215.93892721
2025-02-12 08:00:00,145514000.0,146137000.0,145253000.0,145468000.0,170.3321962
2025-02-12 12:00:00,145468000.0,146236000.0,143429000.0,145353000.0,992.04955867
2025-02-12 16:00:00,145353000.0,147700000.0,144601000.0,146984000.0,283.9768024
2025-02-12 20:00:00,146976000.0,148266000.0,146501000.0,147846000.0,322.78934707
2025-02-13 00:00:00,147846000.0,148155000.0,147072000.0,147127000.0,199.84740165
2025-02-13 04:00:00,147127000.0,147200000.0,145100000.0,145425000.0,348.38833346
2025-02-13 08:00:00,145425000.0,145775000.0,144700000.0,144976000.0,245.26105537
2025-02-13 12:00:00,144977000.0,146050000.0,144800000.0,145488000.0,247.74942417
2025-02-13 16:00:00,145488000.0,145850000.0,144580000.0,144967000.0,133.30135745
2025-02-13 20:00:00,144967000.0,146048000.0,144962000.0,145877000.0,168.61552287
2025-02-14 00:00:00,145802000.0,146100000.0,145285000.0,146085000.0,199.63494944
2025-02-14 04:00:00,146085000.0,146200000.0,145410000.0,145700000.0,132.85200719
2025-02-14 08:00:00,145738000.0,146550000.0,145410000.0,145899000.0,305.19020835
2025-02-14 12:00:00,145899000.0,146508000.0,145270000.0,145732000.0,330.63653859
2025-02-14 16:00:00,145731000.0,148120000.0,145379000.0,146794000.0,317.59235014
2025-02-14 20:00:00,146794000.0,147173000.0,145640000.0,146551000.0,162.50198424
2025-02-15 00:00:00,146551000.0,147598000.0,146200000.0,147086000.0,260.41055172
2025-02-15 04:00:00,147087000.0,147279000.0,146750000.0,146757000.0,132.36803275
2025-02-15 08:00:00,146760000.0,147115000.0,146700000.0,147112000.0,81.75220293
2025-02-15 12:00:00,147112000.0,147600000.0,147001000.0,147250000.0,132.90872807
2025-02-15 16:00:00,147250000.0,147404000.0,147055000.0,147378000.0,47.24097691
2025-02-15 20:00:00,147374000.0,147720000.0,147264000.0,147501000.0,80.00214687
2025-02-16 00:00:00,147503000.0,147598000.0,146850000.0,146997000.0,113.91156367
2025-02-16 04:00:00,146997000.0,147133000.0,146789000.0,146789000.0,81.87827808
2025-02-16 08:00:00,146789000.0,146956000.0,146500000.0,146573000.0,113.66858383
2025-02-16 12:00:00,146573000.0,146575000.0,145955000.0,146304000.0,180.35648074
2025-02-16 16:00:00,146304000.0,146602000.0,146201000.0,146573000.0,33.21418676
2025-02-16 20:00:00,146573000.0,146769000.0,145484000.0,145625000.0,154.23470235
2025-02-17 00:00:00,145625000.0,145730000.0,145010000.0,145185000.0,235.78642247
2025-02-17 04:00:00,145186000.0,145980000.0,144800000.0,145012000.0,347.19276803
2025-02-17 08:00:00,145025000.0,145400000.0,144790000.0,144798000.0,174.92554439
2025-02-17 12:00:00,144798000.0,145940000.0,144580000.0,144735000.0,257.30662503
2025-02-17 16:00:00,144735000.0,145114000.0,144139000.0,144450000.0,153.45389445
2025-02-17 20:00:00,144450000.0,145166000.0,144374000.0,144390000.0,106.74382861
2025-02-18 00:00:00,144390000.0,145050000.0,143890000.0,144926000.0,256.54091129
2025-02-18 04:00:00,144926000.0,144975000.0,143520000.0,144081000.0,303.1198547
2025-02-18 08:00:00,144081000.0,144320000.0,143543000.0,143931000.0,179.72530599
2025-02-18 12:00:00,143931000.0,145352000.0,143784000.0,144112000.0,269.96032761
2025-02-18 16:00:00,144207000.0,144208000.0,141104000.0,141935000.0,511.39506843
2025-02-18 20:00:00,141935000.0,143848000.0,141481000.0,143728000.0,251.30437008
2025-02-19 00:00:00,143760000.0,144100000.0,142492000.0,143546000.0,255.57885979
2025-02-19 04:00:00,143546000.0,143546000.0,142250000.0,142996000.0,222.00395836
2025-02-19 08:00:00,142955000.0,144079000.0,142800000.0,143998000.0,170.80037652
2025-02-19 12:00:00,143998000.0,144215000.0,143000000.0,143474000.0,193.56542812
2025-02-19 16:00:00,143475000.0,144000000.0,142750000.0,143799000.0,93.81207726
2025-02-19 20:00:00,143799000.0,144743000.0,143530000.0,144312000.0,139.79380375
2025-02-20 00:00:00,144314000.0,144600000.0,143838000.0,144228000.0,181.06828021
2025-02-20 04:00:00,144228000.0,144377000.0,143689000.0,143948000.0,148.89655902
2025-02-20 08:00:00,143947000.0,144670000.0,143800000.0,144365000.0,131.54230436
2025-02-20 12:00:00,144386000.0,145166000.0,143957000.0,144001000.0,204.81685722
2025-02-20 16:00:00,144003000.0,145780000.0,143970000.0,145686000.0,129.56978486
2025-02-20 20:00:00,145670000.0,146000000.0,145113000.0,145719000.0,147.81664649
2025-02-21 00:00:00,145719000.0,145948000.0,145000000.0,145004000.0,174.16413595
2025-02-21 04:00:00,145004000.0,145408000.0,144880000.0,144905000.0,201.53213906
2025-02-21 08:00:00,144905000.0,145777000.0,144826000.0,145350000.0,191.9636591
2025-02-21 12:00:00,145350000.0,146400000.0,144001000.0,144830000.0,458.52207819
2025-02-21 16:00:00,144830000.0,145405000.0,141666000.0,141879000.0,402.63037921
2025-02-21 20:00:00,141851000.0,143034000.0,141334000.0,142859000.0,391.60225369
2025-02-22 00:00:00,142891000.0,143191000.0,141988000.0,142091000.0,248.81807997
2025-02-22 04:00:00,142090000.0,142530000.0,142010000.0,142378000.0,113.13535588
2025-02-22 08:00:00,142378000.0,142515000.0,142035000.0,142425000.0,99.97895278
2025-02-22 12:00:00,142429000.0,143054000.0,142300000.0,142357000.0,136.96787771
2025-02-22 16:00:00,142357000.0,142646000.0,142035000.0,142264000.0,60.18288923
2025-02-22 20:00:00,142304000.0,142488000.0,142198000.0,142300000.0,42.41300521
2025-02-23 00:00:00,142364000.0,142500000.0,142001000.0,142120000.0,120.43297512
2025-02-23 04:00:00,142118000.0,142295000.0,141750000.0,142037000.0,136.19248366
2025-02-23 08:00:00,142037000.0,142037000.0,141200000.0,141233000.0,237.43237862
2025-02-23 12:00:00,141232000.0,141270000.0,140320000.0,140388000.0,363.2065218
2025-02-23 16:00:00,140387000.0,140869000.0,140019000.0,140745000.0,108.29959501
2025-02-23 20:00:00,140745000.0,141382000.0,140335000.0,141364000.0,137.63643639
2025-02-24 00:00:00,141371000.0,141572000.0,139060000.0,139418000.0,583.26295046
2025-02-24 04:00:00,139417000.0,139777000.0,138850000.0,139468000.0,506.92907613
2025-02-24 08:00:00,139468000.0,140408000.0,138962000.0,139930000.0,309.11433427
2025-02-24 12:00:00,139930000.0,140203000.0,136425000.0,137093000.0,881.30774997
2025-02-24 16:00:00,137093000.0,138478000.0,136552000.0,136851000.0,329.90509038
2025-02-24 20:00:00,136851000.0,137350000.0,131800000.0,132135000.0,2494.29538249
2025-02-25 00:00:00,132135000.0,134899000.0,130750000.0,134117000.0,1707.74896873
2025-02-25 04:00:00,134117000.0,134306000.0,127189000.0,128975000.0,2087.54245875
2025-02-25 08:00:00,128975000.0,130090000.0,125004000.0,129414000.0,2286.7177799
2025-02-25 12:00:00,129414000.0,130676000.0,125255000.0,126522000.0,1580.80204757
2025-02-25 16:00:00,126584000.0,127500000.0,125340000.0,127372000.0,527.56248246
2025-02-25 20:00:00,127372000.0,130700000.0,126836000.0,129715000.0,872.79438421
2025-02-26 00:00:00,129715000.0,130000000.0,127439000.0,128857000.0,657.55782276
2025-02-26 04:00:00,128856000.0,129360000.0,127998000.0,128780000.0,278.19760749
2025-02-26 08:00:00,128780000.0,129450000.0,127925000.0,128809000.0,250.31281659
2025-02-26 12:00:00,128704000.0,128816000.0,124506000.0,127204000.0,1221.77040494
2025-02-26 16:00:00,127204000.0,127654000.0,122500000.0,122533000.0,1035.52515518
2025-02-26 20:00:00,122533000.0,124200000.0,120723000.0,122784000.0,1468.62387762
2025-02-27 00:00:00,122775000.0,124333000.0,122100000.0,124100000.0,800.52496999
2025-02-27 04:00:00,124070000.0,126594000.0,123331000.0,126080000.0,870.76918668
2025-02-27 08:00:00,126078000.0,127493000.0,125258000.0,126864000.0,552.70878388
2025-02-27 12:00:00,126840000.0,127100000.0,123709000.0,125000000.0,692.98665776
2025-02-27 16:00:00,125000000.0,125329000.0,122733000.0,123257000.0,307.53300304
2025-02-27 20:00:00,123257000.0,124500000.0,121500000.0,124331000.0,608.26038149
2025-02-28 00:00:00,124404000.0,124700000.0,118110000.0,118999000.0,2477.1513907
2025-02-28 04:00:00,118997000.0,119526000.0,117438000.0,117908000.0,1706.51148938
2025-02-28 08:00:00,117912000.0,120100000.0,116504000.0,119640000.0,1358.01172525
2025-02-28 12:00:00,119640000.0,125411000.0,118815000.0,124479000.0,1651.88350901
2025-02-28 16:00:00,124479000.0,125400000.0,122725000.0,125042000.0,579.94395125
2025-02-28 20:00:00,124937000.0,125317000.0,123754000.0,124499000.0,278.23948839
2025-03-01 00:00:00,124499000.0,127250000.0,123342000.0,126878000.0,1047.88627164
2025-03-01 04:00:00,126879000.0,128980000.0,125308000.0,125402000.0,970.29636635
2025-03-01 08:00:00,125402000.0,127150000.0,125000000.0,125749000.0,422.70094231
2025-03-01 12:00:00,125740000.0,126331000.0,125288000.0,126230000.0,244.02607911
2025-03-01 16:00:00,126230000.0,127200000.0,126089000.0,127200000.0,135.06832824
2025-03-01 20:00:00,127201000.0,128555000.0,127025000.0,128320000.0,380.79969504
2025-03-02 00:00:00,128320000.0,129200000.0,127634000.0,128130000.0,676.74133416
2025-03-02 04:00:00,128138000.0,128730000.0,127531000.0,128428000.0,264.45012797
2025-03-02 08:00:00,128442000.0,128498000.0,127600000.0,128411000.0,221.91618977
2025-03-02 12:00:00,128411000.0,132360000.0,126464000.0,130534000.0,1326.07862974
2025-03-02 16:00:00,130563000.0,143610000.0,130534000.0,139186000.0,3784.97492919
2025-03-02 20:00:00,139186000.0,143708000.0,139186000.0,142500000.0,1811.64319108
2025-03-03 00:00:00,142500000.0,142950000.0,137537000.0,138759000.0,1878.44572106
2025-03-03 04:00:00,138732000.0,139600000.0,135993000.0,138280000.0,871.24001821
2025-03-03 08:00:00,138255000.0,139756000.0,136300000.0,139199000.0,669.52101332
2025-03-03 12:00:00,139200000.0,141500000.0,135255000.0,135965000.0,1462.01308175
2025-03-03 16:00:00,135967000.0,137318000.0,130000000.0,130000000.0,1112.73042776
2025-03-03 20:00:00,130001000.0,131200000.0,128097000.0,130094000.0,1262.22334893
2025-03-04 00:00:00,130110000.0,131170000.0,124080000.0,126638000.0,1714.95712503
2025-03-04 04:00:00,126638000.0,127478000.0,125372000.0,125396000.0,566.4489424
2025-03-04 08:00:00,125396000.0,127689000.0,125365000.0,126969000.0,413.2757803
2025-03-04 12:00:00,126969000.0,128145000.0,123473000.0,125437000.0,1475.24367783
2025-03-04 16:00:00,125437000.0,133100000.0,124350000.0,132576000.0,874.16162903
2025-03-04 20:00:00,132500000.0,133790000.0,129649000.0,130430000.0,684.28296956
2025-03-05 00:00:00,130368000.0,132176000.0,128980000.0,130179000.0,747.49294187
2025-03-05 04:00:00,130179000.0,131640000.0,129950000.0,131502000.0,302.41384836
2025-03-05 08:00:00,131533000.0,135944000.0,131500000.0,134796000.0,945.5420701
2025-03-05 12:00:00,134796000.0,136459000.0,131800000.0,132249000.0,1017.37930592
2025-03-05 16:00:00,132193000.0,135325000.0,131429000.0,133874000.0,363.54853023
2025-03-05 20:00:00,133897000.0,135705000.0,133847000.0,134990000.0,324.06382888
2025-03-06 00:00:00,134990000.0,137000000.0,133874000.0,136386000.0,706.56832378
2025-03-06 04:00:00,136386000.0,138321000.0,135741000.0,135974000.0,646.02772913
2025-03-06 08:00:00,135974000.0,136379000.0,134604000.0,135796000.0,622.301398
2025-03-06 12:00:00,135797000.0,135904000.0,132684000.0,134918000.0,931.01831631
2025-03-06 16:00:00,134918000.0,135290000.0,131220000.0,132208000.0,439.48725859
2025-03-06 20:00:00,132201000.0,135310000.0,131950000.0,133870000.0,360.58603817
2025-03-07 00:00:00,133858000.0,135900000.0,127470000.0,129738000.0,2118.42539511
2025-03-07 04:00:00,129736000.0,131833000.0,129451000.0,131571000.0,420.43437491
2025-03-07 08:00:00,131640000.0,133533000.0,131005000.0,132301000.0,386.57307217
2025-03-07 12:00:00,132285000.0,135200000.0,131134000.0,131953000.0,965.00626147
2025-03-07 16:00:00,131953000.0,132800000.0,129486000.0,130671000.0,597.80519229
2025-03-07 20:00:00,130671000.0,132342000.0,128000000.0,129522000.0,873.37309931
2025-03-08 00:00:00,129522000.0,129998000.0,127500000.0,127743000.0,538.8809942
2025-03-08 04:00:00,127743000.0,129181000.0,127390000.0,128544000.0,245.89490053
2025-03-08 08:00:00,128564000.0,128985000.0,127800000.0,128096000.0,199.45899
2025-03-08 12:00:00,128099000.0,129169000.0,127930000.0,128951000.0,209.55761483
2025-03-08 16:00:00,128952000.0,129035000.0,128113000.0,128680000.0,87.50759828
2025-03-08 20:00:00,128678000.0,129065000.0,128240000.0,128531000.0,84.62289979
2025-03-09 00:00:00,128579000.0,128950000.0,128200000.0,128291000.0,168.66878595
2025-03-09 04:00:00,128292000.0,128421000.0,127789000.0,128089000.0,167.78316355
2025-03-09 08:00:00,128089000.0,128150000.0,125671000.0,126469000.0,638.47834259
2025-03-09 12:00:00,126468000.0,126522000.0,123700000.0,124106000.0,960.81021833
2025-03-09 16:00:00,124107000.0,125066000.0,123030000.0,123729000.0,519.02443054
2025-03-09 20:00:00,123729000.0,125000000.0,119864000.0,121111000.0,1309.77880675
2025-03-10 00:00:00,121039000.0,124024000.0,119100000.0,122701000.0,1311.31677492
2025-03-10 04:00:00,122701000.0,123500000.0,122076000.0,122497000.0,336.15627752
2025-03-10 08:00:00,122500000.0,124910000.0,120650000.0,124361000.0,874.1526182
2025-03-10 12:00:00,124361000.0,124700000.0,118621000.0,119520000.0,1650.55790993
2025-03-10 16:00:00,119520000.0,119880000.0,116355000.0,118330000.0,1185.86171663
2025-03-10 20:00:00,118536000.0,119756000.0,117400000.0,117477000.0,694.57436952
2025-03-11 00:00:00,117495000.0,119296000.0,114763000.0,118690000.0,2118.38398108
2025-03-11 04:00:00,118748000.0,120369000.0,118616000.0,119883000.0,690.2778499
2025-03-11 08:00:00,119850000.0,122267000.0,119600000.0,121601000.0,670.94918956
2025-03-11 12:00:00,121601000.0,121938000.0,117630000.0,120701000.0,1406.32827991
2025-03-11 16:00:00,120711000.0,123900000.0,119780000.0,123390000.0,478.53972319
2025-03-11 20:00:00,123390000.0,123918000.0,122328000.0,123232000.0,461.2336726
2025-03-12 00:00:00,123232000.0,124800000.0,121872000.0,121884000.0,690.39731838
2025-03-12 04:00:00,121873000.0,122696000.0,120800000.0,122477000.0,437.54798855
2025-03-12 08:00:00,122477000.0,123306000.0,121854000.0,123265000.0,404.74697473
2025-03-12 12:00:00,123269000.0,125300000.0,120153000.0,121649000.0,1332.71745049
2025-03-12 16:00:00,121649000.0,123391000.0,121400000.0,123078000.0,218.09521108
2025-03-12 20:00:00,123103000.0,124200000.0,122768000.0,123871000.0,273.30899617
2025-03-13 00:00:00,123871000.0,124600000.0,123158000.0,123560000.0,357.32156182
2025-03-13 04:00:00,123560000.0,123790000.0,122550000.0,123157000.0,217.36585765
2025-03-13 08:00:00,123157000.0,123482000.0,122130000.0,122756000.0,298.46280475
2025-03-13 12:00:00,122780000.0,123850000.0,120250000.0,120346000.0,870.98322015
2025-03-13 16:00:00,120348000.0,120627000.0,119000000.0,119133000.0,470.96311503
2025-03-13 20:00:00,119165000.0,120789000.0,119129000.0,120216000.0,262.58195534
2025-03-14 00:00:00,120216000.0,121580000.0,119737000.0,120923000.0,315.71547103
2025-03-14 04:00:00,120949000.0,121576000.0,120627000.0,121407000.0,181.38178204
2025-03-14 08:00:00,121391000.0,122950000.0,121337000.0,122860000.0,332.27479258
2025-03-14 12:00:00,122865000.0,125500000.0,121870000.0,124768000.0,828.90470891
2025-03-14 16:00:00,124768000.0,125100000.0,123760000.0,124578000.0,254.97525038
2025-03-14 20:00:00,124578000.0,124639000.0,123504000.0,123878000.0,176.8007185
2025-03-15 00:00:00,123855000.0,124896000.0,123855000.0,124730000.0,238.37358044
2025-03-15 04:00:00,124670000.0,124770000.0,123250000.0,123551000.0,249.43131389
2025-03-15 08:00:00,123511000.0,124248000.0,123200000.0,124073000.0,189.31766038
2025-03-15 12:00:00,124073000.0,124433000.0,123852000.0,124122000.0,158.11884285
2025-03-15 16:00:00,124204000.0,124300000.0,123859000.0,124068000.0,61.89455079
2025-03-15 20:00:00,124169000.0,124345000.0,123855000.0,124000000.0,66.81437114
2025-03-16 00:00:00,124013000.0,124132000.0,123103000.0,124104000.0,184.55646324
2025-03-16 04:00:00,124104000.0,124263000.0,123460000.0,123771000.0,105.46405744
2025-03-16 08:00:00,123771000.0,123901000.0,121246000.0,121601000.0,428.3002241
2025-03-16 12:00:00,121601000.0,122999000.0,121499000.0,122812000.0,342.34934573
2025-03-16 16:00:00,122813000.0,125000000.0,121790000.0,122556000.0,295.43472913
2025-03-16 20:00:00,122564000.0,122963000.0,121020000.0,121749000.0,250.05295608
2025-03-17 00:00:00,121720000.0,122883000.0,121598000.0,122827000.0,196.28087153
2025-03-17 04:00:00,122827000.0,123095000.0,121385000.0,122490000.0,207.7633077
2025-03-17 08:00:00,122360000.0,122720000.0,121970000.0,122383000.0,139.03781211
2025-03-17 12:00:00,122365000.0,122998000.0,121260000.0,122351000.0,330.04794986
2025-03-17 16:00:00,122351000.0,123660000.0,121742000.0,123325000.0,178.14355622
2025-03-17 20:00:00,123347000.0,123348000.0,122527000.0,122801000.0,117.72396364
2025-03-18 00:00:00,122801000.0,122888000.0,121639000.0,122040000.0,246.49562679
2025-03-18 04:00:00,122040000.0,122040000.0,120693000.0,121800000.0,333.71932516
2025-03-18 08:00:00,121800000.0,122221000.0,121010000.0,121155000.0,201.25159775
2025-03-18 12:00:00,121200000.0,121498000.0,119550000.0,120181000.0,588.31716461
2025-03-18 16:00:00,120181000.0,121217000.0,119764000.0,121003000.0,131.09139027
2025-03-18 20:00:00,121096000.0,121360000.0,120450000.0,121272000.0,156.49560248
2025-03-19 00:00:00,121272000.0,121873000.0,120939000.0,121588000.0,188.83363294
2025-03-19 04:00:00,121588000.0,121980000.0,121300000.0,121859000.0,164.41785929
2025-03-19 08:00:00,121865000.0,123500000.0,121766000.0,123229000.0,355.01491995
2025-03-19 12:00:00,123180000.0,124598000.0,122500000.0,124337000.0,655.35837443
2025-03-19 16:00:00,124336000.0,125934000.0,122688000.0,125070000.0,466.71416712
2025-03-19 20:00:00,125033000.0,127625000.0,124799000.0,127194000.0,563.51073179
2025-03-20 00:00:00,127194000.0,128495000.0,125550000.0,125775000.0,735.75942224
2025-03-20 04:00:00,125775000.0,126399000.0,125150000.0,126221000.0,262.52792185
2025-03-20 08:00:00,126200000.0,127073000.0,125098000.0,125896000.0,303.62906624
2025-03-20 12:00:00,125898000.0,127663000.0,125102000.0,125202000.0,450.0299313
2025-03-20 16:00:00,125202000.0,125474000.0,123910000.0,124513000.0,260.70585895
2025-03-20 20:00:00,124544000.0,125100000.0,123945000.0,124297000.0,180.15032163
2025-03-21 00:00:00,124329000.0,125129000.0,124146000.0,124857000.0,214.23888948
2025-03-21 04:00:00,124982000.0,125138000.0,123560000.0,123858000.0,245.12287396
2025-03-21 08:00:00,123860000.0,124559000.0,123600000.0,124387000.0,168.77171096
2025-03-21 12:00:00,124398000.0,124707000.0,123228000.0,123834000.0,277.79579499
2025-03-21 16:00:00,123800000.0,124763000.0,123590000.0,124185000.0,81.0285689
2025-03-21 20:00:00,124209000.0,124968000.0,124025000.0,124500000.0,90.33504987
2025-03-22 00:00:00,124500000.0,124890000.0,124100000.0,124400000.0,117.35919252
2025-03-22 04:00:00,124400000.0,124600000.0,124295000.0,124321000.0,77.54986372
2025-03-22 08:00:00,124320000.0,124773000.0,124249000.0,124385000.0,88.97175703
2025-03-22 12:00:00,124385000.0,124497000.0,124001000.0,124245000.0,82.35168234
2025-03-22 16:00:00,124245000.0,124509000.0,124157000.0,124386000.0,36.86398925
2025-03-22 20:00:00,124503000.0,124610000.0,124000000.0,124150000.0,71.93206764
2025-03-23 00:00:00,124150000.0,124450000.0,124026000.0,124412000.0,84.48327127
2025-03-23 04:00:00,124412000.0,124499000.0,124200000.0,124459000.0,60.45270827
2025-03-23 08:00:00,124460000.0,125950000.0,124403000.0,125416000.0,194.09891897
2025-03-23 12:00:00,125357000.0,125900000.0,125057000.0,125895000.0,181.9885499
2025-03-23 16:00:00,125870000.0,126534000.0,125595000.0,125825000.0,120.52428838
2025-03-23 20:00:00,125815000.0,126938000.0,125740000.0,126937000.0,157.85813877
2025-03-24 00:00:00,126912000.0,127750000.0,126196000.0,127658000.0,437.9200149
2025-03-24 04:00:00,127616000.0,128578000.0,127615000.0,127999000.0,409.91463959
2025-03-24 08:00:00,127967000.0,129700000.0,127942000.0,129530000.0,472.58138812
2025-03-24 12:00:00,129530000.0,130989000.0,128743000.0,130329000.0,692.97093234
2025-03-24 16:00:00,130329000.0,130688000.0,129543000.0,130179000.0,149.63885904
2025-03-24 20:00:00,130065000.0,130400000.0,128138000.0,128890000.0,360.87489373
2025-03-25 00:00:00,128890000.0,129290000.0,127550000.0,127679000.0,343.18908459
2025-03-25 04:00:00,127679000.0,128350000.0,127502000.0,127775000.0,252.66118969
2025-03-25 08:00:00,127775000.0,129428000.0,127730000.0,129217000.0,270.28099441
2025-03-25 12:00:00,129217000.0,129983000.0,128597000.0,129520000.0,393.43396341
2025-03-25 16:00:00,129529000.0,129966000.0,128950000.0,129682000.0,99.53057037
2025-03-25 20:00:00,129659000.0,130000000.0,128612000.0,128823000.0,179.9280143
2025-03-26 00:00:00,128822000.0,129550000.0,128576000.0,128632000.0,204.43411059
2025-03-26 04:00:00,128594000.0,130207000.0,128591000.0,130027000.0,191.1698547
2025-03-26 08:00:00,130005000.0,130068000.0,129387000.0,129688000.0,181.412697
2025-03-26 12:00:00,129688000.0,129843000.0,127815000.0,128421000.0,425.23002645
2025-03-26 16:00:00,128421000.0,128755000.0,127200000.0,128056000.0,150.90448052
2025-03-26 20:00:00,128123000.0,129306000.0,127950000.0,128556000.0,187.13125538
2025-03-27 00:00:00,128556000.0,129566000.0,128400000.0,129451000.0,201.16810701
2025-03-27 04:00:00,129451000.0,129459000.0,128670000.0,128952000.0,122.91542991
2025-03-27 08:00:00,128957000.0,129200000.0,128319000.0,128445000.0,169.66797388
2025-03-27 12:00:00,128446000.0,129123000.0,127000000.0,128295000.0,431.64460997
2025-03-27 16:00:00,128262000.0,128954000.0,128186000.0,128560000.0,60.76277733
2025-03-27 20:00:00,128560000.0,129325000.0,128440000.0,128701000.0,95.67650289
2025-03-28 00:00:00,128701000.0,129026000.0,128159000.0,128245000.0,178.01861107
2025-03-28 04:00:00,128245000.0,128258000.0,126000000.0,126031000.0,479.5566421
2025-03-28 08:00:00,126031000.0,126663000.0,125836000.0,126662000.0,267.16056463
2025-03-28 12:00:00,126663000.0,127200000.0,125000000.0,125152000.0,444.65302168
2025-03-28 16:00:00,125150000.0,125394000.0,124610000.0,124951000.0,152.74983348
2025-03-28 20:00:00,124989000.0,126000000.0,124754000.0,125800000.0,146.41469186
2025-03-29 00:00:00,125800000.0,126100000.0,124357000.0,125078000.0,221.52196628
2025-03-29 04:00:00,125078000.0,125166000.0,124444000.0,124525000.0,112.91157695
2025-03-29 08:00:00,124525000.0,125000000.0,122082000.0,122502000.0,462.64044376
2025-03-29 12:00:00,122502000.0,123680000.0,122336000.0,122896000.0,268.91460778
2025-03-29 16:00:00,122898000.0,123422000.0,122007000.0,123391000.0,112.55558939
2025-03-29 20:00:00,123424000.0,123499000.0,122905000.0,123378000.0,88.35438961
2025-03-30 00:00:00,123274000.0,124890000.0,123186000.0,124096000.0,256.59923491
2025-03-30 04:00:00,124096000.0,124538000.0,123561000.0,123902000.0,97.23661287
2025-03-30 08:00:00,123997000.0,124692000.0,123901000.0,124279000.0,93.36059946
2025-03-30 12:00:00,124279000.0,124505000.0,123282000.0,123789000.0,138.76708205
2025-03-30 16:00:00,123789000.0,123972000.0,122890000.0,123450000.0,70.19896499
2025-03-30 20:00:00,123450000.0,123850000.0,122218000.0,123046000.0,175.71567831
2025-03-31 00:00:00,123046000.0,123141000.0,121400000.0,121499000.0,397.88499274
2025-03-31 04:00:00,121499000.0,122422000.0,121263000.0,121939000.0,207.84656525
2025-03-31 08:00:00,121939000.0,122316000.0,121301000.0,122200000.0,228.47056024
2025-03-31 12:00:00,122200000.0,124895000.0,121905000.0,124269000.0,497.61520233
2025-03-31 16:00:00,124268000.0,124600000.0,124020000.0,124100000.0,20.81719047
2025-03-31 20:00:00,124026000.0,124100000.0,122593000.0,123209000.0,120.61609796
2025-04-01 00:00:00,123209000.0,123888000.0,122800000.0,123422000.0,183.92087382
2025-04-01 04:00:00,123430000.0,124200000.0,123150000.0,123819000.0,243.24459208
2025-04-01 08:00:00,123821000.0,125450000.0,123821000.0,124650000.0,368.37045369
2025-04-01 12:00:00,124644000.0,126670000.0,123110000.0,126357000.0,451.92946601
2025-04-01 16:00:00,126356000.0,126680000.0,125760000.0,126210000.0,162.01699211
2025-04-01 20:00:00,126234000.0,126964000.0,125965000.0,126632000.0,183.71817122
2025-04-02 00:00:00,126632000.0,126834000.0,125290000.0,125414000.0,236.0167709
2025-04-02 04:00:00,125414000.0,125502000.0,124425000.0,125295000.0,204.61165443
2025-04-02 08:00:00,125266000.0,126512000.0,124801000.0,125068000.0,204.01872827
2025-04-02 12:00:00,125064000.0,128995000.0,124949000.0,128288000.0,616.37754499
2025-04-02 16:00:00,128375000.0,128890000.0,127386000.0,128480000.0,202.18545144
2025-04-02 20:00:00,128430000.0,130342000.0,122500000.0,122798000.0,1321.35623852
2025-04-03 00:00:00,122794000.0,124785000.0,122362000.0,123880000.0,415.54852717
2025-04-03 04:00:00,123996000.0,124250000.0,123200000.0,124001000.0,180.40868221
2025-04-03 08:00:00,124026000.0,124342000.0,123057000.0,123190000.0,185.91865968
2025-04-03 12:00:00,123190000.0,123246000.0,121002000.0,121984000.0,700.77365517
2025-04-03 16:00:00,121984000.0,122590000.0,121287000.0,121780000.0,130.58320192
2025-04-03 20:00:00,121838000.0,123433000.0,121370000.0,123244000.0,228.62499913
2025-04-04 00:00:00,123244000.0,123525000.0,121486000.0,121789000.0,423.31902736
2025-04-04 04:00:00,121789000.0,123645000.0,121367000.0,123496000.0,349.87438959
2025-04-04 08:00:00,123493000.0,124650000.0,121100000.0,122500000.0,603.64769707
2025-04-04 12:00:00,122500000.0,123476000.0,121483000.0,122518000.0,568.59842114
2025-04-04 16:00:00,122584000.0,124650000.0,122310000.0,123801000.0,276.71632405
2025-04-04 20:00:00,123801000.0,124200000.0,123100000.0,123409000.0,155.86611093
2025-04-05 00:00:00,123409000.0,123988000.0,122912000.0,123245000.0,141.97298293
2025-04-05 04:00:00,123329000.0,123750000.0,123100000.0,123268000.0,81.65263871
2025-04-05 08:00:00,123308000.0,123696000.0,123152000.0,123203000.0,107.63770629
2025-04-05 12:00:00,123203000.0,123315000.0,122033000.0,122298000.0,194.75138326
2025-04-05 16:00:00,122298000.0,122848000.0,122234000.0,122459000.0,49.98328135
2025-04-05 20:00:00,122544000.0,123405000.0,122457000.0,123300000.0,77.88778578
2025-04-06 00:00:00,123255000.0,123500000.0,122902000.0,123145000.0,106.87563447
2025-04-06 04:00:00,123145000.0,123500000.0,122785000.0,122840000.0,101.62823046
2025-04-06 08:00:00,122840000.0,122999000.0,122380000.0,122628000.0,101.8163992
2025-04-06 12:00:00,122628000.0,122802000.0,121854000.0,122113000.0,220.14773211
2025-04-06 16:00:00,122110000.0,122190000.0,118082000.0,119118000.0,825.68508679
2025-04-06 20:00:00,119162000.0,119500000.0,115542000.0,117517000.0,1520.06480989
2025-04-07 00:00:00,117517000.0,119110000.0,115694000.0,116604000.0,996.70491779
2025-04-07 04:00:00,116604000.0,116921000.0,111659000.0,112952000.0,2007.0212663
2025-04-07 08:00:00,112973000.0,116162000.0,112890000.0,114723000.0,1054.59045178
2025-04-07 12:00:00,114723000.0,121149000.0,113393000.0,117003000.0,2046.98570332
2025-04-07 16:00:00,117003000.0,118106000.0,115500000.0,116488000.0,267.36771566
2025-04-07 20:00:00,116466000.0,119749000.0,116318000.0,118061000.0,422.49435183
2025-04-08 00:00:00,118062000.0,120239000.0,117346000.0,118934000.0,499.06405106
2025-04-08 04:00:00,118939000.0,119686000.0,118021000.0,118527000.0,266.69606349
2025-04-08 08:00:00,118610000.0,119550000.0,117910000.0,119505000.0,257.01352075
2025-04-08 12:00:00,119506000.0,119880000.0,117101000.0,117606000.0,549.00078498
2025-04-08 16:00:00,117606000.0,117606000.0,114567000.0,115344000.0,486.69084249
2025-04-08 20:00:00,115344000.0,116197000.0,114360000.0,114489000.0,393.96646179
2025-04-09 00:00:00,114497000.0,115447000.0,112549000.0,112884000.0,767.75565967
2025-04-09 04:00:00,112900000.0,117235000.0,112820000.0,116800000.0,838.65323547
2025-04-09 08:00:00,116800000.0,117000000.0,113850000.0,114566000.0,713.9626389
2025-04-09 12:00:00,114566000.0,117240000.0,114224000.0,115684000.0,510.43886011
2025-04-09 16:00:00,115684000.0,122208000.0,115526000.0,121210000.0,1289.69795986
2025-04-09 20:00:00,121201000.0,123168000.0,120825000.0,121339000.0,801.67331306
2025-04-10 00:00:00,121339000.0,122300000.0,120313000.0,120700000.0,540.07526694
2025-04-10 04:00:00,120700000.0,121722000.0,120447000.0,120802000.0,235.52185249
2025-04-10 08:00:00,120802000.0,121565000.0,120420000.0,121168000.0,183.04545656
2025-04-10 12:00:00,121168000.0,121824000.0,116877000.0,117057000.0,768.92947917
2025-04-10 16:00:00,117057000.0,118636000.0,116687000.0,118071000.0,327.81016866
2025-04-10 20:00:00,118114000.0,118631000.0,117654000.0,117936000.0,185.58514177
2025-04-11 00:00:00,117929000.0,119437000.0,116910000.0,119338000.0,398.20887747
2025-04-11 04:00:00,119338000.0,120002000.0,118900000.0,119787000.0,247.0082946
2025-04-11 08:00:00,119836000.0,121544000.0,119200000.0,120421000.0,447.06123931
2025-04-11 12:00:00,120421000.0,121900000.0,119100000.0,120472000.0,495.17274137
2025-04-11 16:00:00,120334000.0,122333000.0,119867000.0,121523000.0,343.53087728
2025-04-11 20:00:00,121494000.0,122252000.0,121200000.0,121450000.0,125.697414
2025-04-12 00:00:00,121450000.0,121790000.0,120790000.0,120790000.0,161.72717433
2025-04-12 04:00:00,120790000.0,121655000.0,120616000.0,121480000.0,123.93909493
2025-04-12 08:00:00,121503000.0,121850000.0,121140000.0,121406000.0,137.99044143
2025-04-12 12:00:00,121406000.0,123500000.0,121363000.0,123011000.0,536.55677846
2025-04-12 16:00:00,123011000.0,123287000.0,122254000.0,122835000.0,161.27362867
2025-04-12 20:00:00,122835000.0,123973000.0,122776000.0,123551000.0,256.39398504
2025-04-13 00:00:00,123577000.0,124520000.0,123184000.0,123867000.0,360.93278114
2025-04-13 04:00:00,123835000.0,123993000.0,122578000.0,122641000.0,239.76277126
2025-04-13 08:00:00,122640000.0,123300000.0,122458000.0,122810000.0,223.01991645
2025-04-13 12:00:00,122786000.0,123000000.0,121590000.0,121723000.0,326.74268839
2025-04-13 16:00:00,121722000.0,123050000.0,121218000.0,122336000.0,149.29013652
2025-04-13 20:00:00,122240000.0,122780000.0,120859000.0,121577000.0,256.76921837
2025-04-14 00:00:00,121577000.0,123850000.0,121504000.0,122978000.0,502.20618684
2025-04-14 04:00:00,122978000.0,123427000.0,122200000.0,122716000.0,190.78972868
2025-04-14 08:00:00,122716000.0,123101000.0,122185000.0,122928000.0,205.50232902
2025-04-14 12:00:00,122968000.0,124000000.0,121800000.0,122298000.0,485.40823979
2025-04-14 16:00:00,122238000.0,123258000.0,121940000.0,122844000.0,154.03997993
2025-04-14 20:00:00,122784000.0,123095000.0,122466000.0,122694000.0,88.26862066
2025-04-15 00:00:00,122694000.0,123500000.0,122528000.0,123451000.0,206.59469801
2025-04-15 04:00:00,123448000.0,124101000.0,123200000.0,123965000.0,242.62396358
2025-04-15 08:00:00,123966000.0,124653000.0,123965000.0,124234000.0,357.80039141
2025-04-15 12:00:00,124234000.0,125120000.0,123152000.0,123433000.0,471.51454255
2025-04-15 16:00:00,123417000.0,123747000.0,122465000.0,122548000.0,133.79070953
2025-04-15 20:00:00,122501000.0,122985000.0,122116000.0,122158000.0,213.60876468
2025-04-16 00:00:00,122154000.0,122378000.0,121290000.0,121845000.0,325.01396143
2025-04-16 04:00:00,121831000.0,122209000.0,121439000.0,121520000.0,177.31539794
2025-04-16 08:00:00,121523000.0,122327000.0,121200000.0,122132000.0,230.63112987
2025-04-16 12:00:00,122132000.0,123400000.0,121535000.0,122811000.0,333.64414869
2025-04-16 16:00:00,122811000.0,123570000.0,121224000.0,122206000.0,248.18311869
2025-04-16 20:00:00,122206000.0,122785000.0,121850000.0,121850000.0,120.41641763
2025-04-17 00:00:00,121850000.0,122360000.0,121600000.0,121798000.0,170.81369936
2025-04-17 04:00:00,121798000.0,122760000.0,121620000.0,122310000.0,137.69037713
2025-04-17 08:00:00,122422000.0,122495000.0,121854000.0,122369000.0,80.57210506
2025-04-17 12:00:00,122371000.0,122700000.0,121502000.0,122323000.0,218.68008255
2025-04-17 16:00:00,122323000.0,123220000.0,122204000.0,122834000.0,120.72517335
2025-04-17 20:00:00,122874000.0,123177000.0,122539000.0,122700000.0,91.60006573
2025-04-18 00:00:00,122669000.0,122916000.0,122377000.0,122758000.0,123.6956898
2025-04-18 04:00:00,122702000.0,122765000.0,122300000.0,122511000.0,97.63941343
2025-04-18 08:00:00,122511000.0,122725000.0,122431000.0,122556000.0,58.24941464
2025-04-18 12:00:00,122596000.0,122684000.0,122290000.0,122299000.0,81.88889437
2025-04-18 16:00:00,122299000.0,122535000.0,122255000.0,122450000.0,25.18923891
2025-04-18 20:00:00,122464000.0,122579000.0,122256000.0,122288000.0,60.05022419
2025-04-19 00:00:00,122288000.0,122858000.0,122110000.0,122680000.0,106.63808256
2025-04-19 04:00:00,122700000.0,123101000.0,122677000.0,123014000.0,124.20842252
2025-04-19 08:00:00,123014000.0,123343000.0,122891000.0,123026000.0,117.87958814
2025-04-19 12:00:00,123026000.0,123500000.0,122895000.0,123018000.0,127.33902916
2025-04-19 16:00:00,123018000.0,123178000.0,122571000.0,122726000.0,61.19781185
2025-04-19 20:00:00,122725000.0,123150000.0,122700000.0,122720000.0,47.697177
2025-04-20 00:00:00,122720000.0,123135000.0,122677000.0,123048000.0,90.19333926
2025-04-20 04:00:00,122968000.0,123131000.0,122520000.0,122665000.0,150.79336631
2025-04-20 08:00:00,122720000.0,122720000.0,121571000.0,121690000.0,273.21156491
2025-04-20 12:00:00,121690000.0,122329000.0,121612000.0,122047000.0,160.18726428
2025-04-20 16:00:00,122091000.0,122360000.0,121853000.0,122132000.0,39.20585273
2025-04-20 20:00:00,122199000.0,122910000.0,122132000.0,122746000.0,117.47567129
2025-04-21 00:00:00,122746000.0,125780000.0,122690000.0,124872000.0,825.06934665
2025-04-21 04:00:00,124837000.0,125650000.0,124800000.0,125219000.0,243.23896845
2025-04-21 08:00:00,125160000.0,125650000.0,124400000.0,124671000.0,236.23645178
2025-04-21 12:00:00,124671000.0,126660000.0,124600000.0,126262000.0,495.70039371
2025-04-21 16:00:00,126221000.0,126578000.0,124503000.0,125665000.0,242.37040196
2025-04-21 20:00:00,125567000.0,126299000.0,125250000.0,126237000.0,146.35355348
2025-04-22 00:00:00,126200000.0,127850000.0,125550000.0,127000000.0,524.63144225
2025-04-22 04:00:00,127000000.0,127381000.0,126694000.0,127173000.0,297.41703853
2025-04-22 08:00:00,127173000.0,127759000.0,127122000.0,127681000.0,221.79041411
2025-04-22 12:00:00,127681000.0,131093000.0,127515000.0,130481000.0,1153.15805152
2025-04-22 16:00:00,130422000.0,131482000.0,130092000.0,131210000.0,262.18016512
2025-04-22 20:00:00,131156000.0,134397000.0,130532000.0,133855000.0,828.07101491
2025-04-23 00:00:00,133856000.0,134633000.0,132600000.0,133330000.0,775.89041274
2025-04-23 04:00:00,133330000.0,134892000.0,133082000.0,134820000.0,359.90014161
2025-04-23 08:00:00,134813000.0,135413000.0,133600000.0,133757000.0,500.81890438
2025-04-23 12:00:00,133757000.0,135305000.0,131570000.0,133436000.0,717.037038
2025-04-23 16:00:00,133380000.0,134745000.0,133012000.0,134162000.0,210.76994047
2025-04-23 20:00:00,134163000.0,134567000.0,133752000.0,134373000.0,176.52832975
2025-04-24 00:00:00,134373000.0,134400000.0,132511000.0,132600000.0,315.10071726
2025-04-24 04:00:00,132614000.0,133122000.0,132300000.0,132685000.0,352.68977453
2025-04-24 08:00:00,132685000.0,133510000.0,132028000.0,133424000.0,296.7972695
2025-04-24 12:00:00,133425000.0,134386000.0,133170000.0,133840000.0,305.58492533
2025-04-24 16:00:00,133840000.0,134493000.0,133399000.0,134460000.0,102.29155676
2025-04-24 20:00:00,134470000.0,134710000.0,133700000.0,134650000.0,233.64906078
2025-04-25 00:00:00,134641000.0,135503000.0,133857000.0,134460000.0,388.53458581
2025-04-25 04:00:00,134460000.0,135000000.0,134020000.0,134932000.0,225.86130126
2025-04-25 08:00:00,134906000.0,136085000.0,134738000.0,136027000.0,300.29359805
2025-04-25 12:00:00,136027000.0,137869000.0,135700000.0,137255000.0,741.02601207
2025-04-25 16:00:00,137255000.0,137726000.0,136500000.0,137371000.0,176.92170401
2025-04-25 20:00:00,137371000.0,137401000.0,136416000.0,136416000.0,161.98902258
2025-04-26 00:00:00,136557000.0,137140000.0,136393000.0,136803000.0,181.97951166
2025-04-26 04:00:00,136811000.0,136944000.0,136107000.0,136111000.0,179.90410337
2025-04-26 08:00:00,136111000.0,136360000.0,135300000.0,135732000.0,268.66421948
2025-04-26 12:00:00,135733000.0,136140000.0,135369000.0,136101000.0,135.60042192
2025-04-26 16:00:00,136139000.0,136252000.0,135750000.0,136010000.0,49.07952118
2025-04-26 20:00:00,136132000.0,136893000.0,135872000.0,136499000.0,93.64227022
2025-04-27 00:00:00,136525000.0,137400000.0,136100000.0,136299000.0,229.20719194
2025-04-27 04:00:00,136299000.0,136478000.0,135650000.0,136201000.0,117.38931165
2025-04-27 08:00:00,136201000.0,136349000.0,135867000.0,135925000.0,93.83805729
2025-04-27 12:00:00,135925000.0,136009000.0,135385000.0,135622000.0,192.76142132
2025-04-27 16:00:00,135624000.0,136115000.0,135406000.0,136115000.0,48.01373387
2025-04-27 20:00:00,135997000.0,136205000.0,135150000.0,135150000.0,145.96068906
2025-04-28 00:00:00,135160000.0,135473000.0,133720000.0,135323000.0,398.33967525
2025-04-28 04:00:00,135323000.0,136600000.0,135311000.0,136296000.0,236.05015481
2025-04-28 08:00:00,136231000.0,137500000.0,136000000.0,137120000.0,344.58032255
2025-04-28 12:00:00,137119000.0,137558000.0,135216000.0,135599000.0,453.4818954
2025-04-28 16:00:00,135469000.0,136697000.0,135141000.0,136522000.0,92.84549099
2025-04-28 20:00:00,136442000.0,137100000.0,136007000.0,136816000.0,171.8595351
2025-04-29 00:00:00,136820000.0,137498000.0,136356000.0,136586000.0,270.82219837
2025-04-29 04:00:00,136586000.0,136940000.0,136116000.0,136831000.0,170.22545959
2025-04-29 08:00:00,136831000.0,137186000.0,136383000.0,136972000.0,164.69105755
2025-04-29 12:00:00,137000000.0,137171000.0,136442000.0,136785000.0,238.38504005
2025-04-29 16:00:00,136785000.0,137326000.0,136534000.0,137209000.0,115.45455478
2025-04-29 20:00:00,137073000.0,137253000.0,135700000.0,136310000.0,293.97190428
2025-04-30 00:00:00,136310000.0,136767000.0,136000000.0,136699000.0,168.32403959
2025-04-30 04:00:00,136699000.0,136873000.0,136015000.0,136202000.0,135.38845765
2025-04-30 08:00:00,136202000.0,136775000.0,136151000.0,136726000.0,118.34004388
2025-04-30 12:00:00,136727000.0,136727000.0,134138000.0,135748000.0,605.5787678
2025-04-30 16:00:00,135762000.0,136297000.0,135223000.0,135953000.0,71.15716851
2025-04-30 20:00:00,135953000.0,136582000.0,135792000.0,136050000.0,122.92992983
2025-05-01 00:00:00,136148000.0,136943000.0,136002000.0,136639000.0,179.18250877
2025-05-01 04:00:00,136639000.0,137176000.0,136614000.0,136998000.0,140.79042885
2025-05-01 08:00:00,136960000.0,138743000.0,136874000.0,138385000.0,465.93851791
2025-05-01 12:00:00,138385000.0,140000000.0,138036000.0,139545000.0,556.4021441
2025-05-01 16:00:00,139543000.0,140037000.0,138932000.0,138964000.0,183.52008139
2025-05-01 20:00:00,138983000.0,139491000.0,138670000.0,139145000.0,184.13896392
2025-05-02 00:00:00,139145000.0,140516000.0,139111000.0,139881000.0,388.74607819
2025-05-02 04:00:00,139881000.0,140013000.0,137889000.0,137893000.0,369.11203708
2025-05-02 08:00:00,137891000.0,138750000.0,137799000.0,138221000.0,204.14452907
2025-05-02 12:00:00,138221000.0,139302000.0,137800000.0,138781000.0,247.41058964
2025-05-02 16:00:00,138802000.0,139131000.0,138430000.0,138717000.0,83.70045064
2025-05-02 20:00:00,138594000.0,138908000.0,138289000.0,138636000.0,75.35814236
2025-05-03 00:00:00,138640000.0,138750000.0,137490000.0,137490000.0,199.31318314
2025-05-03 04:00:00,137502000.0,138022000.0,137450000.0,137750000.0,85.92728762
2025-05-03 08:00:00,137749000.0,137901000.0,137328000.0,137380000.0,114.00243649
2025-05-03 12:00:00,137380000.0,138114000.0,137153000.0,137889000.0,128.43419484
2025-05-03 16:00:00,137920000.0,138081000.0,137517000.0,138057000.0,37.66738573
2025-05-03 20:00:00,138001000.0,138124000.0,137510000.0,137560000.0,59.25351386
2025-05-04 00:00:00,137598000.0,138082000.0,137250000.0,137400000.0,139.36113693
2025-05-04 04:00:00,137429000.0,137815000.0,137382000.0,137549000.0,53.13518264
2025-05-04 08:00:00,137546000.0,137587000.0,137000000.0,137060000.0,124.58352343
2025-05-04 12:00:00,137060000.0,137343000.0,136888000.0,137012000.0,99.3382577
2025-05-04 16:00:00,137040000.0,137302000.0,136861000.0,137186000.0,34.53057575
2025-05-04 20:00:00,137157000.0,137500000.0,135582000.0,135652000.0,226.62915389
2025-05-05 00:00:00,135677000.0,136392000.0,133943000.0,134458000.0,460.1787264
2025-05-05 04:00:00,134500000.0,134919000.0,134354000.0,134818000.0,131.35847348
2025-05-05 08:00:00,134818000.0,134972000.0,132900000.0,133244000.0,363.97471585
2025-05-05 12:00:00,133244000.0,134300000.0,133123000.0,133610000.0,232.1659563
2025-05-05 16:00:00,133623000.0,134920000.0,133610000.0,134304000.0,77.14319545
2025-05-05 20:00:00,134205000.0,135560000.0,133912000.0,134890000.0,116.70727459
2025-05-06 00:00:00,134890000.0,135603000.0,134400000.0,134661000.0,170.91972421
2025-05-06 04:00:00,134797000.0,135000000.0,134195000.0,134904000.0,89.96439116
2025-05-06 08:00:00,134904000.0,134965000.0,133518000.0,133617000.0,182.56873239
2025-05-06 12:00:00,133617000.0,134730000.0,133061000.0,134518000.0,270.47158681
2025-05-06 16:00:00,134518000.0,135039000.0,134008000.0,134780000.0,80.14500987
2025-05-06 20:00:00,134780000.0,137800000.0,134164000.0,137400000.0,358.93144603
2025-05-07 00:00:00,137351000.0,138282000.0,136300000.0,136915000.0,501.65412298
2025-05-07 04:00:00,136860000.0,137268000.0,136668000.0,137268000.0,150.88062038
2025-05-07 08:00:00,137261000.0,137600000.0,137100000.0,137425000.0,133.24603892
2025-05-07 12:00:00,137424000.0,137950000.0,136825000.0,137580000.0,210.51817055
2025-05-07 16:00:00,137500000.0,137607000.0,136050000.0,136766000.0,132.9122642
2025-05-07 20:00:00,136766000.0,138201000.0,136600000.0,137660000.0,173.19204642
2025-05-08 00:00:00,137680000.0,139779000.0,137402000.0,139700000.0,506.75643348
2025-05-08 04:00:00,139700000.0,140055000.0,139000000.0,139971000.0,406.15274634
2025-05-08 08:00:00,139980000.0,141115000.0,139950000.0,140184000.0,512.57279673
2025-05-08 12:00:00,140184000.0,142409000.0,139521000.0,141801000.0,671.75131678
2025-05-08 16:00:00,141797000.0,143000000.0,141702000.0,142550000.0,322.03825998
2025-05-08 20:00:00,142550000.0,145000000.0,142473000.0,144780000.0,735.62915256
2025-05-09 00:00:00,144688000.0,145350000.0,143915000.0,144024000.0,571.34809293
2025-05-09 04:00:00,144024000.0,146200000.0,143957000.0,145494000.0,408.39790393
2025-05-09 08:00:00,145474000.0,145660000.0,143500000.0,144041000.0,591.02060743
2025-05-09 12:00:00,144030000.0,144999000.0,143800000.0,144278000.0,328.7931039
2025-05-09 16:00:00,144244000.0,144500000.0,143800000.0,144441000.0,71.05375136
2025-05-09 20:00:00,144378000.0,144628000.0,143720000.0,143720000.0,109.50221922
2025-05-10 00:00:00,143726000.0,144350000.0,143646000.0,144195000.0,158.79993356
2025-05-10 04:00:00,144195000.0,145315000.0,144000000.0,144790000.0,215.94050199
2025-05-10 08:00:00,144790000.0,145100000.0,144286000.0,144318000.0,206.40909729
2025-05-10 12:00:00,144313000.0,144786000.0,144022000.0,144022000.0,158.20678868
2025-05-10 16:00:00,144022000.0,144367000.0,143500000.0,143829000.0,172.36386399
2025-05-10 20:00:00,143829000.0,145219000.0,143602000.0,144964000.0,332.15179649
2025-05-11 00:00:00,144982000.0,145186000.0,144037000.0,144600000.0,310.62376098
2025-05-11 04:00:00,144600000.0,145040000.0,144126000.0,144153000.0,165.93623202
2025-05-11 08:00:00,144160000.0,146100000.0,144152000.0,145999000.0,392.21057792
2025-05-11 12:00:00,145997000.0,146495000.0,145200000.0,145800000.0,315.86315025
2025-05-11 16:00:00,145800000.0,146070000.0,145018000.0,145607000.0,80.63159202
2025-05-11 20:00:00,145608000.0,145970000.0,145035000.0,145510000.0,142.50981891
2025-05-12 00:00:00,145510000.0,146471000.0,145273000.0,145680000.0,310.85426895
2025-05-12 04:00:00,145680000.0,147300000.0,145350000.0,146649000.0,546.24466052
2025-05-12 08:00:00,146649000.0,147081000.0,146058000.0,146111000.0,374.01293861
2025-05-12 12:00:00,146121000.0,146350000.0,144000000.0,144001000.0,821.67292298
2025-05-12 16:00:00,144017000.0,144629000.0,142532000.0,143733000.0,391.33661985
2025-05-12 20:00:00,143706000.0,145628000.0,143600000.0,144875000.0,199.17460736
2025-05-13 00:00:00,144875000.0,145000000.0,143500000.0,143902000.0,385.39828046
2025-05-13 04:00:00,143960000.0,145439000.0,143789000.0,145272000.0,208.96503529
2025-05-13 08:00:00,145203000.0,146602000.0,145101000.0,146382000.0,283.00437315
2025-05-13 12:00:00,146381000.0,146559000.0,145091000.0,146118000.0,355.66784233
2025-05-13 16:00:00,146118000.0,146639000.0,145791000.0,146602000.0,155.53840153
2025-05-13 20:00:00,146600000.0,146644000.0,145734000.0,145880000.0,203.50577196
2025-05-14 00:00:00,145965000.0,146121000.0,145526000.0,145802000.0,209.18396491
2025-05-14 04:00:00,145830000.0,146250000.0,145700000.0,145979000.0,152.85044665
2025-05-14 08:00:00,145899000.0,146091000.0,144249000.0,145641000.0,354.28660619
2025-05-14 12:00:00,145641000.0,146430000.0,144819000.0,145594000.0,251.63899817
2025-05-14 16:00:00,145594000.0,146052000.0,144798000.0,145608000.0,76.49110932
2025-05-14 20:00:00,145661000.0,146079000.0,145554000.0,145718000.0,122.21787513
2025-05-15 00:00:00,145793000.0,146100000.0,144602000.0,144629000.0,230.91209846
2025-05-15 04:00:00,144619000.0,144910000.0,143634000.0,143817000.0,350.13531301
2025-05-15 08:00:00,143817000.0,144850000.0,143650000.0,144850000.0,265.16570483
2025-05-15 12:00:00,144849000.0,146085000.0,144000000.0,146023000.0,394.59725023
2025-05-15 16:00:00,146023000.0,146639000.0,145177000.0,145868000.0,228.89808774
2025-05-15 20:00:00,145990000.0,146500000.0,145280000.0,146026000.0,299.49351514
2025-05-16 00:00:00,146030000.0,146889000.0,145808000.0,146572000.0,363.21501354
2025-05-16 04:00:00,146563000.0,146766000.0,146208000.0,146210000.0,191.92719958
2025-05-16 08:00:00,146209000.0,146422000.0,145570000.0,146064000.0,250.69575567
2025-05-16 12:00:00,146064000.0,146829000.0,145859000.0,146784000.0,205.06096956
2025-05-16 16:00:00,146784000.0,147117000.0,146372000.0,146826000.0,152.39802997
2025-05-16 20:00:00,146833000.0,146889000.0,146373000.0,146465000.0,112.92485401
2025-05-17 00:00:00,146465000.0,146750000.0,145770000.0,146605000.0,330.31909249
2025-05-17 04:00:00,146696000.0,146750000.0,146383000.0,146617000.0,104.27438837
2025-05-17 08:00:00,146617000.0,146750000.0,145918000.0,146259000.0,173.35490751
2025-05-17 12:00:00,146259000.0,146436000.0,146000000.0,146227000.0,81.26376438
2025-05-17 16:00:00,146272000.0,146680000.0,146213000.0,146412000.0,69.09770953
2025-05-17 20:00:00,146412000.0,146828000.0,146363000.0,146555000.0,103.33747767
2025-05-18 00:00:00,146580000.0,146900000.0,146555000.0,146775000.0,97.83204603
2025-05-18 04:00:00,146775000.0,147117000.0,146736000.0,147116000.0,122.16843518
2025-05-18 08:00:00,147116000.0,147413000.0,147050000.0,147053000.0,170.65120341
2025-05-18 12:00:00,147050000.0,149755000.0,147003000.0,149156000.0,661.99549902
2025-05-18 16:00:00,149156000.0,149661000.0,147710000.0,147761000.0,253.29264534
2025-05-18 20:00:00,147761000.0,150600000.0,147200000.0,150458000.0,560.50911808
2025-05-19 00:00:00,150296000.0,151199000.0,147221000.0,147363000.0,701.43958718
2025-05-19 04:00:00,147313000.0,147498000.0,145585000.0,146725000.0,678.35088037
2025-05-19 08:00:00,146725000.0,146801000.0,145959000.0,146235000.0,206.62609651
2025-05-19 12:00:00,146235000.0,148480000.0,145500000.0,148302000.0,475.58796722
2025-05-19 16:00:00,148334000.0,148999000.0,147835000.0,148771000.0,163.99676047
2025-05-19 20:00:00,148771000.0,149140000.0,148134000.0,148699000.0,175.08516398
2025-05-20 00:00:00,148700000.0,150251000.0,148530000.0,149011000.0,573.20734554
2025-05-20 04:00:00,149011000.0,149767000.0,148423000.0,148555000.0,240.71672744
2025-05-20 08:00:00,148555000.0,149139000.0,148350000.0,148860000.0,179.19376608
2025-05-20 12:00:00,148860000.0,149078000.0,147743000.0,149049000.0,258.39017414
2025-05-20 16:00:00,149052000.0,150990000.0,148747000.0,150741000.0,291.49129208
2025-05-20 20:00:00,150793000.0,150990000.0,149437000.0,150424000.0,376.88832441
2025-05-21 00:00:00,150424000.0,150760000.0,149500000.0,150000000.0,264.7307601
2025-05-21 04:00:00,150002000.0,151324000.0,149835000.0,150026000.0,532.6482095
2025-05-21 08:00:00,150026000.0,150325000.0,149042000.0,149409000.0,344.90308427
2025-05-21 12:00:00,149407000.0,152041000.0,149100000.0,151666000.0,709.39157106
2025-05-21 16:00:00,151666000.0,152161000.0,148810000.0,151245000.0,604.53509212
2025-05-21 20:00:00,151326000.0,153301000.0,150177000.0,152356000.0,622.48443286
2025-05-22 00:00:00,152356000.0,155237000.0,152070000.0,155197000.0,949.09154202
2025-05-22 04:00:00,155197000.0,155323000.0,153674000.0,154280000.0,597.34366044
2025-05-22 08:00:00,154281000.0,154451000.0,153178000.0,154086000.0,434.29276043
2025-05-22 12:00:00,154071000.0,155000000.0,153768000.0,154442000.0,458.03177892
2025-05-22 16:00:00,154494000.0,155206000.0,154312000.0,154590000.0,175.35300404
2025-05-22 20:00:00,154590000.0,154900000.0,154159000.0,154861000.0,167.56319593
2025-05-23 00:00:00,154861000.0,155169000.0,153419000.0,153422000.0,561.95624857
2025-05-23 04:00:00,153422000.0,153834000.0,152950000.0,153453000.0,375.33041247
2025-05-23 08:00:00,153478000.0,154118000.0,151694000.0,151758000.0,507.52060783
2025-05-23 12:00:00,151758000.0,152923000.0,149711000.0,151519000.0,1203.48083322
2025-05-23 16:00:00,151519000.0,152266000.0,150399000.0,151150000.0,184.07608367
2025-05-23 20:00:00,151218000.0,151508000.0,149258000.0,149878000.0,413.04522103
2025-05-24 00:00:00,149962000.0,151270000.0,149422000.0,151066000.0,363.80429228
2025-05-24 04:00:00,151066000.0,151430000.0,150200000.0,150296000.0,170.3071536
2025-05-24 08:00:00,150265000.0,152700000.0,150203000.0,152260000.0,224.43723683
2025-05-24 12:00:00,152247000.0,152414000.0,151379000.0,151895000.0,127.4313691
2025-05-24 16:00:00,151895000.0,152162000.0,151618000.0,151980000.0,47.01689071
2025-05-24 20:00:00,151980000.0,152184000.0,150501000.0,150660000.0,130.00993917
2025-05-25 00:00:00,150680000.0,151401000.0,150396000.0,151316000.0,187.08786792
2025-05-25 04:00:00,151322000.0,151322000.0,150505000.0,150802000.0,82.1217515
2025-05-25 08:00:00,150809000.0,150888000.0,150000000.0,150269000.0,177.35794107
2025-05-25 12:00:00,150277000.0,150686000.0,150000000.0,150232000.0,174.02450532
2025-05-25 16:00:00,150244000.0,150890000.0,149916000.0,150584000.0,62.13638612
2025-05-25 20:00:00,150671000.0,152946000.0,150390000.0,152133000.0,292.81921802
2025-05-26 00:00:00,152133000.0,152780000.0,151642000.0,152110000.0,289.99310087
2025-05-26 04:00:00,152110000.0,152706000.0,151815000.0,152517000.0,152.78096921
2025-05-26 08:00:00,152517000.0,152699000.0,151997000.0,152277000.0,127.90915014
2025-05-26 12:00:00,152277000.0,152950000.0,151951000.0,152658000.0,196.34452839
2025-05-26 16:00:00,152658000.0,153000000.0,151509000.0,151766000.0,128.25583955
2025-05-26 20:00:00,151766000.0,152685000.0,151613000.0,152195000.0,92.69223437
2025-05-27 00:00:00,152197000.0,152350000.0,150001000.0,151265000.0,454.01805041
2025-05-27 04:00:00,151263000.0,152106000.0,150717000.0,151920000.0,214.23362433
2025-05-27 08:00:00,151920000.0,152338000.0,151757000.0,151773000.0,195.22638147
2025-05-27 12:00:00,151773000.0,153218000.0,151140000.0,152620000.0,458.47752244
2025-05-27 16:00:00,152696000.0,152980000.0,151900000.0,152184000.0,110.65274725
2025-05-27 20:00:00,152123000.0,152275000.0,151008000.0,151323000.0,197.22354239
2025-05-28 00:00:00,151323000.0,151608000.0,150700000.0,151244000.0,211.48849478
2025-05-28 04:00:00,151230000.0,151578000.0,151000000.0,151287000.0,112.44778296
2025-05-28 08:00:00,151288000.0,151518000.0,150762000.0,151053000.0,124.2444709
2025-05-28 12:00:00,151053000.0,151453000.0,149522000.0,149599000.0,423.31249446
2025-05-28 16:00:00,149599000.0,150495000.0,149520000.0,149711000.0,110.32042986
2025-05-28 20:00:00,149689000.0,150670000.0,149520000.0,150280000.0,158.65044609
2025-05-29 00:00:00,150280000.0,151089000.0,150015000.0,150490000.0,231.41771514
2025-05-29 04:00:00,150594000.0,150616000.0,149542000.0,150101000.0,179.54539539
2025-05-29 08:00:00,150101000.0,151291000.0,150023000.0,151083000.0,173.66627535
2025-05-29 12:00:00,151082000.0,151174000.0,148900000.0,149134000.0,479.08543503
2025-05-29 16:00:00,149134000.0,149411000.0,147650000.0,147794000.0,302.64437821
2025-05-29 20:00:00,147794000.0,148753000.0,147160000.0,147370000.0,351.36600432
2025-05-30 00:00:00,147370000.0,149000000.0,146508000.0,148665000.0,682.51516096
2025-05-30 04:00:00,148680000.0,148683000.0,146912000.0,147166000.0,348.81104457
2025-05-30 08:00:00,147180000.0,148500000.0,147000000.0,148252000.0,425.42300235
2025-05-30 12:00:00,148252000.0,148485000.0,147320000.0,148019000.0,266.79208298
2025-05-30 16:00:00,148020000.0,148075000.0,146300000.0,147191000.0,214.23294753
2025-05-30 20:00:00,147220000.0,147637000.0,146507000.0,147044000.0,233.61111986
2025-05-31 00:00:00,147044000.0,147530000.0,146042000.0,146816000.0,436.96789799
2025-05-31 04:00:00,146800000.0,146857000.0,146200000.0,146500000.0,152.18377149
2025-05-31 08:00:00,146521000.0,146780000.0,146291000.0,146687000.0,106.31402226
2025-05-31 12:00:00,146679000.0,148700000.0,146679000.0,148470000.0,237.11964993
2025-05-31 16:00:00,148473000.0,148564000.0,147712000.0,148282000.0,70.37483022
2025-05-31 20:00:00,148282000.0,148510000.0,147783000.0,147932000.0,94.58906217
2025-06-01 00:00:00,147932000.0,147974000.0,147200000.0,147778000.0,107.48660204
2025-06-01 04:00:00,147776000.0,148340000.0,147310000.0,147326000.0,99.46661123
2025-06-01 08:00:00,147326000.0,147700000.0,147000000.0,147519000.0,136.90243812
2025-06-01 12:00:00,147451000.0,148377000.0,147065000.0,148127000.0,146.89895165
2025-06-01 16:00:00,148127000.0,148899000.0,147635000.0,148483000.0,99.81814584
2025-06-01 20:00:00,148484000.0,149502000.0,148022000.0,149100000.0,169.1239408
2025-06-02 00:00:00,149102000.0,149166000.0,147100000.0,147511000.0,274.11821424
2025-06-02 04:00:00,147511000.0,147776000.0,146700000.0,147613000.0,212.76022548
2025-06-02 08:00:00,147610000.0,148397000.0,146516000.0,146546000.0,217.46355337
2025-06-02 12:00:00,146545000.0,147163000.0,146209000.0,146915000.0,243.84957507
2025-06-02 16:00:00,146887000.0,147060000.0,146433000.0,146834000.0,71.52037323
2025-06-02 20:00:00,146834000.0,148180000.0,146802000.0,148074000.0,178.34526109
2025-06-03 00:00:00,148070000.0,148900000.0,147301000.0,147699000.0,253.61998215
2025-06-03 04:00:00,147650000.0,147760000.0,147300000.0,147351000.0,122.52957766
2025-06-03 08:00:00,147351000.0,147496000.0,147022000.0,147193000.0,128.53584166
2025-06-03 12:00:00,147193000.0,148895000.0,147030000.0,148716000.0,285.52494702
2025-06-03 16:00:00,148714000.0,148721000.0,147445000.0,148140000.0,85.83271945
2025-06-03 20:00:00,148140000.0,148140000.0,147200000.0,147322000.0,103.10070554
2025-06-04 00:00:00,147378000.0,147601000.0,146988000.0,147045000.0,214.23895352
2025-06-04 04:00:00,147054000.0,147216000.0,146300000.0,146356000.0,189.06571151
2025-06-04 08:00:00,146364000.0,147164000.0,146320000.0,146320000.0,142.75790479
2025-06-04 12:00:00,146320000.0,146500000.0,145222000.0,146143000.0,348.06608974
2025-06-04 16:00:00,146143000.0,146326000.0,145702000.0,145912000.0,51.50034317
2025-06-04 20:00:00,145840000.0,146099000.0,145200000.0,145210000.0,158.37824546
2025-06-05 00:00:00,145218000.0,145435000.0,144532000.0,144999000.0,346.40364756
2025-06-05 04:00:00,144998000.0,145307000.0,144100000.0,144492000.0,456.66752426
2025-06-05 08:00:00,144466000.0,145047000.0,144159000.0,144837000.0,228.79585192
2025-06-05 12:00:00,144837000.0,146487000.0,144000000.0,144901000.0,378.81638938
2025-06-05 16:00:00,144914000.0,145090000.0,141881000.0,141928000.0,412.82341006
2025-06-05 20:00:00,141978000.0,142374000.0,140399000.0,141588000.0,713.43572975
2025-06-06 00:00:00,141588000.0,142614000.0,140862000.0,142558000.0,397.46622335
2025-06-06 04:00:00,142558000.0,144097000.0,142558000.0,143552000.0,235.37606074
2025-06-06 08:00:00,143570000.0,144623000.0,143542000.0,144602000.0,177.56345287
2025-06-06 12:00:00,144602000.0,146102000.0,144101000.0,145743000.0,299.21691101
2025-06-06 16:00:00,145743000.0,146120000.0,144664000.0,144848000.0,100.41198324
2025-06-06 20:00:00,144830000.0,145402000.0,144655000.0,145196000.0,69.09263492
2025-06-07 00:00:00,145196000.0,145750000.0,144601000.0,145733000.0,125.39089366
2025-06-07 04:00:00,145733000.0,146103000.0,145516000.0,145557000.0,92.95975025
2025-06-07 08:00:00,145555000.0,145995000.0,145338000.0,145770000.0,74.92821284
2025-06-07 12:00:00,145798000.0,146749000.0,145735000.0,146414000.0,179.08983831
2025-06-07 16:00:00,146414000.0,146738000.0,145927000.0,146600000.0,59.91379021
2025-06-07 20:00:00,146620000.0,146895000.0,146500000.0,146514000.0,70.91721403
2025-06-08 00:00:00,146540000.0,146685000.0,145800000.0,146097000.0,95.19538952
2025-06-08 04:00:00,146097000.0,146227000.0,145635000.0,145636000.0,74.55880484
2025-06-08 08:00:00,145637000.0,146160000.0,145196000.0,146122000.0,128.92990579
2025-06-08 12:00:00,146122000.0,146500000.0,145811000.0,146300000.0,106.66980362
2025-06-08 16:00:00,146300000.0,146796000.0,146276000.0,146560000.0,47.59146823
2025-06-08 20:00:00,146560000.0,146750000.0,145668000.0,145799000.0,100.12746789
2025-06-09 00:00:00,145801000.0,146338000.0,145372000.0,145562000.0,142.00879402
2025-06-09 04:00:00,145562000.0,145677000.0,144900000.0,145195000.0,134.87812077
2025-06-09 08:00:00,145195000.0,148213000.0,145178000.0,148202000.0,366.58741497
2025-06-09 12:00:00,148202000.0,148800000.0,147146000.0,148003000.0,367.75833744
2025-06-09 16:00:00,148003000.0,148869000.0,147849000.0,148700000.0,99.39223714
2025-06-09 20:00:00,148583000.0,150600000.0,148580000.0,150330000.0,495.19639432
2025-06-10 00:00:00,150330000.0,150600000.0,149598000.0,149695000.0,318.6269655
2025-06-10 04:00:00,149724000.0,150270000.0,149621000.0,150060000.0,296.08860144
2025-06-10 08:00:00,150014000.0,150670000.0,149826000.0,150193000.0,211.70704471
2025-06-10 12:00:00,150193000.0,150690000.0,149060000.0,149773000.0,276.57359125
2025-06-10 16:00:00,149773000.0,150992000.0,149300000.0,150098000.0,112.56244045
2025-06-10 20:00:00,150098000.0,150726000.0,149910000.0,150604000.0,143.99281253
2025-06-11 00:00:00,150628000.0,150798000.0,150281000.0,150600000.0,173.55881241
2025-06-11 04:00:00,150638000.0,150780000.0,150390000.0,150582000.0,117.18826523
2025-06-11 08:00:00,150552000.0,150778000.0,150394000.0,150430000.0,103.02972123
2025-06-11 12:00:00,150430000.0,151400000.0,150394000.0,150763000.0,316.32448813
2025-06-11 16:00:00,150763000.0,150843000.0,149526000.0,149885000.0,160.49160126
2025-06-11 20:00:00,149886000.0,150400000.0,148999000.0,149702000.0,209.49133271
2025-06-12 00:00:00,149710000.0,149840000.0,148142000.0,148256000.0,247.76102024
2025-06-12 04:00:00,148256000.0,148391000.0,147520000.0,148058000.0,257.35984548
2025-06-12 08:00:00,148058000.0,148295000.0,146800000.0,146877000.0,283.1847117
2025-06-12 12:00:00,146877000.0,148060000.0,146568000.0,147300000.0,316.233447
2025-06-12 16:00:00,147301000.0,148674000.0,147000000.0,147079000.0,156.34559696
2025-06-12 20:00:00,147079000.0,147347000.0,145801000.0,145801000.0,309.76671464
2025-06-13 00:00:00,145811000.0,145814000.0,143000000.0,145456000.0,1260.88488509
2025-06-13 04:00:00,145434000.0,146200000.0,144450000.0,146181000.0,275.84371927
2025-06-13 08:00:00,146181000.0,146844000.0,145569000.0,146195000.0,225.1800015
2025-06-13 12:00:00,146144000.0,146717000.0,144971000.0,146404000.0,238.59835279
2025-06-13 16:00:00,146420000.0,146896000.0,145520000.0,146100000.0,82.24392841
2025-06-13 20:00:00,146046000.0,147340000.0,146015000.0,147266000.0,112.37448583
2025-06-14 00:00:00,147265000.0,147526000.0,146264000.0,146382000.0,161.81999466
2025-06-14 04:00:00,146473000.0,146704000.0,145657000.0,145822000.0,106.75263037
2025-06-14 08:00:00,145843000.0,145972000.0,145491000.0,145772000.0,80.16839747
2025-06-14 12:00:00,145772000.0,145945000.0,145450000.0,145550000.0,86.10046796
2025-06-14 16:00:00,145551000.0,146017000.0,145082000.0,145601000.0,68.43011641
2025-06-14 20:00:00,145638000.0,146740000.0,145116000.0,146401000.0,81.1285225
2025-06-15 00:00:00,146401000.0,146883000.0,146250000.0,146370000.0,77.97348338
2025-06-15 04:00:00,146404000.0,147100000.0,145985000.0,146261000.0,127.09053858
2025-06-15 08:00:00,146262000.0,146273000.0,145501000.0,145692000.0,99.70286017
2025-06-15 12:00:00,145634000.0,146456000.0,145589000.0,146268000.0,114.85955047
2025-06-15 16:00:00,146268000.0,146400000.0,145668000.0,145828000.0,39.58186693
2025-06-15 20:00:00,145841000.0,146158000.0,145220000.0,145997000.0,117.06590219
2025-06-16 00:00:00,145998000.0,146351000.0,145250000.0,146190000.0,156.16662027
2025-06-16 04:00:00,146190000.0,147708000.0,146163000.0,147503000.0,277.25713768
2025-06-16 08:00:00,147500000.0,148000000.0,146812000.0,147241000.0,305.45129386
2025-06-16 12:00:00,147225000.0,148000000.0,146700000.0,147483000.0,233.69754681
2025-06-16 16:00:00,147450000.0,149303000.0,147267000.0,148904000.0,147.4248414
2025-06-16 20:00:00,148880000.0,149277000.0,146659000.0,146673000.0,288.77726366
2025-06-17 00:00:00,146661000.0,147957000.0,146345000.0,147648000.0,306.6865682
2025-06-17 04:00:00,147652000.0,147781000.0,146670000.0,146954000.0,141.39545663
2025-06-17 08:00:00,146954000.0,146999000.0,145500000.0,145810000.0,206.30098143
2025-06-17 12:00:00,145810000.0,146077000.0,144341000.0,144482000.0,398.191075
2025-06-17 16:00:00,144482000.0,146277000.0,143900000.0,145607000.0,224.51891335
2025-06-17 20:00:00,145607000.0,145835000.0,145100000.0,145456000.0,126.09202852
2025-06-18 00:00:00,145456000.0,146036000.0,145233000.0,145770000.0,150.99817303
2025-06-18 04:00:00,145770000.0,146128000.0,145011000.0,145610000.0,118.28510636
2025-06-18 08:00:00,145622000.0,145920000.0,144595000.0,145398000.0,167.40241199
2025-06-18 12:00:00,145398000.0,146000000.0,144365000.0,145411000.0,223.90576958
2025-06-18 16:00:00,145411000.0,145541000.0,144150000.0,144507000.0,97.22506632
2025-06-18 20:00:00,144556000.0,145682000.0,144302000.0,145380000.0,112.80149214
2025-06-19 00:00:00,145381000.0,146000000.0,145049000.0,145835000.0,247.87279336
2025-06-19 04:00:00,145835000.0,145900000.0,145273000.0,145325000.0,103.60867726
2025-06-19 08:00:00,145324000.0,145655000.0,145300000.0,145405000.0,71.41646976
2025-06-19 12:00:00,145405000.0,145649000.0,144565000.0,144823000.0,123.41081949
2025-06-19 16:00:00,144826000.0,145383000.0,144500000.0,144620000.0,74.17488246
2025-06-19 20:00:00,144655000.0,145196000.0,144550000.0,144978000.0,80.28790022
2025-06-20 00:00:00,144979000.0,145007000.0,144373000.0,144467000.0,133.20480289
2025-06-20 04:00:00,144466000.0,146040000.0,143997000.0,146039000.0,264.73345207
2025-06-20 08:00:00,146039000.0,146930000.0,145847000.0,146070000.0,260.94186016
2025-06-20 12:00:00,146070000.0,146361000.0,144200000.0,144816000.0,224.00195914
2025-06-20 16:00:00,144816000.0,144957000.0,143107000.0,144172000.0,270.52937064
2025-06-20 20:00:00,144150000.0,144692000.0,143645000.0,143956000.0,162.20983339
2025-06-21 00:00:00,143956000.0,144272000.0,143700000.0,144155000.0,132.44350668
2025-06-21 04:00:00,144155000.0,144189000.0,143748000.0,143855000.0,83.48666991
2025-06-21 08:00:00,143855000.0,144427000.0,143855000.0,144314000.0,75.41584055
2025-06-21 12:00:00,144314000.0,144400000.0,144000000.0,144141000.0,67.81385325
2025-06-21 16:00:00,144240000.0,144296000.0,143032000.0,143033000.0,105.49383486
2025-06-21 20:00:00,143033000.0,143837000.0,141151000.0,142782000.0,627.92484201
2025-06-22 00:00:00,142811000.0,144900000.0,142269000.0,142817000.0,520.97373221
2025-06-22 04:00:00,142885000.0,143547000.0,142583000.0,142904000.0,130.34423015
2025-06-22 08:00:00,142904000.0,143390000.0,142324000.0,143150000.0,166.09747435
2025-06-22 12:00:00,143145000.0,143235000.0,138068000.0,138069000.0,1514.53773585
2025-06-22 16:00:00,138068000.0,139600000.0,137683000.0,137717000.0,358.91416232
2025-06-22 20:00:00,137717000.0,141135000.0,137127000.0,140908000.0,645.01271347
2025-06-23 00:00:00,140908000.0,142120000.0,140397000.0,141298000.0,362.16123073
2025-06-23 04:00:00,141298000.0,142500000.0,141000000.0,142390000.0,229.90059471
2025-06-23 08:00:00,142389000.0,142462000.0,141404000.0,141603000.0,202.16306251
2025-06-23 12:00:00,141604000.0,143300000.0,141052000.0,141853000.0,356.26896772
2025-06-23 16:00:00,141802000.0,143522000.0,139698000.0,143275000.0,420.54167477
2025-06-23 20:00:00,143275000.0,147101000.0,142968000.0,146182000.0,851.91685033
2025-06-24 00:00:00,146180000.0,146387000.0,145000000.0,145278000.0,340.21367897
2025-06-24 04:00:00,145278000.0,146100000.0,145000000.0,145050000.0,275.04528176
2025-06-24 08:00:00,145047000.0,145533000.0,144222000.0,144974000.0,260.52843176
2025-06-24 12:00:00,144972000.0,145502000.0,144564000.0,144925000.0,171.92070471
2025-06-24 16:00:00,144925000.0,146036000.0,144900000.0,145300000.0,110.55655132
2025-06-24 20:00:00,145219000.0,145846000.0,145038000.0,145625000.0,114.65647275
2025-06-25 00:00:00,145626000.0,146500000.0,145360000.0,146090000.0,268.92210514
2025-06-25 04:00:00,146072000.0,146500000.0,145900000.0,146401000.0,135.82284891
2025-06-25 08:00:00,146387000.0,147520000.0,146177000.0,147417000.0,257.98370702
2025-06-25 12:00:00,147417000.0,148620000.0,146922000.0,147200000.0,449.95163034
2025-06-25 16:00:00,147170000.0,148090000.0,147100000.0,147911000.0,90.31051358
2025-06-25 20:00:00,147901000.0,148100000.0,147057000.0,147365000.0,115.59864182
2025-06-26 00:00:00,147365000.0,148200000.0,146980000.0,147714000.0,242.11515203
2025-06-26 04:00:00,147713000.0,147925000.0,147472000.0,147622000.0,105.28130414
2025-06-26 08:00:00,147618000.0,148205000.0,147121000.0,147423000.0,164.18515197
2025-06-26 12:00:00,147423000.0,147729000.0,146500000.0,147400000.0,233.52365039
2025-06-26 16:00:00,147370000.0,147756000.0,146876000.0,147717000.0,52.86927593
2025-06-26 20:00:00,147753000.0,148094000.0,146846000.0,146852000.0,152.36407078
2025-06-27 00:00:00,146868000.0,147384000.0,146000000.0,147272000.0,231.62247927
2025-06-27 04:00:00,147272000.0,147590000.0,146635000.0,146742000.0,146.10268106
2025-06-27 08:00:00,146742000.0,147193000.0,146387000.0,146984000.0,115.30744931
2025-06-27 12:00:00,147026000.0,147408000.0,146400000.0,147393000.0,135.59202747
2025-06-27 16:00:00,147331000.0,147628000.0,146538000.0,146980000.0,72.22761163
2025-06-27 20:00:00,147007000.0,147315000.0,146822000.0,147058000.0,57.55797708
2025-06-28 00:00:00,147001000.0,147354000.0,146799000.0,147353000.0,88.92631836
2025-06-28 04:00:00,147352000.0,147443000.0,147157000.0,147380000.0,62.85971515
2025-06-28 08:00:00,147380000.0,147479000.0,147109000.0,147271000.0,45.66321321
2025-06-28 12:00:00,147280000.0,147347000.0,146990000.0,147339000.0,42.40761922
2025-06-28 16:00:00,147338000.0,147396000.0,147064000.0,147128000.0,24.43810792
2025-06-28 20:00:00,147090000.0,147265000.0,147055000.0,147174000.0,26.98705675
2025-06-29 00:00:00,147174000.0,147325000.0,147091000.0,147097000.0,62.21671858
2025-06-29 04:00:00,147098000.0,147280000.0,147094000.0,147265000.0,40.61702896
2025-06-29 08:00:00,147262000.0,148500000.0,147252000.0,148499000.0,232.15642919
2025-06-29 12:00:00,148495000.0,148502000.0,147700000.0,147786000.0,117.86823876
2025-06-29 16:00:00,147786000.0,147799000.0,147275000.0,147373000.0,63.19685199
2025-06-29 20:00:00,147373000.0,148050000.0,147339000.0,147996000.0,134.90043158
2025-06-30 00:00:00,147996000.0,148480000.0,147778000.0,147920000.0,211.67837903
2025-06-30 04:00:00,147919000.0,148000000.0,146600000.0,146910000.0,230.3381649
2025-06-30 08:00:00,146910000.0,147300000.0,146532000.0,146939000.0,122.01966875
2025-06-30 12:00:00,146941000.0,147308000.0,146060000.0,146823000.0,172.58673548
2025-06-30 16:00:00,146824000.0,147000000.0,146480000.0,146715000.0,17.32285206
2025-06-30 20:00:00,146611000.0,146714000.0,145740000.0,145759000.0,190.41181199
2025-07-01 00:00:00,145759000.0,146150000.0,145500000.0,145947000.0,212.95080576
2025-07-01 04:00:00,145925000.0,146075000.0,145345000.0,146073000.0,166.06529541
2025-07-01 08:00:00,146075000.0,146086000.0,145345000.0,145647000.0,102.77648974
2025-07-01 12:00:00,145647000.0,146678000.0,145083000.0,145400000.0,231.47568027
2025-07-01 16:00:00,145400000.0,145771000.0,145000000.0,145000000.0,66.58672093
2025-07-01 20:00:00,145000000.0,145700000.0,144710000.0,145019000.0,135.72585796
2025-07-02 00:00:00,145019000.0,145685000.0,144265000.0,145615000.0,211.22240936
2025-07-02 04:00:00,145615000.0,146666000.0,145538000.0,146533000.0,153.05523237
2025-07-02 08:00:00,146532000.0,147250000.0,146532000.0,146797000.0,239.1659184
2025-07-02 12:00:00,146769000.0,148000000.0,146457000.0,147999000.0,254.83132612
2025-07-02 16:00:00,147999000.0,148930000.0,147983000.0,148642000.0,312.42259433
2025-07-02 20:00:00,148642000.0,148774000.0,147285000.0,147372000.0,185.99752669
2025-07-03 00:00:00,147372000.0,148300000.0,147364000.0,147703000.0,156.52711582
2025-07-03 04:00:00,147703000.0,148500000.0,147655000.0,148196000.0,160.2631839
2025-07-03 08:00:00,148196000.0,149550000.0,148194000.0,148801000.0,315.18807187
2025-07-03 12:00:00,148801000.0,149755000.0,148000000.0,148577000.0,383.57295514
2025-07-03 16:00:00,148577000.0,149460000.0,148550000.0,149320000.0,64.74961856
2025-07-03 20:00:00,149392000.0,149507000.0,148650000.0,148737000.0,102.11142988
2025-07-04 00:00:00,148737000.0,149360000.0,148501000.0,148756000.0,164.91626228
2025-07-04 04:00:00,148756000.0,148760000.0,148062000.0,148075000.0,150.97341901
2025-07-04 08:00:00,148075000.0,148685000.0,147989000.0,148422000.0,107.29683259
2025-07-04 12:00:00,148374000.0,148629000.0,147050000.0,147194000.0,237.59513302
2025-07-04 16:00:00,147194000.0,147689000.0,146929000.0,147201000.0,86.93237351
2025-07-04 20:00:00,147201000.0,148174000.0,147111000.0,147797000.0,71.93004966
2025-07-05 00:00:00,147798000.0,148200000.0,147655000.0,148100000.0,82.30277766
2025-07-05 04:00:00,148090000.0,148202000.0,147770000.0,147775000.0,58.76970268
2025-07-05 08:00:00,147776000.0,148099000.0,147700000.0,147999000.0,44.80250826
2025-07-05 12:00:00,147998000.0,148062000.0,147845000.0,147886000.0,45.04368549
2025-07-05 16:00:00,147886000.0,148125000.0,147700000.0,148101000.0,21.12456579
2025-07-05 20:00:00,148125000.0,148400000.0,147979000.0,148197000.0,37.87695619
2025-07-06 00:00:00,148197000.0,148205000.0,147857000.0,147943000.0,46.40418278
2025-07-06 04:00:00,147943000.0,147997000.0,147687000.0,147728000.0,60.62023531
2025-07-06 08:00:00,147729000.0,147999000.0,147411000.0,147515000.0,103.69554707
2025-07-06 12:00:00,147546000.0,148700000.0,147502000.0,148315000.0,193.77860515
2025-07-06 16:00:00,148303000.0,148432000.0,147752000.0,148025000.0,45.78034526
2025-07-06 20:00:00,148025000.0,149100000.0,147913000.0,148500000.0,124.39841238
2025-07-07 00:00:00,148500000.0,149100000.0,148050000.0,148821000.0,178.09144764
2025-07-07 04:00:00,148805000.0,148943000.0,148160000.0,148498000.0,99.28669831
2025-07-07 08:00:00,148477000.0,148610000.0,148110000.0,148200000.0,96.7735519
2025-07-07 12:00:00,148198000.0,148286000.0,147300000.0,147669000.0,304.24125502
2025-07-07 16:00:00,147607000.0,147995000.0,147196000.0,147782000.0,80.10053873
2025-07-07 20:00:00,147782000.0,148148000.0,147590000.0,148100000.0,73.80112531
2025-07-08 00:00:00,148100000.0,148349000.0,147100000.0,147599000.0,149.94599791
2025-07-08 04:00:00,147599000.0,148126000.0,147316000.0,148123000.0,99.96514526
2025-07-08 08:00:00,148126000.0,148601000.0,147772000.0,148256000.0,154.06899821
2025-07-08 12:00:00,148256000.0,148890000.0,147847000.0,147913000.0,155.35790979
2025-07-08 16:00:00,147976000.0,148599000.0,147812000.0,148039000.0,58.77409352
2025-07-08 20:00:00,148037000.0,148350000.0,148002000.0,148302000.0,52.18035363
2025-07-09 00:00:00,148302000.0,148710000.0,148019000.0,148055000.0,120.56028912
2025-07-09 04:00:00,148049000.0,148478000.0,148047000.0,148419000.0,102.69316694
2025-07-09 08:00:00,148419000.0,148650000.0,148230000.0,148610000.0,108.90916691
2025-07-09 12:00:00,148610000.0,149400000.0,148000000.0,148594000.0,397.01660402
2025-07-09 16:00:00,148492000.0,151468000.0,148489000.0,151203000.0,361.97859422
2025-07-09 20:00:00,151203000.0,151479000.0,149903000.0,150701000.0,405.30992614
2025-07-10 00:00:00,150750000.0,151191000.0,150200000.0,150898000.0,344.79587964
2025-07-10 04:00:00,150898000.0,151300000.0,150765000.0,151081000.0,224.70736239
2025-07-10 08:00:00,151068000.0,151457000.0,150920000.0,151096000.0,201.61611548
2025-07-10 12:00:00,151066000.0,151465000.0,150427000.0,151465000.0,287.89524332
2025-07-10 16:00:00,151463000.0,153999000.0,151463000.0,153653000.0,535.14088171
2025-07-10 20:00:00,153641000.0,156960000.0,153501000.0,156519000.0,1053.88511867
2025-07-11 00:00:00,156517000.0,158649000.0,155000000.0,158642000.0,881.55852097
2025-07-11 04:00:00,158640000.0,160306000.0,158310000.0,158850000.0,912.20534924
2025-07-11 08:00:00,158849000.0,160744000.0,158843000.0,159923000.0,478.4453042
2025-07-11 12:00:00,159903000.0,160170000.0,157606000.0,157606000.0,533.03890719
2025-07-11 16:00:00,157622000.0,158688000.0,157000000.0,158599000.0,226.15353363
2025-07-11 20:00:00,158514000.0,158659000.0,156699000.0,158187000.0,308.02533518
2025-07-12 00:00:00,158187000.0,159000000.0,157200000.0,158797000.0,306.61729367
2025-07-12 04:00:00,158797000.0,159500000.0,158685000.0,159099000.0,187.49160928
2025-07-12 08:00:00,159099000.0,159952000.0,159095000.0,159413000.0,184.54002734
2025-07-12 12:00:00,159413000.0,159750000.0,159100000.0,159453000.0,217.64545724
2025-07-12 16:00:00,159453000.0,159750000.0,159379000.0,159747000.0,47.31748378
2025-07-12 20:00:00,159747000.0,159899000.0,159194000.0,159681000.0,96.05474898
2025-07-13 00:00:00,159683000.0,160304000.0,159450000.0,160247000.0,222.7511744
2025-07-13 04:00:00,160247000.0,160300000.0,159850000.0,160114000.0,139.37407069
2025-07-13 08:00:00,160114000.0,160160000.0,159920000.0,160149000.0,113.85403708
2025-07-13 12:00:00,160149000.0,161000000.0,160061000.0,160895000.0,399.11364634
2025-07-13 16:00:00,160899000.0,161146000.0,160632000.0,160944000.0,100.68190957
2025-07-13 20:00:00,160853000.0,161754000.0,160718000.0,161740000.0,251.39465766
2025-07-14 00:00:00,161740000.0,164300000.0,161357000.0,164250000.0,754.48224825
2025-07-14 04:00:00,164277000.0,166800000.0,164112000.0,166567000.0,1177.7429571
2025-07-14 08:00:00,166580000.0,166600000.0,164137000.0,164587000.0,564.65285852
2025-07-14 12:00:00,164586000.0,165760000.0,163000000.0,163415000.0,536.81653969
2025-07-14 16:00:00,163413000.0,164120000.0,162550000.0,163682000.0,208.12098526
2025-07-14 20:00:00,163688000.0,164863000.0,163484000.0,163923000.0,248.91471728
2025-07-15 00:00:00,163923000.0,164010000.0,159300000.0,159821000.0,1160.96840323
2025-07-15 04:00:00,159821000.0,161010000.0,158658000.0,159848000.0,571.50998617
2025-07-15 08:00:00,159847000.0,160370000.0,159116000.0,160166000.0,334.97999937
2025-07-15 12:00:00,160164000.0,162094000.0,159100000.0,159887000.0,688.71927555
2025-07-15 16:00:00,159887000.0,161072000.0,159100000.0,159638000.0,203.5404707
2025-07-15 20:00:00,159608000.0,161103000.0,159251000.0,160811000.0,219.73147251
2025-07-16 00:00:00,160811000.0,161860000.0,160175000.0,161070000.0,385.49587906
2025-07-16 04:00:00,161070000.0,161694000.0,160975000.0,161469000.0,194.9226622
2025-07-16 08:00:00,161469000.0,162930000.0,161402000.0,162385000.0,335.63640551
2025-07-16 12:00:00,162385000.0,163210000.0,161565000.0,162931000.0,376.70547477
2025-07-16 16:00:00,162931000.0,162970000.0,161861000.0,162339000.0,193.31736244
2025-07-16 20:00:00,162339000.0,163044000.0,160900000.0,161250000.0,355.14098549
2025-07-17 00:00:00,161246000.0,162530000.0,160877000.0,161713000.0,375.34382976
2025-07-17 04:00:00,161673000.0,162000000.0,161150000.0,161734000.0,258.33195396
2025-07-17 08:00:00,161713000.0,162530000.0,160937000.0,160937000.0,412.07867302
2025-07-17 12:00:00,160937000.0,161850000.0,160002000.0,161768000.0,420.81858121
2025-07-17 16:00:00,161769000.0,162759000.0,161377000.0,161730000.0,221.63279911
2025-07-17 20:00:00,161607000.0,163955000.0,161301000.0,162232000.0,552.46107423
2025-07-18 00:00:00,162232000.0,164446000.0,162108000.0,163803000.0,705.37700198
2025-07-18 04:00:00,163802000.0,164015000.0,159511000.0,159542000.0,657.48919587
2025-07-18 08:00:00,159542000.0,162471000.0,159301000.0,162393000.0,706.08130645
2025-07-18 12:00:00,162393000.0,162973000.0,160464000.0,161042000.0,443.56395512
2025-07-18 16:00:00,161043000.0,161300000.0,160400000.0,160661000.0,116.52814692
2025-07-18 20:00:00,160598000.0,161300000.0,160080000.0,161100000.0,142.29061232
2025-07-19 00:00:00,161098000.0,161747000.0,160788000.0,161733000.0,222.38506041
2025-07-19 04:00:00,161732000.0,162000000.0,161600000.0,161695000.0,153.76310149
2025-07-19 08:00:00,161674000.0,162470000.0,161523000.0,162049000.0,167.57034286
2025-07-19 12:00:00,162099000.0,162310000.0,161296000.0,161954000.0,158.85715405
2025-07-19 16:00:00,161953000.0,161961000.0,161310000.0,161665000.0,57.52603483
2025-07-19 20:00:00,161710000.0,161712000.0,161106000.0,161428000.0,82.24931726
2025-07-20 00:00:00,161428000.0,162000000.0,161230000.0,161514000.0,172.15544158
2025-07-20 04:00:00,161514000.0,161785000.0,161350000.0,161467000.0,129.24541358
2025-07-20 08:00:00,161467000.0,161608000.0,161010000.0,161068000.0,280.46217826
2025-07-20 12:00:00,161068000.0,161972000.0,161055000.0,161567000.0,284.56685804
2025-07-20 16:00:00,161574000.0,161692000.0,160698000.0,160698000.0,164.22873101
2025-07-20 20:00:00,160697000.0,161186000.0,159726000.0,160072000.0,399.12423713
2025-07-21 00:00:00,160072000.0,161688000.0,159350000.0,161441000.0,494.5813984
2025-07-21 04:00:00,161446000.0,162300000.0,161078000.0,162099000.0,318.1393596
2025-07-21 08:00:00,162099000.0,162200000.0,160601000.0,160624000.0,287.60711483
2025-07-21 12:00:00,160624000.0,161500000.0,160325000.0,160770000.0,384.48590166
2025-07-21 16:00:00,160721000.0,160783000.0,159503000.0,159510000.0,297.60324636
2025-07-21 20:00:00,159510000.0,160425000.0,159510000.0,160096000.0,199.90874966
2025-07-22 00:00:00,160094000.0,160902000.0,159116000.0,159925000.0,570.39029577
2025-07-22 04:00:00,159925000.0,161500000.0,158750000.0,160791000.0,713.18263685
2025-07-22 08:00:00,160791000.0,162061000.0,160505000.0,161956000.0,478.31259935
2025-07-22 12:00:00,161956000.0,162316000.0,160393000.0,161606000.0,479.32099516
2025-07-22 16:00:00,161606000.0,162785000.0,161089000.0,162120000.0,193.69582193
2025-07-22 20:00:00,162102000.0,162990000.0,161882000.0,162321000.0,295.56216176
2025-07-23 00:00:00,162321000.0,162848000.0,161182000.0,161400000.0,363.20643901
2025-07-23 04:00:00,161398000.0,161949000.0,161200000.0,161227000.0,178.33635284
2025-07-23 08:00:00,161226000.0,161520000.0,160690000.0,161160000.0,227.72728333
2025-07-23 12:00:00,161160000.0,161499000.0,159192000.0,161497000.0,723.03912419
2025-07-23 16:00:00,161497000.0,161500000.0,160206000.0,161495000.0,133.42492253
2025-07-23 20:00:00,161495000.0,162386000.0,159967000.0,161990000.0,472.50577204
2025-07-24 00:00:00,162000000.0,162888000.0,161444000.0,161667000.0,370.2740774
2025-07-24 04:00:00,161667000.0,161795000.0,159000000.0,160694000.0,895.16864882
2025-07-24 08:00:00,160711000.0,161276000.0,160000000.0,161198000.0,312.44277772
2025-07-24 12:00:00,161198000.0,162098000.0,160358000.0,161674000.0,335.50392342
2025-07-24 16:00:00,161693000.0,161870000.0,160909000.0,161407000.0,101.14416634
2025-07-24 20:00:00,161407000.0,161605000.0,160874000.0,160928000.0,137.00232274
2025-07-25 00:00:00,160938000.0,161239000.0,158099000.0,158436000.0,886.25791623
2025-07-25 04:00:00,158455000.0,159249000.0,157746000.0,158499000.0,713.42868653
2025-07-25 08:00:00,158499000.0,159693000.0,157790000.0,159451000.0,422.38159901
2025-07-25 12:00:00,159451000.0,159507000.0,158000000.0,159153000.0,331.40099809
2025-07-25 16:00:00,159091000.0,160000000.0,158801000.0,159709000.0,115.89670131
2025-07-25 20:00:00,159707000.0,160300000.0,159407000.0,160217000.0,191.9201205
2025-07-26 00:00:00,160225000.0,160449000.0,159600000.0,160280000.0,189.75211179
2025-07-26 04:00:00,160280000.0,160280000.0,159858000.0,159900000.0,100.39893135
2025-07-26 08:00:00,159902000.0,161220000.0,159886000.0,160598000.0,242.3466273
2025-07-26 12:00:00,160598000.0,161200000.0,160579000.0,160989000.0,150.92045867
2025-07-26 16:00:00,160989000.0,161068000.0,160805000.0,161052000.0,45.59563615
2025-07-26 20:00:00,161050000.0,161068000.0,160719000.0,160900000.0,60.26411348
2025-07-27 00:00:00,160900000.0,161250000.0,160858000.0,161185000.0,132.97803954
2025-07-27 04:00:00,161185000.0,161510000.0,161049000.0,161319000.0,170.22710762
2025-07-27 08:00:00,161260000.0,161320000.0,161032000.0,161155000.0,105.21969272
2025-07-27 12:00:00,161155000.0,161888000.0,161016000.0,161880000.0,193.65965922
2025-07-27 16:00:00,161880000.0,162700000.0,161818000.0,162022000.0,257.86024929
2025-07-27 20:00:00,162070000.0,162800000.0,161715000.0,162717000.0,197.88070437
2025-07-28 00:00:00,162548000.0,162985000.0,162217000.0,162271000.0,334.81251769
2025-07-28 04:00:00,162274000.0,162439000.0,161868000.0,162133000.0,259.39570399
2025-07-28 08:00:00,162138000.0,162439000.0,161936000.0,162294000.0,182.77339198
2025-07-28 12:00:00,162294000.0,162597000.0,161500000.0,161987000.0,312.15811875
2025-07-28 16:00:00,161869000.0,162369000.0,161391000.0,162250000.0,99.30815963
2025-07-28 20:00:00,162250000.0,162840000.0,161652000.0,162483000.0,273.15148594
2025-07-29 00:00:00,162483000.0,163550000.0,162034000.0,163517000.0,387.48216516
2025-07-29 04:00:00,163515000.0,163800000.0,163156000.0,163401000.0,296.61165764
2025-07-29 08:00:00,163401000.0,163800000.0,162866000.0,163311000.0,298.6212973
2025-07-29 12:00:00,163311000.0,163790000.0,162250000.0,162344000.0,263.91841481
2025-07-29 16:00:00,162344000.0,163110000.0,162095000.0,162500000.0,106.92971048
2025-07-29 20:00:00,162500000.0,163337000.0,162155000.0,163158000.0,133.97107835
2025-07-30 00:00:00,163248000.0,163261000.0,162248000.0,162839000.0,197.53207056
2025-07-30 04:00:00,162839000.0,162998000.0,162502000.0,162885000.0,145.41528514
2025-07-30 08:00:00,162885000.0,163600000.0,162638000.0,162699000.0,248.48439222
2025-07-30 12:00:00,162699000.0,163708000.0,162668000.0,163075000.0,228.04948606
2025-07-30 16:00:00,163073000.0,163076000.0,161800000.0,162651000.0,276.97499259
2025-07-30 20:00:00,162651000.0,163141000.0,162360000.0,163118000.0,112.63050602
2025-07-31 00:00:00,163118000.0,163627000.0,162916000.0,163500000.0,225.36129955
2025-07-31 04:00:00,163500000.0,163600000.0,163057000.0,163419000.0,163.41606099
2025-07-31 08:00:00,163420000.0,163598000.0,163251000.0,163378000.0,89.95990278
2025-07-31 12:00:00,163321000.0,163997000.0,163000000.0,163996000.0,358.60232907
2025-07-31 16:00:00,163996000.0,164300000.0,162950000.0,162955000.0,176.097647
2025-07-31 20:00:00,162955000.0,163301000.0,161138000.0,161398000.0,447.5502294
2025-08-01 00:00:00,161400000.0,161770000.0,158825000.0,160913000.0,1064.20617677
2025-08-01 04:00:00,160951000.0,161369000.0,159961000.0,160308000.0,293.39419526
2025-08-01 08:00:00,160307000.0,160840000.0,159523000.0,160360000.0,310.77443705
2025-08-01 12:00:00,160361000.0,161012000.0,159001000.0,160055000.0,433.0887941
2025-08-01 16:00:00,160054000.0,160302000.0,158139000.0,158260000.0,332.64579136
2025-08-01 20:00:00,158273000.0,159294000.0,158100000.0,158102000.0,430.39032327
2025-08-02 00:00:00,158101000.0,159362000.0,158000000.0,159095000.0,324.81035691
2025-08-02 04:00:00,159095000.0,159298000.0,158200000.0,159086000.0,214.84289977
2025-08-02 08:00:00,159086000.0,159097000.0,158567000.0,158869000.0,108.16475784
2025-08-02 12:00:00,158945000.0,159099000.0,158425000.0,158425000.0,169.04539307
2025-08-02 16:00:00,158425000.0,159071000.0,158000000.0,158000000.0,193.29779276
2025-08-02 20:00:00,158001000.0,158671000.0,157115000.0,157376000.0,312.07917386
2025-08-03 00:00:00,157376000.0,159507000.0,156715000.0,159375000.0,419.77652641
2025-08-03 04:00:00,159375000.0,159382000.0,158511000.0,159045000.0,164.13043737
2025-08-03 08:00:00,159047000.0,160185000.0,159000000.0,159745000.0,202.60361873
2025-08-03 12:00:00,159745000.0,159932000.0,159090000.0,159348000.0,129.81698763
2025-08-03 16:00:00,159348000.0,160217000.0,159126000.0,159803000.0,70.27032958
2025-08-03 20:00:00,159667000.0,160324000.0,159655000.0,160227000.0,117.50339687
2025-08-04 00:00:00,160208000.0,161400000.0,159900000.0,160228000.0,286.67803559
2025-08-04 04:00:00,160224000.0,160467000.0,159590000.0,160332000.0,167.58889859
2025-08-04 08:00:00,160303000.0,160332000.0,159630000.0,159907000.0,101.48443023
2025-08-04 12:00:00,159907000.0,160998000.0,159500000.0,160410000.0,257.2541567
2025-08-04 16:00:00,160410000.0,161100000.0,160204000.0,160298000.0,98.86209438
2025-08-04 20:00:00,160298000.0,160833000.0,160094000.0,160332000.0,137.80960485
2025-08-05 00:00:00,160333000.0,160571000.0,159384000.0,159407000.0,240.58510412
2025-08-05 04:00:00,159407000.0,160000000.0,159375000.0,159488000.0,158.63869014
2025-08-05 08:00:00,159488000.0,160420000.0,159312000.0,160000000.0,133.83697567
2025-08-05 12:00:00,160000000.0,160029000.0,158206000.0,158446000.0,403.58804675
2025-08-05 16:00:00,158446000.0,159554000.0,158231000.0,159398000.0,75.49772964
2025-08-05 20:00:00,159398000.0,160135000.0,159100000.0,159999000.0,152.01727885
2025-08-06 00:00:00,159999000.0,160115000.0,158900000.0,159054000.0,156.30301776
2025-08-06 04:00:00,159053000.0,160000000.0,158605000.0,159665000.0,183.15835482
2025-08-06 08:00:00,159665000.0,159929000.0,159205000.0,159681000.0,82.56136374
2025-08-06 12:00:00,159680000.0,160864000.0,159010000.0,160848000.0,278.3098087
2025-08-06 16:00:00,160781000.0,160955000.0,160073000.0,160373000.0,105.91035074
2025-08-06 20:00:00,160373000.0,160532000.0,160000000.0,160000000.0,82.66001686
2025-08-07 00:00:00,160000000.0,160500000.0,159649000.0,159799000.0,111.99169657
2025-08-07 04:00:00,159800000.0,159954000.0,159524000.0,159741000.0,135.75956203
2025-08-07 08:00:00,159741000.0,161700000.0,159691000.0,161290000.0,487.99764563
2025-08-07 12:00:00,161290000.0,161455000.0,160870000.0,161450000.0,280.45233416
2025-08-07 16:00:00,161453000.0,162000000.0,160500000.0,161957000.0,163.1506472
2025-08-07 20:00:00,161914000.0,161991000.0,161066000.0,161853000.0,294.25932101
2025-08-08 00:00:00,161853000.0,161994000.0,160589000.0,160880000.0,409.7815146
2025-08-08 04:00:00,160880000.0,161200000.0,160366000.0,160891000.0,231.01814442
2025-08-08 08:00:00,160839000.0,160937000.0,160444000.0,160904000.0,149.81141755
2025-08-08 12:00:00,160904000.0,161084000.0,160147000.0,160474000.0,258.93973306
2025-08-08 16:00:00,160480000.0,160543000.0,160010000.0,160167000.0,163.17920897
2025-08-08 20:00:00,160165000.0,160711000.0,160008000.0,160099000.0,146.13701575
2025-08-09 00:00:00,160099000.0,160600000.0,160007000.0,160296000.0,173.753397
2025-08-09 04:00:00,160295000.0,160749000.0,160100000.0,160571000.0,276.74954378
2025-08-09 08:00:00,160571000.0,161547000.0,160462000.0,160631000.0,323.32727021
2025-08-09 12:00:00,160631000.0,160923000.0,160168000.0,160569000.0,211.95340179
2025-08-09 16:00:00,160569000.0,160700000.0,160098000.0,160099000.0,139.38632932
2025-08-09 20:00:00,160098000.0,160483000.0,160007000.0,160180000.0,274.0686195
2025-08-10 00:00:00,160180000.0,162658000.0,160132000.0,162449000.0,793.80819671
2025-08-10 04:00:00,162404000.0,162870000.0,161170000.0,161419000.0,500.86109334
2025-08-10 08:00:00,161418000.0,162500000.0,161055000.0,162330000.0,328.0350269
2025-08-10 12:00:00,162328000.0,162990000.0,162100000.0,162800000.0,333.70882475
2025-08-10 16:00:00,162799000.0,162936000.0,162352000.0,162646000.0,74.95831195
2025-08-10 20:00:00,162645000.0,163877000.0,162172000.0,163859000.0,311.85606492
2025-08-11 00:00:00,163860000.0,166839000.0,163350000.0,166345000.0,1236.97104321
2025-08-11 04:00:00,166292000.0,167000000.0,166000000.0,166000000.0,570.79139836
2025-08-11 08:00:00,166000000.0,166358000.0,164782000.0,165499000.0,513.61602966
2025-08-11 12:00:00,165499000.0,165639000.0,164300000.0,165357000.0,436.42105434
2025-08-11 16:00:00,165357000.0,165559000.0,163761000.0,164356000.0,162.09158864
2025-08-11 20:00:00,164356000.0,164458000.0,163355000.0,164210000.0,298.72651647
2025-08-12 00:00:00,164210000.0,164863000.0,163826000.0,163857000.0,262.68101053
2025-08-12 04:00:00,163888000.0,164397000.0,163150000.0,163791000.0,374.54964922
2025-08-12 08:00:00,163792000.0,163874000.0,163000000.0,163420000.0,271.96877196
2025-08-12 12:00:00,163420000.0,164858000.0,163050000.0,164657000.0,652.22368659
2025-08-12 16:00:00,164657000.0,164990000.0,163600000.0,163751000.0,246.30292875
2025-08-12 20:00:00,163804000.0,164500000.0,163500000.0,164298000.0,431.02542482
2025-08-13 00:00:00,164298000.0,164640000.0,163488000.0,163798000.0,384.16221128
2025-08-13 04:00:00,163798000.0,164160000.0,163353000.0,163911000.0,261.81202526
2025-08-13 08:00:00,163922000.0,164519000.0,163685000.0,164455000.0,275.05579264
2025-08-13 12:00:00,164443000.0,166412000.0,164091000.0,165375000.0,736.76727814
2025-08-13 16:00:00,165307000.0,166985000.0,165281000.0,166980000.0,239.82864086
2025-08-13 20:00:00,166980000.0,168262000.0,166501000.0,168051000.0,672.67610949
2025-08-14 00:00:00,168051000.0,169900000.0,168051000.0,168130000.0,943.07110508
2025-08-14 04:00:00,168130000.0,168200000.0,166000000.0,167153000.0,654.49037959
2025-08-14 08:00:00,167153000.0,167489000.0,166300000.0,166592000.0,291.21910405
2025-08-14 12:00:00,166594000.0,166950000.0,162550000.0,163935000.0,1834.24461781
2025-08-14 16:00:00,163935000.0,164615000.0,163000000.0,164100000.0,267.09467938
2025-08-14 20:00:00,164184000.0,165167000.0,163440000.0,164723000.0,244.87369186
2025-08-15 00:00:00,164723000.0,165709000.0,164325000.0,165552000.0,304.66260903
2025-08-15 04:00:00,165552000.0,165885000.0,164690000.0,164969000.0,194.12924967
2025-08-15 08:00:00,164969000.0,165104000.0,164546000.0,164948000.0,134.57715223
2025-08-15 12:00:00,164892000.0,165166000.0,163030000.0,163515000.0,450.31661646
2025-08-15 16:00:00,163515000.0,164382000.0,163010000.0,163560000.0,157.65234645
2025-08-15 20:00:00,163560000.0,164743000.0,163485000.0,164122000.0,140.653784
2025-08-16 00:00:00,164122000.0,164374000.0,163500000.0,163500000.0,163.73662046
2025-08-16 04:00:00,163504000.0,163849000.0,163214000.0,163310000.0,140.61235506
2025-08-16 08:00:00,163310000.0,163399000.0,162697000.0,162809000.0,273.38203406
2025-08-16 12:00:00,162804000.0,163420000.0,162685000.0,163216000.0,138.77731685
2025-08-16 16:00:00,163216000.0,163303000.0,163069000.0,163162000.0,32.41382887
2025-08-16 20:00:00,163161000.0,163333000.0,163000000.0,163058000.0,64.52924746
2025-08-17 00:00:00,163058000.0,163495000.0,163035000.0,163464000.0,116.4026007
2025-08-17 04:00:00,163465000.0,163999000.0,163322000.0,163605000.0,138.41242986
2025-08-17 08:00:00,163605000.0,164194000.0,163450000.0,163898000.0,172.63050682
2025-08-17 12:00:00,163894000.0,164016000.0,163445000.0,163480000.0,139.53533652
2025-08-17 16:00:00,163480000.0,163603000.0,163035000.0,163323000.0,76.26552932
2025-08-17 20:00:00,163310000.0,163650000.0,163100000.0,163111000.0,78.63744207
2025-08-18 00:00:00,163110000.0,163456000.0,160000000.0,160580000.0,913.26999947
2025-08-18 04:00:00,160580000.0,161280000.0,160318000.0,160630000.0,389.93333052
2025-08-18 08:00:00,160630000.0,160973000.0,160071000.0,160099000.0,245.06180666
2025-08-18 12:00:00,160099000.0,161682000.0,160081000.0,161682000.0,244.98149986
2025-08-18 16:00:00,161663000.0,162300000.0,161378000.0,161700000.0,88.68185419
2025-08-18 20:00:00,161789000.0,162500000.0,161350000.0,161513000.0,144.62450011
2025-08-19 00:00:00,161513000.0,162388000.0,160100000.0,160115000.0,268.72562341
2025-08-19 04:00:00,160115000.0,160852000.0,159880000.0,160286000.0,415.35144756
2025-08-19 08:00:00,160286000.0,160752000.0,159960000.0,160550000.0,156.87103086
2025-08-19 12:00:00,160550000.0,160990000.0,158836000.0,158959000.0,492.93823689
2025-08-19 16:00:00,158959000.0,159059000.0,158030000.0,158388000.0,275.90094289
2025-08-19 20:00:00,158389000.0,159114000.0,157044000.0,157172000.0,573.7721515
2025-08-20 00:00:00,157180000.0,159212000.0,157100000.0,159199000.0,550.83229541
2025-08-20 04:00:00,159198000.0,159565000.0,158794000.0,158801000.0,207.35012679
2025-08-20 08:00:00,158801000.0,159498000.0,158227000.0,158900000.0,190.13750371
2025-08-20 12:00:00,158900000.0,159565000.0,157800000.0,158324000.0,375.58124849
2025-08-20 16:00:00,158324000.0,159450000.0,158002000.0,158937000.0,157.73910743
2025-08-20 20:00:00,158871000.0,159565000.0,158664000.0,159149000.0,205.8955658
2025-08-21 00:00:00,159237000.0,159900000.0,158960000.0,159000000.0,238.77880269
2025-08-21 04:00:00,158989000.0,159081000.0,158500000.0,158882000.0,169.65345499
2025-08-21 08:00:00,158881000.0,158947000.0,158025000.0,158095000.0,178.44682437
2025-08-21 12:00:00,158095000.0,159000000.0,157977000.0,158101000.0,213.74924194
2025-08-21 16:00:00,158101000.0,158210000.0,157280000.0,157457000.0,166.30450953
2025-08-21 20:00:00,157545000.0,158194000.0,157424000.0,157737000.0,135.03204272
2025-08-22 00:00:00,157737000.0,158777000.0,157732000.0,158092000.0,228.10170094
2025-08-22 04:00:00,158103000.0,158349000.0,157800000.0,158131000.0,146.22580219
2025-08-22 08:00:00,158131000.0,158344000.0,157150000.0,157300000.0,249.73055148
2025-08-22 12:00:00,157300000.0,162688000.0,156647000.0,161600000.0,1868.46347128
2025-08-22 16:00:00,161601000.0,162396000.0,161000000.0,161196000.0,449.0159985
2025-08-22 20:00:00,161196000.0,161749000.0,160600000.0,161176000.0,361.53307753
2025-08-23 00:00:00,161176000.0,161505000.0,159318000.0,159642000.0,492.61309412
2025-08-23 04:00:00,159628000.0,160357000.0,159593000.0,159819000.0,210.4114941
2025-08-23 08:00:00,159819000.0,160033000.0,159500000.0,159545000.0,131.09826686
2025-08-23 12:00:00,159566000.0,159858000.0,159000000.0,159196000.0,256.33072566
2025-08-23 16:00:00,159285000.0,159580000.0,159103000.0,159326000.0,50.4100712
2025-08-23 20:00:00,159400000.0,159717000.0,159310000.0,159705000.0,90.41379902
2025-08-24 00:00:00,159705000.0,160272000.0,159627000.0,159710000.0,245.65155834
2025-08-24 04:00:00,159737000.0,160000000.0,159383000.0,159500000.0,152.11140492
2025-08-24 08:00:00,159500000.0,159620000.0,159170000.0,159410000.0,160.46451161
2025-08-24 12:00:00,159410000.0,159556000.0,159003000.0,159048000.0,169.75500177
2025-08-24 16:00:00,159048000.0,159243000.0,156010000.0,156700000.0,777.05036583
2025-08-24 20:00:00,156700000.0,158000000.0,155870000.0,157603000.0,673.98519573
2025-08-25 00:00:00,157603000.0,157880000.0,156351000.0,156947000.0,462.98647007
2025-08-25 04:00:00,156950000.0,157223000.0,155950000.0,155952000.0,469.35692314
2025-08-25 08:00:00,155951000.0,156524000.0,155510000.0,156000000.0,480.35470808
2025-08-25 12:00:00,156058000.0,157500000.0,155346000.0,156951000.0,440.39154711
2025-08-25 16:00:00,156951000.0,158000000.0,156255000.0,156414000.0,162.35831253
2025-08-25 20:00:00,156414000.0,156856000.0,155400000.0,155887000.0,572.83512057
2025-08-26 00:00:00,155887000.0,155940000.0,153952000.0,155270000.0,830.94606002
2025-08-26 04:00:00,155270000.0,155700000.0,155000000.0,155549000.0,268.31457519
2025-08-26 08:00:00,155550000.0,155887000.0,154969000.0,155140000.0,213.45501623
2025-08-26 12:00:00,155140000.0,156000000.0,154381000.0,154461000.0,446.32289094
2025-08-26 16:00:00,154461000.0,155822000.0,154100000.0,155374000.0,189.55322963
2025-08-26 20:00:00,155374000.0,157367000.0,155149000.0,156661000.0,369.55123415
2025-08-27 00:00:00,156660000.0,157000000.0,155387000.0,155896000.0,313.75008121
2025-08-27 04:00:00,155896000.0,156245000.0,155099000.0,155178000.0,243.98399264
2025-08-27 08:00:00,155164000.0,155832000.0,154800000.0,155744000.0,226.87623325
2025-08-27 12:00:00,155745000.0,157200000.0,155329000.0,156370000.0,311.90445485
2025-08-27 16:00:00,156370000.0,156750000.0,155903000.0,156588000.0,98.46357986
2025-08-27 20:00:00,156620000.0,156979000.0,155375000.0,155534000.0,183.42535182
2025-08-28 00:00:00,155532000.0,156500000.0,155211000.0,156406000.0,217.59520138
2025-08-28 04:00:00,156404000.0,157787000.0,156400000.0,157543000.0,332.58571395
2025-08-28 08:00:00,157542000.0,157760000.0,156959000.0,157065000.0,165.23746539
2025-08-28 12:00:00,157108000.0,157542000.0,156722000.0,157195000.0,256.86961631
2025-08-28 16:00:00,157195000.0,157597000.0,156322000.0,156324000.0,101.62191929
2025-08-28 20:00:00,156324000.0,157000000.0,156320000.0,156737000.0,105.92407149
2025-08-29 00:00:00,156737000.0,157080000.0,155638000.0,155850000.0,245.65581701
2025-08-29 04:00:00,155865000.0,155900000.0,153800000.0,153898000.0,620.01884713
2025-08-29 08:00:00,153832000.0,154149000.0,153000000.0,153650000.0,501.70189816
2025-08-29 12:00:00,153620000.0,155816000.0,151556000.0,151941000.0,1037.64290103
2025-08-29 16:00:00,151942000.0,152364000.0,151690000.0,151834000.0,170.55056773
2025-08-29 20:00:00,151834000.0,152479000.0,151100000.0,152262000.0,340.79746459
2025-08-30 00:00:00,152262000.0,152267000.0,149704000.0,151424000.0,1040.88044261
2025-08-30 04:00:00,151423000.0,151900000.0,151080000.0,151484000.0,223.29415575
2025-08-30 08:00:00,151478000.0,151837000.0,151231000.0,151826000.0,134.07829919
2025-08-30 12:00:00,151829000.0,151830000.0,150938000.0,151800000.0,171.40839314
2025-08-30 16:00:00,151800000.0,151813000.0,151440000.0,151696000.0,35.72792161
2025-08-30 20:00:00,151696000.0,151784000.0,151350000.0,151734000.0,55.5298256
2025-08-31 00:00:00,151734000.0,152960000.0,151716000.0,152176000.0,313.44725218
2025-08-31 04:00:00,152176000.0,152295000.0,151200000.0,151414000.0,193.82089181
2025-08-31 08:00:00,151410000.0,151970000.0,150740000.0,150846000.0,223.71030059
2025-08-31 12:00:00,150846000.0,151213000.0,150447000.0,151150000.0,225.20308811
2025-08-31 16:00:00,151150000.0,151550000.0,150850000.0,151358000.0,73.05676051
2025-08-31 20:00:00,151358000.0,151784000.0,150500000.0,150700000.0,139.18615627
2025-09-01 00:00:00,150700000.0,150919000.0,149522000.0,149750000.0,610.95343708
2025-09-01 04:00:00,149787000.0,152333000.0,149000000.0,152295000.0,547.38359498
2025-09-01 08:00:00,152296000.0,152789000.0,150351000.0,151226000.0,396.29602103
2025-09-01 12:00:00,151226000.0,152300000.0,151127000.0,151619000.0,243.44522136
2025-09-01 16:00:00,151619000.0,152245000.0,151251000.0,152205000.0,81.78638268
2025-09-01 20:00:00,152206000.0,152585000.0,150327000.0,152419000.0,267.68802708
2025-09-02 00:00:00,152419000.0,154000000.0,151973000.0,153549000.0,377.75703037
2025-09-02 04:00:00,153547000.0,153640000.0,152800000.0,153108000.0,201.17200053
2025-09-02 08:00:00,153118000.0,153882000.0,152547000.0,152635000.0,183.0990732
2025-09-02 12:00:00,152599000.0,155196000.0,150984000.0,154256000.0,784.31586712
2025-09-02 16:00:00,154256000.0,154758000.0,153750000.0,154600000.0,127.02746104
2025-09-02 20:00:00,154579000.0,155445000.0,154515000.0,154850000.0,247.24296622
2025-09-03 00:00:00,154850000.0,156000000.0,154428000.0,154709000.0,299.87720976
2025-09-03 04:00:00,154709000.0,154858000.0,154032000.0,154814000.0,154.44274314
2025-09-03 08:00:00,154800000.0,155266000.0,154501000.0,154997000.0,134.91264349
2025-09-03 12:00:00,154997000.0,155896000.0,154442000.0,155483000.0,278.15609384
2025-09-03 16:00:00,155484000.0,155856000.0,154850000.0,155491000.0,77.29300417
2025-09-03 20:00:00,155499000.0,155604000.0,154884000.0,154890000.0,95.5140814
2025-09-04 00:00:00,154890000.0,155403000.0,154865000.0,154907000.0,157.5888964
2025-09-04 04:00:00,154907000.0,155000000.0,154100000.0,154333000.0,178.08358497
2025-09-04 08:00:00,154333000.0,154876000.0,154220000.0,154671000.0,109.03322901
2025-09-04 12:00:00,154671000.0,154917000.0,153093000.0,153455000.0,266.49342291
2025-09-04 16:00:00,153454000.0,154500000.0,153260000.0,154230000.0,101.36902991
2025-09-04 20:00:00,154236000.0,156515000.0,154099000.0,155410000.0,257.57668787
2025-09-05 00:00:00,155337000.0,156007000.0,154825000.0,155846000.0,199.83968766
2025-09-05 04:00:00,155845000.0,157700000.0,155589000.0,157684000.0,332.92391001
2025-09-05 08:00:00,157684000.0,157720000.0,156675000.0,156864000.0,253.31741142
2025-09-05 12:00:00,156855000.0,157853000.0,154698000.0,155032000.0,653.54498222
2025-09-05 16:00:00,155031000.0,155947000.0,154698000.0,155848000.0,85.20722284
2025-09-05 20:00:00,155855000.0,155989000.0,154502000.0,154930000.0,119.43653968
2025-09-06 00:00:00,154930000.0,155629000.0,154820000.0,155270000.0,98.76840534
2025-09-06 04:00:00,155269000.0,155270000.0,154982000.0,155131000.0,56.82050206
2025-09-06 08:00:00,155130000.0,155416000.0,155023000.0,155142000.0,68.77079121
2025-09-06 12:00:00,155107000.0,155500000.0,154869000.0,154938000.0,97.85338855
2025-09-06 16:00:00,155000000.0,155000000.0,154370000.0,154567000.0,81.6248215
2025-09-06 20:00:00,154567000.0,154670000.0,154231000.0,154325000.0,68.938094
2025-09-07 00:00:00,154325000.0,154780000.0,154200000.0,154741000.0,84.59478853
2025-09-07 04:00:00,154740000.0,154943000.0,154410000.0,154775000.0,63.63920797
2025-09-07 08:00:00,154884000.0,155501000.0,154779000.0,155336000.0,113.55743276
2025-09-07 12:00:00,155301000.0,155453000.0,154973000.0,155389000.0,103.79010124
2025-09-07 16:00:00,155349000.0,155700000.0,155158000.0,155700000.0,38.66478699
2025-09-07 20:00:00,155695000.0,155784000.0,155000000.0,155001000.0,83.11760554
2025-09-08 00:00:00,155001000.0,155365000.0,154592000.0,155046000.0,199.78162717
2025-09-08 04:00:00,155002000.0,155602000.0,154895000.0,155251000.0,99.41720647
2025-09-08 08:00:00,155251000.0,156200000.0,155248000.0,156000000.0,187.81508184
2025-09-08 12:00:00,155980000.0,156838000.0,155732000.0,156362000.0,229.39832782
2025-09-08 16:00:00,156339000.0,156424000.0,155980000.0,156212000.0,45.3949897
2025-09-08 20:00:00,156086000.0,156400000.0,156000000.0,156048000.0,88.34967316
2025-09-09 00:00:00,156048000.0,156208000.0,155000000.0,155606000.0,372.26689462
2025-09-09 04:00:00,155505000.0,157200000.0,155445000.0,156823000.0,262.81896926
2025-09-09 08:00:00,156813000.0,156907000.0,156173000.0,156175000.0,197.70605315
2025-09-09 12:00:00,156175000.0,156771000.0,154800000.0,154999000.0,351.13692289
2025-09-09 16:00:00,155074000.0,155399000.0,154697000.0,155379000.0,112.05454645
2025-09-09 20:00:00,155379000.0,155867000.0,155149000.0,155450000.0,102.30779426
2025-09-10 00:00:00,155451000.0,155499000.0,154950000.0,155303000.0,218.62648103
2025-09-10 04:00:00,155303000.0,156500000.0,155302000.0,156458000.0,150.6659016
2025-09-10 08:00:00,156459000.0,156890000.0,156099000.0,156308000.0,171.51896226
2025-09-10 12:00:00,156308000.0,158588000.0,156275000.0,158094000.0,616.43767966
2025-09-10 16:00:00,158054000.0,158236000.0,157532000.0,158200000.0,83.74594436
2025-09-10 20:00:00,158165000.0,158800000.0,158123000.0,158561000.0,197.34967992
2025-09-11 00:00:00,158562000.0,159319000.0,158475000.0,159270000.0,284.28028974
2025-09-11 04:00:00,159270000.0,159304000.0,158740000.0,158816000.0,209.17335267
2025-09-11 08:00:00,158814000.0,159016000.0,158499000.0,158939000.0,182.52734018
2025-09-11 12:00:00,158927000.0,159500000.0,157777000.0,159153000.0,564.89668886
2025-09-11 16:00:00,159154000.0,159500000.0,159001000.0,159265000.0,68.55274376
2025-09-11 20:00:00,159268000.0,160400000.0,159009000.0,160375000.0,240.79520075
2025-09-12 00:00:00,160395000.0,161611000.0,160020000.0,160272000.0,500.52450173
2025-09-12 04:00:00,160197000.0,160741000.0,160032000.0,160033000.0,254.25956951
2025-09-12 08:00:00,160032000.0,160403000.0,160000000.0,160146000.0,153.26239194
2025-09-12 12:00:00,160137000.0,160562000.0,160000000.0,160342000.0,176.97097387
2025-09-12 16:00:00,160342000.0,161794000.0,160250000.0,161682000.0,155.80317794
2025-09-12 20:00:00,161681000.0,161697000.0,160776000.0,161101000.0,220.05879681
2025-09-13 00:00:00,161110000.0,161369000.0,160566000.0,160901000.0,245.75980251
2025-09-13 04:00:00,160901000.0,160915000.0,160565000.0,160780000.0,150.45967796
2025-09-13 08:00:00,160780000.0,160827000.0,160500000.0,160551000.0,168.84705113
2025-09-13 12:00:00,160551000.0,160563000.0,160001000.0,160002000.0,232.6315298
2025-09-13 16:00:00,160001000.0,160360000.0,159461000.0,160360000.0,147.61401915
2025-09-13 20:00:00,160321000.0,160629000.0,160291000.0,160536000.0,66.19279836
2025-09-14 00:00:00,160536000.0,160800000.0,160187000.0,160286000.0,147.49401193
2025-09-14 04:00:00,160286000.0,160560000.0,160138000.0,160400000.0,74.86099398
2025-09-14 08:00:00,160400000.0,160980000.0,160339000.0,160800000.0,125.40432574
2025-09-14 12:00:00,160715000.0,160828000.0,159899000.0,160118000.0,194.77471673
2025-09-14 16:00:00,160118000.0,160682000.0,160025000.0,160680000.0,39.23492313
2025-09-14 20:00:00,160678000.0,161200000.0,160210000.0,160338000.0,152.45736536
2025-09-15 00:00:00,160338000.0,160468000.0,159721000.0,160340000.0,202.98682128
2025-09-15 04:00:00,160338000.0,161791000.0,160276000.0,160887000.0,349.60076998
2025-09-15 08:00:00,160886000.0,161118000.0,159650000.0,160377000.0,357.30014873
2025-09-15 12:00:00,160400000.0,160427000.0,159500000.0,160090000.0,229.994802
2025-09-15 16:00:00,160090000.0,160980000.0,159831000.0,160710000.0,86.82029858
2025-09-15 20:00:00,160710000.0,160952000.0,160550000.0,160705000.0,101.5620393
2025-09-16 00:00:00,160705000.0,160853000.0,160247000.0,160530000.0,137.20330487
2025-09-16 04:00:00,160528000.0,161064000.0,160125000.0,160938000.0,168.13795866
2025-09-16 08:00:00,160904000.0,161000000.0,160500000.0,160551000.0,118.57028033
2025-09-16 12:00:00,160553000.0,161346000.0,160173000.0,161346000.0,188.45892242
2025-09-16 16:00:00,161346000.0,162201000.0,161100000.0,162198000.0,189.2607923
2025-09-16 20:00:00,162109000.0,162334000.0,161875000.0,162167000.0,211.50371821
2025-09-17 00:00:00,162200000.0,162309000.0,161774000.0,161774000.0,207.61168716
2025-09-17 04:00:00,161773000.0,163000000.0,161720000.0,162988000.0,273.71659303
2025-09-17 08:00:00,162988000.0,162990000.0,161900000.0,162095000.0,171.50466289
2025-09-17 12:00:00,162065000.0,162536000.0,161088000.0,161499000.0,256.15383226
2025-09-17 16:00:00,161439000.0,162127000.0,160210000.0,161109000.0,371.33719247
2025-09-17 20:00:00,161109000.0,162400000.0,160550000.0,161468000.0,350.41679925
2025-09-18 00:00:00,161468000.0,163300000.0,161372000.0,162920000.0,422.17222881
2025-09-18 04:00:00,162912000.0,163172000.0,162265000.0,162531000.0,236.03124191
2025-09-18 08:00:00,162530000.0,163000000.0,162500000.0,162541000.0,328.49793926
2025-09-18 12:00:00,162541000.0,163333000.0,162350000.0,163001000.0,458.89459803
2025-09-18 16:00:00,163000000.0,163276000.0,162730000.0,162950000.0,120.86524185
2025-09-18 20:00:00,162929000.0,163195000.0,162050000.0,162478000.0,172.32220752
2025-09-19 00:00:00,162478000.0,163030000.0,162452000.0,162847000.0,313.24584666
2025-09-19 04:00:00,162847000.0,162970000.0,162500000.0,162787000.0,260.60373705
2025-09-19 08:00:00,162759000.0,163080000.0,162084000.0,162274000.0,231.97314263
2025-09-19 12:00:00,162271000.0,162666000.0,161510000.0,162221000.0,345.53736435
2025-09-19 16:00:00,162221000.0,162269000.0,161500000.0,161501000.0,128.38450603
2025-09-19 20:00:00,161501000.0,162162000.0,161500000.0,162138000.0,109.50168357
2025-09-20 00:00:00,162162000.0,162408000.0,162017000.0,162199000.0,161.40095488
2025-09-20 04:00:00,162169000.0,162435000.0,162000000.0,162420000.0,116.99847939
2025-09-20 08:00:00,162420000.0,162486000.0,162250000.0,162403000.0,136.16623893
2025-09-20 12:00:00,162403000.0,162485000.0,162281000.0,162285000.0,154.29971355
2025-09-20 16:00:00,162289000.0,162344000.0,162030000.0,162089000.0,77.20793453
2025-09-20 20:00:00,162052000.0,162390000.0,162050000.0,162236000.0,48.29209921
2025-09-21 00:00:00,162236000.0,162239000.0,161810000.0,161883000.0,165.8193204
2025-09-21 04:00:00,161886000.0,161985000.0,161664000.0,161981000.0,190.37578805
2025-09-21 08:00:00,161983000.0,162190000.0,161678000.0,162077000.0,179.94268613
2025-09-21 12:00:00,162077000.0,162110000.0,161500000.0,161567000.0,205.93646022
2025-09-21 16:00:00,161569000.0,161900000.0,161500000.0,161710000.0,70.82984795
2025-09-21 20:00:00,161720000.0,161768000.0,161372000.0,161412000.0,143.49376546
2025-09-22 00:00:00,161410000.0,161631000.0,160176000.0,160982000.0,680.39041416
2025-09-22 04:00:00,160910000.0,161000000.0,159000000.0,159082000.0,982.85283739
2025-09-22 08:00:00,159104000.0,159970000.0,159081000.0,159902000.0,446.66119404
2025-09-22 12:00:00,159904000.0,160601000.0,159150000.0,160559000.0,694.80772715
2025-09-22 16:00:00,160559000.0,160604000.0,159851000.0,160041000.0,87.43970529
2025-09-22 20:00:00,160001000.0,161010000.0,159780000.0,160730000.0,166.58096694
2025-09-23 00:00:00,160731000.0,161101000.0,158668000.0,159878000.0,408.05104178
2025-09-23 04:00:00,159879000.0,160660000.0,159200000.0,160660000.0,164.27325763
2025-09-23 08:00:00,160654000.0,161350000.0,160274000.0,160754000.0,190.75197971
2025-09-23 12:00:00,160734000.0,160887000.0,160102000.0,160442000.0,121.62789508
2025-09-23 16:00:00,160442000.0,160583000.0,159200000.0,159388000.0,121.87610317
2025-09-23 20:00:00,159239000.0,160145000.0,159209000.0,159679000.0,99.40326136
2025-09-24 00:00:00,159680000.0,160224000.0,159400000.0,159400000.0,183.92624658
2025-09-24 04:00:00,159400000.0,160207000.0,159001000.0,159898000.0,198.69745471
2025-09-24 08:00:00,159891000.0,160729000.0,159700000.0,160450000.0,165.2114189
2025-09-24 12:00:00,160382000.0,161198000.0,160102000.0,160558000.0,217.72304476
2025-09-24 16:00:00,160638000.0,161200000.0,160350000.0,160407000.0,91.96456717
2025-09-24 20:00:00,160407000.0,161079000.0,160402000.0,160700000.0,132.11346443
2025-09-25 00:00:00,160700000.0,161037000.0,160100000.0,160325000.0,305.63973923
2025-09-25 04:00:00,160320000.0,160399000.0,159521000.0,159959000.0,266.97616022
2025-09-25 08:00:00,159929000.0,160400000.0,159500000.0,159505000.0,234.40734508
2025-09-25 12:00:00,159536000.0,160224000.0,159200000.0,159959000.0,477.26795944
2025-09-25 16:00:00,159959000.0,160082000.0,158000000.0,158178000.0,423.96184942
2025-09-25 20:00:00,158178000.0,158916000.0,158000000.0,158200000.0,364.40456197
2025-09-26 00:00:00,158219000.0,159278000.0,158100000.0,159000000.0,274.10073741
2025-09-26 04:00:00,159000000.0,159093000.0,157588000.0,157979000.0,312.45179213
2025-09-26 08:00:00,157960000.0,158479000.0,157922000.0,158307000.0,227.66135733
2025-09-26 12:00:00,158314000.0,159307000.0,158119000.0,158500000.0,273.67645408
2025-09-26 16:00:00,158500000.0,158929000.0,157100000.0,157170000.0,335.86920381
2025-09-26 20:00:00,157203000.0,158287000.0,157120000.0,158128000.0,212.48197315
2025-09-27 00:00:00,158129000.0,158250000.0,157581000.0,157603000.0,147.37363664
2025-09-27 04:00:00,157603000.0,157838000.0,157238000.0,157252000.0,102.67970675
2025-09-27 08:00:00,157245000.0,157463000.0,157126000.0,157267000.0,107.96335477
2025-09-27 12:00:00,157267000.0,157405000.0,157166000.0,157383000.0,127.9288721
2025-09-27 16:00:00,157384000.0,157603000.0,157357000.0,157470000.0,42.84350003
2025-09-27 20:00:00,157470000.0,157900000.0,157400000.0,157895000.0,70.45100683
2025-09-28 00:00:00,157892000.0,158077000.0,157700000.0,157772000.0,125.95873075
2025-09-28 04:00:00,157772000.0,157878000.0,157559000.0,157778000.0,115.85102967
2025-09-28 08:00:00,157778000.0,158087000.0,157615000.0,157754000.0,199.75345766
2025-09-28 12:00:00,157752000.0,158125000.0,157601000.0,158125000.0,333.6768888
2025-09-28 16:00:00,158125000.0,158499000.0,158124000.0,158446000.0,48.06441958
2025-09-28 20:00:00,158446000.0,160800000.0,158446000.0,160579000.0,291.8420226
2025-09-29 00:00:00,160579000.0,160825000.0,159500000.0,159958000.0,243.71159106
2025-09-29 04:00:00,159958000.0,160010000.0,159300000.0,159508000.0,115.28180183
2025-09-29 08:00:00,159506000.0,160520000.0,159505000.0,160519000.0,173.27961642
2025-09-29 12:00:00,160518000.0,163200000.0,160393000.0,162303000.0,718.47861559
2025-09-29 16:00:00,162304000.0,163053000.0,162267000.0,162887000.0,129.47169117
2025-09-29 20:00:00,162887000.0,163080000.0,162235000.0,162976000.0,181.55324345
2025-09-30 00:00:00,162976000.0,163655000.0,162558000.0,163157000.0,383.04084375
2025-09-30 04:00:00,163157000.0,163227000.0,162000000.0,162100000.0,230.34624657
2025-09-30 08:00:00,162101000.0,162101000.0,161111000.0,161955000.0,256.7499473
2025-09-30 12:00:00,161955000.0,162550000.0,161829000.0,162251000.0,159.46961243
2025-09-30 16:00:00,162251000.0,163561000.0,161958000.0,163360000.0,116.00839719
2025-09-30 20:00:00,163360000.0,163629000.0,162413000.0,162828000.0,202.06960441
2025-10-01 00:00:00,162828000.0,163628000.0,162789000.0,163270000.0,294.80242382
2025-10-01 04:00:00,163266000.0,164000000.0,163250000.0,163711000.0,277.52984443
2025-10-01 08:00:00,163711000.0,165780000.0,163679000.0,165727000.0,661.27382386
2025-10-01 12:00:00,165724000.0,166800000.0,165236000.0,166610000.0,496.9344978
2025-10-01 16:00:00,166610000.0,167746000.0,165867000.0,166671000.0,267.59483994
2025-10-01 20:00:00,166517000.0,168429000.0,166264000.0,168424000.0,393.39806097
2025-10-02 00:00:00,168424000.0,169495000.0,167709000.0,168786000.0,805.31470723
2025-10-02 04:00:00,168785000.0,169180000.0,167768000.0,168062000.0,314.00461055
2025-10-02 08:00:00,168062000.0,168854000.0,167954000.0,168511000.0,223.80987254
2025-10-02 12:00:00,168510000.0,170080000.0,168500000.0,170078000.0,772.89642955
2025-10-02 16:00:00,170078000.0,170903000.0,169294000.0,170750000.0,267.85395744
2025-10-02 20:00:00,170748000.0,170864000.0,170120000.0,170704000.0,250.69392337
2025-10-03 00:00:00,170749000.0,170839000.0,169350000.0,170275000.0,383.53218685
2025-10-03 04:00:00,170274000.0,170326000.0,169600000.0,169600000.0,159.63919357
2025-10-03 08:00:00,169600000.0,170990000.0,169100000.0,170892000.0,296.51973382
2025-10-03 12:00:00,170893000.0,173000000.0,170373000.0,172999000.0,500.34844465
2025-10-03 16:00:00,172999000.0,174995000.0,172357000.0,173875000.0,666.56492467
2025-10-03 20:00:00,173838000.0,173982000.0,172788000.0,173460000.0,234.4765845
2025-10-04 00:00:00,173460000.0,174000000.0,172673000.0,173987000.0,401.4002716
2025-10-04 04:00:00,173987000.0,174774000.0,173766000.0,173959000.0,480.33270239
2025-10-04 08:00:00,173948000.0,174522000.0,173870000.0,174295000.0,382.82645433
2025-10-04 12:00:00,174290000.0,174769000.0,173990000.0,174259000.0,500.90666507
2025-10-04 16:00:00,174266000.0,174556000.0,173969000.0,174471000.0,182.87999907
2025-10-04 20:00:00,174544000.0,174990000.0,174330000.0,174964000.0,514.82443582
2025-10-05 00:00:00,174986000.0,176989000.0,174405000.0,176341000.0,782.03658077
2025-10-05 04:00:00,176348000.0,178651000.0,176335000.0,177391000.0,1031.19949592
2025-10-05 08:00:00,177391000.0,177391000.0,174270000.0,176099000.0,1014.99620538
2025-10-05 12:00:00,176098000.0,176160000.0,175154000.0,175293000.0,256.37207491
2025-10-05 16:00:00,175292000.0,176250000.0,174991000.0,175767000.0,191.40718191
2025-10-05 20:00:00,175766000.0,177229000.0,175655000.0,177024000.0,491.80955762
2025-10-06 00:00:00,177002000.0,178009000.0,176748000.0,177507000.0,497.87016951
2025-10-06 04:00:00,177507000.0,177596000.0,176500000.0,176753000.0,378.93957016
2025-10-06 08:00:00,176754000.0,177626000.0,176749000.0,177379000.0,306.26669573
2025-10-06 12:00:00,177360000.0,178307000.0,177334000.0,177593000.0,628.2572911
2025-10-06 16:00:00,177593000.0,178790000.0,177500000.0,177865000.0,285.31494325
2025-10-06 20:00:00,177967000.0,178107000.0,177300000.0,177536000.0,514.92374077
2025-10-07 00:00:00,177562000.0,178400000.0,177230000.0,177333000.0,407.47016506
2025-10-07 04:00:00,177364000.0,177609000.0,176500000.0,176744000.0,497.79706776
2025-10-07 08:00:00,176745000.0,177879000.0,176000000.0,177861000.0,457.25971424
2025-10-07 12:00:00,177861000.0,178400000.0,174388000.0,175320000.0,1035.33954052
2025-10-07 16:00:00,175363000.0,176326000.0,174385000.0,176168000.0,362.01000456
2025-10-07 20:00:00,176190000.0,177068000.0,175460000.0,175460000.0,629.9278984
2025-10-08 00:00:00,175490000.0,177378000.0,175460000.0,176784000.0,431.56547841
2025-10-08 04:00:00,176780000.0,177095000.0,176000000.0,176563000.0,243.45734787
2025-10-08 08:00:00,176563000.0,178425000.0,176539000.0,178232000.0,537.46861134
2025-10-08 12:00:00,178252000.0,178498000.0,176868000.0,177417000.0,391.63358835
2025-10-08 16:00:00,177405000.0,178617000.0,177341000.0,177852000.0,321.57695459
2025-10-08 20:00:00,177852000.0,178194000.0,177216000.0,178011000.0,538.22683964
2025-10-09 00:00:00,177853000.0,178060000.0,176800000.0,177048000.0,387.93269474
2025-10-09 04:00:00,177047000.0,177485000.0,176900000.0,177451000.0,195.76985881
2025-10-09 08:00:00,177451000.0,179000000.0,177000000.0,178737000.0,695.65390391
2025-10-09 12:00:00,178738000.0,179869000.0,177200000.0,177645000.0,910.03915397
2025-10-09 16:00:00,177540000.0,178000000.0,176496000.0,177574000.0,282.21140644
2025-10-09 20:00:00,177574000.0,178094000.0,177229000.0,177616000.0,353.76557853
2025-10-10 00:00:00,177616000.0,178151000.0,176535000.0,176535000.0,370.79107108
2025-10-10 04:00:00,176534000.0,177434000.0,176300000.0,176819000.0,472.79915744
2025-10-10 08:00:00,176819000.0,177446000.0,176735000.0,177060000.0,154.57382853
2025-10-10 12:00:00,177060000.0,178000000.0,175255000.0,176264000.0,752.51046175
2025-10-10 16:00:00,176193000.0,176250000.0,173000000.0,173541000.0,754.44365026
2025-10-10 20:00:00,173551000.0,174800000.0,165000000.0,172257000.0,4294.81959638
2025-10-11 00:00:00,172180000.0,173937000.0,166500000.0,172200000.0,2525.62966558
2025-10-11 04:00:00,172200000.0,172550000.0,168596000.0,168854000.0,659.63492147
2025-10-11 08:00:00,168854000.0,171312000.0,168766000.0,171160000.0,492.92782402
2025-10-11 12:00:00,171160000.0,172002000.0,170451000.0,170454000.0,323.63187527
2025-10-11 16:00:00,170451000.0,171300000.0,170110000.0,171300000.0,109.55336109
2025-10-11 20:00:00,171300000.0,171500000.0,169989000.0,170390000.0,305.3156653
2025-10-12 00:00:00,170390000.0,170497000.0,168132000.0,169819000.0,637.11413455
2025-10-12 04:00:00,169825000.0,171932000.0,169714000.0,170881000.0,400.88719517
2025-10-12 08:00:00,170882000.0,171444000.0,170100000.0,171250000.0,219.24527079
2025-10-12 12:00:00,171250000.0,174549000.0,170270000.0,172526000.0,994.64619385
2025-10-12 16:00:00,172526000.0,173854000.0,171000000.0,172379000.0,576.43032584
2025-10-12 20:00:00,172379000.0,174909000.0,172334000.0,173833000.0,606.8676099
2025-10-13 00:00:00,173833000.0,175337000.0,173255000.0,173533000.0,569.51885355
2025-10-13 04:00:00,173533000.0,173998000.0,172918000.0,173680000.0,362.63348866
2025-10-13 08:00:00,173650000.0,173762000.0,170778000.0,171947000.0,443.3178702
2025-10-13 12:00:00,171947000.0,173299000.0,171637000.0,172097000.0,310.92254819
2025-10-13 16:00:00,172098000.0,172979000.0,171601000.0,172563000.0,262.66585836
2025-10-13 20:00:00,172563000.0,172761000.0,171680000.0,171680000.0,294.10043741
2025-10-14 00:00:00,171695000.0,172444000.0,169900000.0,169999000.0,612.93741355
2025-10-14 04:00:00,169999000.0,170304000.0,168500000.0,169700000.0,717.92050848
2025-10-14 08:00:00,169701000.0,169795000.0,168000000.0,169351000.0,482.69382598
2025-10-14 12:00:00,169370000.0,170914000.0,168158000.0,170898000.0,382.9775603
2025-10-14 16:00:00,170898000.0,171206000.0,169116000.0,170176000.0,241.98653026
2025-10-14 20:00:00,170310000.0,170800000.0,169616000.0,170070000.0,117.82762212
2025-10-15 00:00:00,170109000.0,170740000.0,169270000.0,169320000.0,301.15517045
2025-10-15 04:00:00,169319000.0,170000000.0,169000000.0,169182000.0,329.28115657
2025-10-15 08:00:00,169182000.0,170038000.0,168800000.0,168800000.0,302.49757613
2025-10-15 12:00:00,168801000.0,169440000.0,168001000.0,168499000.0,451.33531461
2025-10-15 16:00:00,168499000.0,169553000.0,168001000.0,169553000.0,112.86975073
2025-10-15 20:00:00,169470000.0,170100000.0,168463000.0,168539000.0,227.18680398
2025-10-16 00:00:00,168642000.0,170124000.0,168485000.0,169500000.0,250.3052019
2025-10-16 04:00:00,169526000.0,169915000.0,168170000.0,168192000.0,264.79075802
2025-10-16 08:00:00,168185000.0,169777000.0,168000000.0,168633000.0,413.5533051
2025-10-16 12:00:00,168569000.0,169250000.0,166378000.0,166378000.0,614.15167961
2025-10-16 16:00:00,166377000.0,166556000.0,164858000.0,165841000.0,721.44502948
2025-10-16 20:00:00,165841000.0,166282000.0,165075000.0,165290000.0,354.48388046
2025-10-17 00:00:00,165291000.0,166565000.0,165212000.0,166300000.0,365.78970149
2025-10-17 04:00:00,166300000.0,166300000.0,160610000.0,161138000.0,1364.93696293
2025-10-17 08:00:00,161101000.0,163281000.0,159671000.0,162500000.0,1487.98708577
2025-10-17 12:00:00,162500000.0,163755000.0,161196000.0,163709000.0,547.35815737
2025-10-17 16:00:00,163754000.0,164469000.0,162829000.0,163470000.0,224.41957286
2025-10-17 20:00:00,163471000.0,165500000.0,163330000.0,163639000.0,272.73196587
2025-10-18 00:00:00,163639000.0,164998000.0,163285000.0,164290000.0,279.87562345
2025-10-18 04:00:00,164290000.0,164291000.0,162852000.0,163195000.0,248.02247726
2025-10-18 08:00:00,163238000.0,163800000.0,163128000.0,163679000.0,126.79570917
2025-10-18 12:00:00,163679000.0,163984000.0,163400000.0,163612000.0,142.45827727
2025-10-18 16:00:00,163612000.0,163640000.0,163021000.0,163343000.0,60.67353037
2025-10-18 20:00:00,163343000.0,163747000.0,163222000.0,163631000.0,68.30840461
2025-10-19 00:00:00,163631000.0,163659000.0,163000000.0,163415000.0,112.9041472
2025-10-19 04:00:00,163408000.0,163459000.0,162108000.0,162491000.0,187.73393366
2025-10-19 08:00:00,162490000.0,164142000.0,161250000.0,163617000.0,412.73074071
2025-10-19 12:00:00,163618000.0,164604000.0,163186000.0,164464000.0,282.84816062
2025-10-19 16:00:00,164470000.0,165924000.0,164151000.0,165119000.0,176.92919696
2025-10-19 20:00:00,165120000.0,165996000.0,164639000.0,164806000.0,226.8313352
2025-10-20 00:00:00,164806000.0,166648000.0,163398000.0,166440000.0,393.30813307
2025-10-20 04:00:00,166495000.0,167468000.0,165939000.0,166683000.0,448.7434752
2025-10-20 08:00:00,166683000.0,167047000.0,165860000.0,166294000.0,199.68829087
2025-10-20 12:00:00,166294000.0,167013000.0,166000000.0,166500000.0,179.65304841
2025-10-20 16:00:00,166501000.0,166950000.0,165500000.0,165934000.0,121.54797788
2025-10-20 20:00:00,165931000.0,166574000.0,165613000.0,165911000.0,105.68526693
2025-10-21 00:00:00,165911000.0,166000000.0,164041000.0,164082000.0,288.65608904
2025-10-21 04:00:00,164079000.0,164127000.0,162011000.0,163201000.0,526.74878676
2025-10-21 08:00:00,163201000.0,163749000.0,162179000.0,163729000.0,218.13845679
2025-10-21 12:00:00,163729000.0,168900000.0,162834000.0,168566000.0,663.84606529
2025-10-21 16:00:00,168553000.0,169336000.0,165771000.0,166041000.0,372.74997154
2025-10-21 20:00:00,166040000.0,166198000.0,162920000.0,163400000.0,350.71783714
2025-10-22 00:00:00,163400000.0,163838000.0,162935000.0,163307000.0,281.24207733
2025-10-22 04:00:00,163307000.0,163691000.0,162748000.0,163421000.0,197.29788363
2025-10-22 08:00:00,163419000.0,163771000.0,162500000.0,162799000.0,232.32884032
2025-10-22 12:00:00,162741000.0,164406000.0,162591000.0,163497000.0,288.83568298
2025-10-22 16:00:00,163497000.0,163800000.0,162700000.0,163255000.0,107.6754674
2025-10-22 20:00:00,163343000.0,163817000.0,162510000.0,163153000.0,184.13300548
2025-10-23 00:00:00,163153000.0,164250000.0,163035000.0,163814000.0,169.67883457
2025-10-23 04:00:00,163814000.0,165999000.0,163579000.0,164570000.0,286.79944789
2025-10-23 08:00:00,164570000.0,165346000.0,164195000.0,164238000.0,140.83936782
2025-10-23 12:00:00,164238000.0,165394000.0,163700000.0,165024000.0,248.74207764
2025-10-23 16:00:00,165108000.0,166400000.0,164641000.0,165557000.0,147.22758195
2025-10-23 20:00:00,165465000.0,165828000.0,164412000.0,165546000.0,125.91681081
2025-10-24 00:00:00,165546000.0,166840000.0,165476000.0,166098000.0,277.53294456
2025-10-24 04:00:00,166090000.0,166987000.0,165981000.0,166397000.0,278.29843726
2025-10-24 08:00:00,166341000.0,166799000.0,165750000.0,166242000.0,204.21019772
2025-10-24 12:00:00,166242000.0,167381000.0,164420000.0,165184000.0,517.14756493
2025-10-24 16:00:00,165125000.0,165699000.0,164800000.0,165278000.0,70.55375521
2025-10-24 20:00:00,165278000.0,165849000.0,165150000.0,165703000.0,92.35197345
2025-10-25 00:00:00,165703000.0,166175000.0,165331000.0,166108000.0,134.00840187
2025-10-25 04:00:00,166108000.0,166631000.0,165935000.0,166357000.0,113.38237232
2025-10-25 08:00:00,166358000.0,166830000.0,166357000.0,166474000.0,111.89274632
2025-10-25 12:00:00,166474000.0,166849000.0,166000000.0,166001000.0,127.89104397
2025-10-25 16:00:00,166001000.0,166250000.0,165850000.0,166248000.0,22.5109125
2025-10-25 20:00:00,166248000.0,166330000.0,166095000.0,166310000.0,5.60436575
2025-10-26 00:00:00,166330000.0,166770000.0,166214000.0,166214000.0,114.48197092
2025-10-26 04:00:00,166215000.0,166512000.0,166104000.0,166367000.0,57.12017403
2025-10-26 08:00:00,166368000.0,168550000.0,166366000.0,168388000.0,342.58404776
2025-10-26 12:00:00,168395000.0,169050000.0,168000000.0,168616000.0,369.27328438
2025-10-26 16:00:00,168600000.0,168800000.0,168203000.0,168477000.0,60.25425553
2025-10-26 20:00:00,168477000.0,170000000.0,167800000.0,169514000.0,354.21025679
2025-10-27 00:00:00,169514000.0,170865000.0,169507000.0,169831000.0,430.62699986
2025-10-27 04:00:00,169828000.0,171500000.0,169824000.0,170584000.0,274.84260009
2025-10-27 08:00:00,170590000.0,170854000.0,169100000.0,170474000.0,322.69097042
2025-10-27 12:00:00,170474000.0,170500000.0,169401000.0,169809000.0,235.76961309
2025-10-27 16:00:00,169795000.0,170499000.0,169462000.0,169588000.0,88.21863475
2025-10-27 20:00:00,169571000.0,169800000.0,168793000.0,168980000.0,187.52543583
2025-10-28 00:00:00,168980000.0,169700000.0,168485000.0,168949000.0,229.45144994
2025-10-28 04:00:00,168949000.0,169108000.0,168168000.0,168912000.0,204.62489919
2025-10-28 08:00:00,168912000.0,169400000.0,168850000.0,169143000.0,106.64635724
2025-10-28 12:00:00,169190000.0,170859000.0,169000000.0,169653000.0,307.55279825
2025-10-28 16:00:00,169656000.0,170543000.0,168509000.0,168744000.0,107.75975229
2025-10-28 20:00:00,168730000.0,169049000.0,167550000.0,168263000.0,312.4836443
2025-10-29 00:00:00,168263000.0,168299000.0,167500000.0,167967000.0,266.24267594
2025-10-29 04:00:00,167950000.0,168337000.0,167795000.0,168278000.0,154.71040282
2025-10-29 08:00:00,168274000.0,168401000.0,167014000.0,167615000.0,246.17096829
2025-10-29 12:00:00,167615000.0,167961000.0,165844000.0,165923000.0,405.88702353
2025-10-29 16:00:00,166013000.0,166495000.0,164053000.0,165600000.0,497.57864019
2025-10-29 20:00:00,165600000.0,166664000.0,164000000.0,164617000.0,376.64172173
2025-10-30 00:00:00,164597000.0,165700000.0,164010000.0,165205000.0,348.30367759
2025-10-30 04:00:00,165205000.0,166201000.0,162300000.0,165903000.0,718.32259426
2025-10-30 08:00:00,165904000.0,166000000.0,164021000.0,164400000.0,166.42147688
2025-10-30 12:00:00,164401000.0,164427000.0,162000000.0,162889000.0,511.67881457
2025-10-30 16:00:00,162932000.0,163446000.0,162000000.0,162237000.0,193.20873852
2025-10-30 20:00:00,162237000.0,164400000.0,162000000.0,164258000.0,222.4544268
2025-10-31 00:00:00,164259000.0,165940000.0,163530000.0,164344000.0,343.45633271
2025-10-31 04:00:00,164344000.0,165300000.0,163800000.0,164027000.0,162.35443106
2025-10-31 08:00:00,164064000.0,165295000.0,163838000.0,164998000.0,156.51049896
2025-10-31 12:00:00,164998000.0,166000000.0,164051000.0,164715000.0,221.13475118
2025-10-31 16:00:00,164715000.0,164964000.0,163255000.0,164276000.0,127.48594778
2025-10-31 20:00:00,164178000.0,164685000.0,163900000.0,164275000.0,75.02164159
2025-11-01 00:00:00,164275000.0,164600000.0,163899000.0,164387000.0,87.84490481
2025-11-01 04:00:00,164290000.0,164692000.0,164101000.0,164250000.0,66.65161855
2025-11-01 08:00:00,164200000.0,164498000.0,164000000.0,164121000.0,58.68701321
2025-11-01 12:00:00,164112000.0,164425000.0,163410000.0,164271000.0,111.11589329
2025-11-01 16:00:00,164271000.0,164490000.0,164094000.0,164315000.0,31.13677671
2025-11-01 20:00:00,164315000.0,164374000.0,163830000.0,164000000.0,39.49876952
2025-11-02 00:00:00,164001000.0,164148000.0,163701000.0,163702000.0,75.66590266
2025-11-02 04:00:00,163701000.0,164840000.0,163695000.0,164650000.0,84.80535028
2025-11-02 08:00:00,164650000.0,165139000.0,164180000.0,165114000.0,104.09145602
2025-11-02 12:00:00,165113000.0,165122000.0,164022000.0,164022000.0,98.42251814
2025-11-02 16:00:00,164101000.0,164360000.0,163712000.0,164178000.0,58.3066369
2025-11-02 20:00:00,164100000.0,164178000.0,163300000.0,164129000.0,117.04985088
2025-11-03 00:00:00,164074000.0,164133000.0,161260000.0,161340000.0,596.94811152
2025-11-03 04:00:00,161340000.0,161488000.0,160000000.0,160770000.0,755.08734619
2025-11-03 08:00:00,160775000.0,161051000.0,159700000.0,160991000.0,456.97355066
2025-11-03 12:00:00,160991000.0,161761000.0,158762000.0,158881000.0,595.08667575
2025-11-03 16:00:00,158881000.0,160899000.0,158234000.0,160445000.0,305.70019575
2025-11-03 20:00:00,160445000.0,160589000.0,158000000.0,158587000.0,660.82028041
2025-11-04 00:00:00,158589000.0,161128000.0,158049000.0,160425000.0,512.40725778
2025-11-04 04:00:00,160421000.0,160495000.0,154600000.0,154681000.0,1285.68142851
2025-11-04 08:00:00,154681000.0,155687000.0,153183000.0,155684000.0,986.52133857
2025-11-04 12:00:00,155684000.0,155807000.0,153025000.0,153683000.0,726.77683667
2025-11-04 16:00:00,153626000.0,154054000.0,150031000.0,150040000.0,1048.26284068
2025-11-04 20:00:00,150032000.0,153190000.0,147651000.0,152873000.0,2063.63196444
2025-11-05 00:00:00,152873000.0,153500000.0,146679000.0,152185000.0,2276.20464343
2025-11-05 04:00:00,152185000.0,152606000.0,150833000.0,152142000.0,539.94387782
2025-11-05 08:00:00,152142000.0,152173000.0,150521000.0,151771000.0,333.39376616
2025-11-05 12:00:00,151771000.0,155200000.0,151462000.0,155147000.0,693.3123454
2025-11-05 16:00:00,155147000.0,156000000.0,154381000.0,155550000.0,315.50864901
2025-11-05 20:00:00,155550000.0,156324000.0,154393000.0,156008000.0,480.45894231
2025-11-06 00:00:00,156008000.0,156126000.0,153048000.0,154720000.0,489.22220266
2025-11-06 04:00:00,154720000.0,155299000.0,153815000.0,154335000.0,230.39876848
2025-11-06 08:00:00,154330000.0,154500000.0,153550000.0,154372000.0,154.41849416
2025-11-06 12:00:00,154372000.0,154850000.0,152211000.0,152732000.0,387.74183821
2025-11-06 16:00:00,152614000.0,153219000.0,150500000.0,151753000.0,315.93749648
2025-11-06 20:00:00,151753000.0,152000000.0,150570000.0,151401000.0,250.93731328
2025-11-07 00:00:00,151412000.0,153000000.0,150681000.0,152460000.0,301.16265635
2025-11-07 04:00:00,152460000.0,153200000.0,152000000.0,152500000.0,235.36115857
2025-11-07 08:00:00,152500000.0,152618000.0,149500000.0,150617000.0,519.26667211
2025-11-07 12:00:00,150664000.0,151700000.0,148831000.0,151128000.0,574.48774698
2025-11-07 16:00:00,151117000.0,154107000.0,150631000.0,154073000.0,381.10584378
2025-11-07 20:00:00,154098000.0,154961000.0,153459000.0,153850000.0,331.24753413
2025-11-08 00:00:00,153850000.0,154400000.0,153010000.0,153189000.0,253.84317073
2025-11-08 04:00:00,153189000.0,153406000.0,151917000.0,152537000.0,224.15762382
2025-11-08 08:00:00,152537000.0,153205000.0,152000000.0,152133000.0,151.78666812
2025-11-08 12:00:00,152115000.0,152415000.0,151353000.0,151723000.0,152.3139716
2025-11-08 16:00:00,151722000.0,152373000.0,151600000.0,152148000.0,38.6251807
2025-11-08 20:00:00,152148000.0,152900000.0,152139000.0,152541000.0,58.31515546
2025-11-09 00:00:00,152542000.0,152680000.0,151279000.0,151488000.0,175.15787338
2025-11-09 04:00:00,151488000.0,152138000.0,151295000.0,151790000.0,109.48965597
2025-11-09 08:00:00,151790000.0,152190000.0,151283000.0,152171000.0,118.86956709
2025-11-09 12:00:00,152174000.0,154763000.0,151908000.0,154358000.0,346.58268857
2025-11-09 16:00:00,154358000.0,155468000.0,153739000.0,155410000.0,135.23043093
2025-11-09 20:00:00,155406000.0,156300000.0,154443000.0,155490000.0,319.63603924
2025-11-10 00:00:00,155490000.0,158330000.0,154922000.0,157411000.0,699.26265216
2025-11-10 04:00:00,157411000.0,157835000.0,157049000.0,157737000.0,214.31320423
2025-11-10 08:00:00,157737000.0,157777000.0,157000000.0,157352000.0,231.47608081
2025-11-10 12:00:00,157333000.0,157630000.0,155010000.0,155731000.0,440.74094909
2025-11-10 16:00:00,155732000.0,156999000.0,155400000.0,156573000.0,87.13331982
2025-11-10 20:00:00,156573000.0,157286000.0,156049000.0,156797000.0,152.47590935
2025-11-11 00:00:00,156802000.0,159150000.0,156500000.0,158127000.0,418.83369947
2025-11-11 04:00:00,158200000.0,158248000.0,155770000.0,155964000.0,297.50777632
2025-11-11 08:00:00,155971000.0,157050000.0,155964000.0,156830000.0,128.43127781
2025-11-11 12:00:00,156830000.0,157201000.0,154000000.0,154406000.0,310.60054721
2025-11-11 16:00:00,154327000.0,154557000.0,153557000.0,154000000.0,131.37210753
2025-11-11 20:00:00,154083000.0,154503000.0,153267000.0,154302000.0,202.30849723
2025-11-12 00:00:00,154302000.0,154755000.0,153600000.0,154547000.0,172.76687838
2025-11-12 04:00:00,154635000.0,154951000.0,154230000.0,154461000.0,101.24607275
2025-11-12 08:00:00,154461000.0,157200000.0,154461000.0,156898000.0,258.30468407
2025-11-12 12:00:00,156880000.0,157200000.0,152886000.0,153159000.0,375.26319294
2025-11-12 16:00:00,153170000.0,153369000.0,152000000.0,152704000.0,287.14741323
2025-11-12 20:00:00,152609000.0,153836000.0,152500000.0,153300000.0,175.96434794
2025-11-13 00:00:00,153300000.0,154673000.0,152000000.0,153400000.0,308.84907814
2025-11-13 04:00:00,153400000.0,155271000.0,152687000.0,154438000.0,276.66292635
2025-11-13 08:00:00,154438000.0,154900000.0,153251000.0,153790000.0,243.26837026
2025-11-13 12:00:00,153790000.0,154405000.0,151795000.0,152000000.0,440.18192687
2025-11-13 16:00:00,152058000.0,152120000.0,149000000.0,149961000.0,706.80356385
2025-11-13 20:00:00,149960000.0,152567000.0,149374000.0,151306000.0,639.42213295
2025-11-14 00:00:00,151314000.0,151619000.0,149289000.0,149701000.0,533.77376995
2025-11-14 04:00:00,149701000.0,149920000.0,146138000.0,147382000.0,1502.93496065
2025-11-14 08:00:00,147382000.0,147918000.0,145071000.0,145578000.0,788.00307892
2025-11-14 12:00:00,145578000.0,147306000.0,142950000.0,146700000.0,2259.64407905
2025-11-14 16:00:00,146700000.0,147508000.0,143898000.0,145047000.0,406.32715459
2025-11-14 20:00:00,145043000.0,145461000.0,143198000.0,143623000.0,604.39066066
2025-11-15 00:00:00,143623000.0,146306000.0,143489000.0,145738000.0,588.01299111
2025-11-15 04:00:00,145774000.0,145896000.0,145000000.0,145379000.0,220.12380866
2025-11-15 08:00:00,145379000.0,145379000.0,144200000.0,144393000.0,229.56257365
2025-11-15 12:00:00,144393000.0,145500000.0,144241000.0,145160000.0,209.00676367
2025-11-15 16:00:00,145160000.0,145251000.0,144569000.0,144772000.0,93.86593685
2025-11-15 20:00:00,144661000.0,144797000.0,143791000.0,144265000.0,174.71367031
2025-11-16 00:00:00,144265000.0,144421000.0,143250000.0,144097000.0,366.89708776
2025-11-16 04:00:00,144097000.0,144343000.0,143865000.0,144179000.0,155.11836257
2025-11-16 08:00:00,144179000.0,144888000.0,143530000.0,143718000.0,265.40658637
2025-11-16 12:00:00,143718000.0,144085000.0,142536000.0,142706000.0,477.84174329
2025-11-16 16:00:00,142712000.0,143571000.0,141079000.0,141082000.0,589.4932935
2025-11-16 20:00:00,141082000.0,141988000.0,138663000.0,140320000.0,1451.97387937
2025-11-17 00:00:00,140320000.0,142500000.0,139628000.0,142300000.0,650.87605084
2025-11-17 04:00:00,142301000.0,142500000.0,141450000.0,142361000.0,294.55893885
2025-11-17 08:00:00,142365000.0,142926000.0,141843000.0,142437000.0,219.73357692
2025-11-17 12:00:00,142437000.0,142820000.0,139326000.0,140310000.0,785.68047531
2025-11-17 16:00:00,140310000.0,141000000.0,137893000.0,137900000.0,569.91920621
2025-11-17 20:00:00,137900000.0,138720000.0,137127000.0,137706000.0,881.96082496
2025-11-18 00:00:00,137706000.0,138000000.0,133092000.0,134552000.0,2283.4176741
2025-11-18 04:00:00,134550000.0,134568000.0,132200000.0,133834000.0,1617.5730269
2025-11-18 08:00:00,133834000.0,135709000.0,133833000.0,135394000.0,758.48394806
2025-11-18 12:00:00,135400000.0,137706000.0,134034000.0,137613000.0,735.43047942
2025-11-18 16:00:00,137613000.0,139184000.0,137137000.0,138176000.0,546.82746923
2025-11-18 20:00:00,138193000.0,138500000.0,136600000.0,137750000.0,400.78764619
2025-11-19 00:00:00,137750000.0,137807000.0,136261000.0,136397000.0,383.72828546
2025-11-19 04:00:00,136397000.0,136642000.0,133949000.0,136533000.0,604.72041991
2025-11-19 08:00:00,136533000.0,136658000.0,135000000.0,136013000.0,239.10043319
2025-11-19 12:00:00,136013000.0,137423000.0,134000000.0,134096000.0,463.8600145
2025-11-19 16:00:00,134096000.0,134607000.0,132502000.0,132758000.0,542.39883806
2025-11-19 20:00:00,132758000.0,136500000.0,132449000.0,136500000.0,628.82701511
2025-11-20 00:00:00,136500000.0,138490000.0,135883000.0,137859000.0,723.72997006
2025-11-20 04:00:00,137859000.0,138621000.0,136500000.0,137377000.0,390.66789803
2025-11-20 08:00:00,137458000.0,137614000.0,135949000.0,136799000.0,232.23754973
2025-11-20 12:00:00,136771000.0,137529000.0,134007000.0,134010000.0,553.88422297
2025-11-20 16:00:00,134010000.0,134010000.0,130000000.0,131163000.0,1426.70184536
2025-11-20 20:00:00,131162000.0,132499000.0,129800000.0,129896000.0,976.61082011
2025-11-21 00:00:00,129896000.0,131000000.0,127241000.0,127766000.0,1505.39408809
2025-11-21 04:00:00,127766000.0,128800000.0,125368000.0,126200000.0,1321.28090798
2025-11-21 08:00:00,126200000.0,126882000.0,122450000.0,123578000.0,2385.8503896
2025-11-21 12:00:00,123578000.0,128721000.0,121455000.0,124894000.0,2546.64720701
2025-11-21 16:00:00,124870000.0,128470000.0,124036000.0,126725000.0,628.2679962
2025-11-21 20:00:00,126697000.0,128695000.0,125751000.0,128044000.0,461.67155938
2025-11-22 00:00:00,128044000.0,129000000.0,126550000.0,126979000.0,608.21950299
2025-11-22 04:00:00,126979000.0,127400000.0,126063000.0,127005000.0,292.95829225
2025-11-22 08:00:00,127005000.0,127038000.0,125609000.0,126397000.0,259.88797275
2025-11-22 12:00:00,126358000.0,127207000.0,125735000.0,126798000.0,326.53525351
2025-11-22 16:00:00,126660000.0,127400000.0,126646000.0,127070000.0,81.74821282
2025-11-22 20:00:00,127069000.0,127913000.0,126481000.0,127333000.0,170.24790803
2025-11-23 00:00:00,127373000.0,130580000.0,127327000.0,130142000.0,956.85559372
2025-11-23 04:00:00,130142000.0,131036000.0,128663000.0,129342000.0,627.09082737
2025-11-23 08:00:00,129342000.0,130485000.0,129268000.0,130262000.0,309.59688542
2025-11-23 12:00:00,130280000.0,132000000.0,130261000.0,131691000.0,693.92562502
2025-11-23 16:00:00,131737000.0,132500000.0,130969000.0,132241000.0,232.40532643
2025-11-23 20:00:00,132241000.0,133852000.0,131484000.0,131960000.0,875.79741553
2025-11-24 00:00:00,131998000.0,133238000.0,130000000.0,132314000.0,877.56312558
2025-11-24 04:00:00,132314000.0,132689000.0,131100000.0,131681000.0,369.04981483
2025-11-24 08:00:00,131623000.0,131859000.0,129345000.0,130408000.0,468.58068387
2025-11-24 12:00:00,130408000.0,130960000.0,129050000.0,130608000.0,491.87697434
2025-11-24 16:00:00,130674000.0,133170000.0,130673000.0,132380000.0,477.35399995
2025-11-24 20:00:00,132380000.0,133761000.0,132380000.0,132574000.0,589.12388965
2025-11-25 00:00:00,132574000.0,132747000.0,131325000.0,131950000.0,452.72483712
2025-11-25 04:00:00,131970000.0,132750000.0,131140000.0,131164000.0,242.18177946
2025-11-25 08:00:00,131164000.0,131458000.0,130000000.0,130905000.0,415.33498225
2025-11-25 12:00:00,130905000.0,131818000.0,129610000.0,130431000.0,507.86072983
2025-11-25 16:00:00,130431000.0,131900000.0,129365000.0,130317000.0,229.56695356
2025-11-25 20:00:00,130385000.0,131363000.0,129813000.0,130736000.0,278.73225799
2025-11-26 00:00:00,130779000.0,131599000.0,130291000.0,130292000.0,309.85610529
2025-11-26 04:00:00,130292000.0,131550000.0,130119000.0,131532000.0,258.92986798
2025-11-26 08:00:00,131540000.0,131550000.0,130265000.0,130646000.0,217.40429348
2025-11-26 12:00:00,130645000.0,131163000.0,129600000.0,130304000.0,408.95167977
2025-11-26 16:00:00,130304000.0,134676000.0,130241000.0,133870000.0,487.87151025
2025-11-26 20:00:00,133931000.0,135485000.0,133230000.0,135366000.0,533.71040367
2025-11-27 00:00:00,135366000.0,138400000.0,134608000.0,136349000.0,1098.93375465
2025-11-27 04:00:00,136348000.0,137300000.0,135874000.0,136641000.0,365.13180639
2025-11-27 08:00:00,136693000.0,137900000.0,136312000.0,137296000.0,367.07002706
2025-11-27 12:00:00,137296000.0,137425000.0,135223000.0,136337000.0,359.32078965
2025-11-27 16:00:00,136339000.0,137514000.0,136233000.0,137346000.0,119.24521444
2025-11-27 20:00:00,137346000.0,137347000.0,136680000.0,136941000.0,151.00687057
2025-11-28 00:00:00,136989000.0,137188000.0,135691000.0,136701000.0,309.65261739
2025-11-28 04:00:00,136754000.0,137375000.0,136480000.0,136686000.0,179.83165958
2025-11-28 08:00:00,136686000.0,138301000.0,136670000.0,137838000.0,286.24764958
2025-11-28 12:00:00,137838000.0,139868000.0,137600000.0,138415000.0,636.70083817
2025-11-28 16:00:00,138402000.0,138434000.0,135759000.0,136956000.0,391.9696007
2025-11-28 20:00:00,136956000.0,137087000.0,136334000.0,136334000.0,124.45626743
2025-11-29 00:00:00,136334000.0,136770000.0,136000000.0,136021000.0,174.44918383
2025-11-29 04:00:00,136021000.0,136400000.0,135300000.0,135690000.0,222.03188891
2025-11-29 08:00:00,135690000.0,135951000.0,135501000.0,135738000.0,95.48185565
2025-11-29 12:00:00,135738000.0,136499000.0,135735000.0,136254000.0,126.04556646
2025-11-29 16:00:00,136320000.0,136615000.0,135300000.0,135904000.0,97.77882243
2025-11-29 20:00:00,136012000.0,136393000.0,135570000.0,136073000.0,53.3802572
2025-11-30 00:00:00,136000000.0,136390000.0,135600000.0,136196000.0,115.05042201
2025-11-30 04:00:00,136196000.0,136284000.0,135832000.0,136130000.0,71.19823706
2025-11-30 08:00:00,136127000.0,137258000.0,136111000.0,136579000.0,188.18868498
2025-11-30 12:00:00,136585000.0,137631000.0,136573000.0,136860000.0,172.76681201
2025-11-30 16:00:00,136860000.0,137417000.0,136500000.0,136850000.0,67.54950994
2025-11-30 20:00:00,136850000.0,137000000.0,135700000.0,135744000.0,161.99130418
2025-12-01 00:00:00,135752000.0,135839000.0,129062000.0,129486000.0,2187.32608816
2025-12-01 04:00:00,129486000.0,130000000.0,128140000.0,129999000.0,901.7599896
2025-12-01 08:00:00,130000000.0,130530000.0,128926000.0,128939000.0,373.08006933
2025-12-01 12:00:00,128939000.0,129742000.0,125809000.0,126792000.0,1211.10066695
2025-12-01 16:00:00,126805000.0,128000000.0,125825000.0,127295000.0,325.82210702
2025-12-01 20:00:00,127299000.0,129998000.0,127299000.0,129172000.0,384.533487
2025-12-02 00:00:00,129169000.0,130889000.0,128650000.0,129826000.0,526.0601561
2025-12-02 04:00:00,129858000.0,130375000.0,129758000.0,130033000.0,193.51478702
2025-12-02 08:00:00,130069000.0,131098000.0,129106000.0,130738000.0,289.14231298
2025-12-02 12:00:00,130746000.0,135958000.0,130123000.0,135510000.0,1031.39414355
2025-12-02 16:00:00,135510000.0,137330000.0,134376000.0,136806000.0,557.16583369
2025-12-02 20:00:00,136806000.0,136900000.0,135000000.0,135626000.0,383.81638655
2025-12-03 00:00:00,135683000.0,138811000.0,135200000.0,138062000.0,764.66522241
2025-12-03 04:00:00,138061000.0,140212000.0,138028000.0,138394000.0,748.14914477
2025-12-03 08:00:00,138394000.0,139049000.0,137703000.0,138498000.0,327.18022264
2025-12-03 12:00:00,138498000.0,139115000.0,136400000.0,137232000.0,603.06793373
2025-12-03 16:00:00,137342000.0,138739000.0,136511000.0,138175000.0,130.81365349
2025-12-03 20:00:00,138175000.0,139793000.0,137968000.0,138881000.0,318.54035947
2025-12-04 00:00:00,138998000.0,139769000.0,137715000.0,139254000.0,441.79340316
2025-12-04 04:00:00,139254000.0,139388000.0,138000000.0,138937000.0,261.45050383
2025-12-04 08:00:00,138937000.0,139215000.0,138048000.0,138364000.0,174.39206549
2025-12-04 12:00:00,138364000.0,138729000.0,136580000.0,138373000.0,371.97017177
2025-12-04 16:00:00,138373000.0,138545000.0,135909000.0,137456000.0,226.03621953
2025-12-04 20:00:00,137369000.0,138222000.0,136973000.0,137390000.0,149.05060697
2025-12-05 00:00:00,137447000.0,138298000.0,137230000.0,137439000.0,191.31085786
2025-12-05 04:00:00,137413000.0,137866000.0,136620000.0,137404000.0,198.59055455
2025-12-05 08:00:00,137404000.0,137501000.0,135640000.0,136373000.0,299.07928726
2025-12-05 12:00:00,136373000.0,136600000.0,134300000.0,135272000.0,612.57125657
2025-12-05 16:00:00,135272000.0,135274000.0,132000000.0,134197000.0,447.11014224
2025-12-05 20:00:00,134197000.0,134418000.0,133003000.0,133828000.0,195.99032977
2025-12-06 00:00:00,133870000.0,134500000.0,133250000.0,134470000.0,199.35532788
2025-12-06 04:00:00,134470000.0,134572000.0,134064000.0,134090000.0,84.87685738
2025-12-06 08:00:00,134143000.0,134321000.0,133567000.0,134231000.0,100.75871077
2025-12-06 12:00:00,134231000.0,134940000.0,133990000.0,134240000.0,141.67506302
2025-12-06 16:00:00,134248000.0,134620000.0,133700000.0,133919000.0,55.36643664
2025-12-06 20:00:00,133919000.0,134163000.0,133200000.0,133598000.0,93.37230664
2025-12-07 00:00:00,133601000.0,134407000.0,133497000.0,134287000.0,97.65390498
2025-12-07 04:00:00,134286000.0,134459000.0,133670000.0,133822000.0,85.18223337
2025-12-07 08:00:00,133821000.0,134056000.0,133299000.0,133467000.0,97.11906088
2025-12-07 12:00:00,133467000.0,134211000.0,131333000.0,134030000.0,457.99811234
2025-12-07 16:00:00,134036000.0,136800000.0,133328000.0,136172000.0,237.03900164
2025-12-07 20:00:00,136210000.0,136455000.0,133259000.0,135195000.0,280.40234271
2025-12-08 00:00:00,135195000.0,136789000.0,134336000.0,135789000.0,267.7389978
2025-12-08 04:00:00,135789000.0,136700000.0,135715000.0,136259000.0,177.74816802
2025-12-08 08:00:00,136260000.0,137296000.0,136200000.0,136741000.0,214.29215762
2025-12-08 12:00:00,136677000.0,137030000.0,133810000.0,134218000.0,439.01719816
2025-12-08 16:00:00,134225000.0,134802000.0,133758000.0,134293000.0,120.82618108
2025-12-08 20:00:00,134420000.0,136009000.0,134303000.0,134986000.0,164.38460372
2025-12-09 00:00:00,134975000.0,135400000.0,133800000.0,134584000.0,205.09506254
2025-12-09 04:00:00,134577000.0,134600000.0,133300000.0,134598000.0,208.62479999
2025-12-09 08:00:00,134598000.0,134622000.0,133850000.0,134449000.0,110.58558091
2025-12-09 12:00:00,134449000.0,137999000.0,133900000.0,137491000.0,370.04813757
2025-12-09 16:00:00,137491000.0,139858000.0,137470000.0,138503000.0,712.82615539
2025-12-09 20:00:00,138366000.0,138506000.0,136314000.0,137200000.0,350.25546616
2025-12-10 00:00:00,137254000.0,137466000.0,136304000.0,137116000.0,220.72418835
2025-12-10 04:00:00,137111000.0,137802000.0,137096000.0,137802000.0,159.02533297
2025-12-10 08:00:00,137775000.0,138482000.0,136500000.0,137009000.0,256.88979815
2025-12-10 12:00:00,137018000.0,137265000.0,136312000.0,136976000.0,239.77739094
2025-12-10 16:00:00,136998000.0,138506000.0,136550000.0,138106000.0,368.08048349
2025-12-10 20:00:00,138106000.0,139789000.0,136603000.0,136700000.0,463.63546488
2025-12-11 00:00:00,136702000.0,136800000.0,133364000.0,134141000.0,656.64794998
2025-12-11 04:00:00,134161000.0,134990000.0,133950000.0,134697000.0,207.16420981
2025-12-11 08:00:00,134706000.0,135047000.0,134248000.0,134700000.0,106.42216838
2025-12-11 12:00:00,134720000.0,135200000.0,133427000.0,134306000.0,273.41892784
2025-12-11 16:00:00,134296000.0,136257000.0,133514000.0,135428000.0,125.6010104
2025-12-11 20:00:00,135435000.0,138792000.0,135351000.0,137332000.0,482.07630273
2025-12-12 00:00:00,137333000.0,137709000.0,135691000.0,137081000.0,252.17657822
2025-12-12 04:00:00,137080000.0,137709000.0,136881000.0,137257000.0,148.14838888
2025-12-12 08:00:00,137273000.0,137731000.0,136980000.0,137480000.0,94.39403467
2025-12-12 12:00:00,137497000.0,137700000.0,134520000.0,134592000.0,357.47769429
2025-12-12 16:00:00,134725000.0,135636000.0,134134000.0,135144000.0,282.6765815
2025-12-12 20:00:00,135144000.0,135300000.0,134642000.0,134902000.0,113.71448988
2025-12-13 00:00:00,134930000.0,135120000.0,134505000.0,134988000.0,120.27281931
2025-12-13 04:00:00,134988000.0,135000000.0,134659000.0,134769000.0,57.20041974
2025-12-13 08:00:00,134770000.0,135091000.0,134641000.0,134676000.0,99.54616233
2025-12-13 12:00:00,134676000.0,134919000.0,134300000.0,134458000.0,127.10960542
2025-12-13 16:00:00,134459000.0,134671000.0,134350000.0,134603000.0,27.14681592
2025-12-13 20:00:00,134603000.0,134810000.0,134150000.0,134733000.0,60.78003398
2025-12-14 00:00:00,134733000.0,135000000.0,134550000.0,134600000.0,63.13491526
2025-12-14 04:00:00,134600000.0,134712000.0,134420000.0,134636000.0,69.92579141
2025-12-14 08:00:00,134636000.0,134685000.0,132700000.0,133668000.0,316.5363482
2025-12-14 12:00:00,133667000.0,133950000.0,133010000.0,133153000.0,190.93665921
2025-12-14 16:00:00,133185000.0,133600000.0,132548000.0,132700000.0,143.03643842
2025-12-14 20:00:00,132700000.0,132965000.0,131183000.0,131795000.0,375.02201187
2025-12-15 00:00:00,131797000.0,134235000.0,131590000.0,133040000.0,337.46316502
2025-12-15 04:00:00,133040000.0,133857000.0,133040000.0,133605000.0,136.97912953
2025-12-15 08:00:00,133669000.0,133776000.0,133061000.0,133217000.0,142.72653795
2025-12-15 12:00:00,133217000.0,133330000.0,129500000.0,129940000.0,727.09782075
2025-12-15 16:00:00,129940000.0,130065000.0,127602000.0,128912000.0,541.26788716
2025-12-15 20:00:00,128968000.0,129300000.0,127892000.0,129132000.0,370.70236181
2025-12-16 00:00:00,129132000.0,129138000.0,127125000.0,127691000.0,574.15367406
2025-12-16 04:00:00,127691000.0,129012000.0,127000000.0,128153000.0,306.78800981
2025-12-16 08:00:00,128153000.0,130150000.0,127989000.0,130001000.0,336.48844944
2025-12-16 12:00:00,130001000.0,131100000.0,128129000.0,130870000.0,423.11266533
2025-12-16 16:00:00,130869000.0,130900000.0,129600000.0,130380000.0,96.9229425
2025-12-16 20:00:00,130359000.0,130783000.0,130005000.0,130682000.0,100.20472465
2025-12-17 00:00:00,130682000.0,130682000.0,129902000.0,129990000.0,162.1966566
2025-12-17 04:00:00,129990000.0,130224000.0,128490000.0,129755000.0,226.79896045
2025-12-17 08:00:00,129752000.0,129770000.0,128700000.0,129579000.0,173.40297416
2025-12-17 12:00:00,129579000.0,134100000.0,129321000.0,130075000.0,678.83012601
2025-12-17 16:00:00,130074000.0,130780000.0,127633000.0,128691000.0,319.61141751
2025-12-17 20:00:00,128691000.0,129044000.0,128089000.0,128680000.0,204.77632077
2025-12-18 00:00:00,128680000.0,129300000.0,128083000.0,129000000.0,273.57753032
2025-12-18 04:00:00,128991000.0,129424000.0,128735000.0,129320000.0,204.61171974
2025-12-18 08:00:00,129299000.0,130150000.0,129131000.0,129857000.0,187.54425056
2025-12-18 12:00:00,129857000.0,132900000.0,129678000.0,131475000.0,761.58115884
2025-12-18 16:00:00,131475000.0,131475000.0,126327000.0,126376000.0,530.18499333
2025-12-18 20:00:00,126378000.0,127829000.0,126226000.0,127135000.0,383.17915276
2025-12-19 00:00:00,127233000.0,130875000.0,126551000.0,129417000.0,728.59040755
2025-12-19 04:00:00,129418000.0,131610000.0,128977000.0,131022000.0,474.22267867
2025-12-19 08:00:00,131022000.0,131500000.0,130671000.0,131300000.0,198.43818809
2025-12-19 12:00:00,131302000.0,132770000.0,130283000.0,130941000.0,395.82386917
2025-12-19 16:00:00,130939000.0,132004000.0,129330000.0,130608000.0,202.75514748
2025-12-19 20:00:00,130680000.0,131574000.0,130399000.0,131223000.0,122.08089795
2025-12-20 00:00:00,131223000.0,131802000.0,131058000.0,131628000.0,131.10550814
2025-12-20 04:00:00,131635000.0,132189000.0,131417000.0,131641000.0,136.04643803
2025-12-20 08:00:00,131641000.0,131855000.0,131217000.0,131558000.0,92.77633139
2025-12-20 12:00:00,131558000.0,131606000.0,130767000.0,131248000.0,96.77009521
2025-12-20 16:00:00,131248000.0,131600000.0,131119000.0,131455000.0,32.86784945
2025-12-20 20:00:00,131455000.0,131650000.0,131368000.0,131469000.0,44.38643239
2025-12-21 00:00:00,131526000.0,131648000.0,130659000.0,131117000.0,97.63023455
2025-12-21 04:00:00,131117000.0,131243000.0,130990000.0,131236000.0,43.36223593
2025-12-21 08:00:00,131219000.0,132478000.0,131197000.0,132017000.0,169.90909792
2025-12-21 12:00:00,132017000.0,132486000.0,130399000.0,131211000.0,295.72797108
2025-12-21 16:00:00,131211000.0,131746000.0,131028000.0,131708000.0,40.0958663
2025-12-21 20:00:00,131708000.0,132087000.0,131191000.0,131860000.0,85.63136886
2025-12-22 00:00:00,131859000.0,133260000.0,131050000.0,132162000.0,356.04610449
2025-12-22 04:00:00,132170000.0,132720000.0,132096000.0,132670000.0,137.71336596
2025-12-22 08:00:00,132660000.0,134000000.0,132639000.0,133988000.0,324.24548256
2025-12-22 12:00:00,133967000.0,134750000.0,132892000.0,133505000.0,453.43539606
2025-12-22 16:00:00,133505000.0,134100000.0,131300000.0,131446000.0,150.49442945
2025-12-22 20:00:00,131445000.0,132450000.0,131273000.0,132200000.0,185.54187799
2025-12-23 00:00:00,132201000.0,132618000.0,131070000.0,131650000.0,209.50561322
2025-12-23 04:00:00,131669000.0,131841000.0,129777000.0,130616000.0,392.9250638
2025-12-23 08:00:00,130616000.0,130984000.0,130050000.0,130952000.0,122.99205946
2025-12-23 12:00:00,130960000.0,131165000.0,129380000.0,130512000.0,281.05986171
2025-12-23 16:00:00,130512000.0,131476000.0,130074000.0,130912000.0,131.7503969
2025-12-23 20:00:00,130912000.0,131600000.0,130172000.0,130451000.0,113.53881659
2025-12-24 00:00:00,130451000.0,130550000.0,128879000.0,129488000.0,390.00361882
2025-12-24 04:00:00,129488000.0,129489000.0,128260000.0,128662000.0,282.33458535
2025-12-24 08:00:00,128662000.0,129020000.0,128043000.0,128890000.0,179.58174809
2025-12-24 12:00:00,128890000.0,129206000.0,127900000.0,128637000.0,258.37944083
2025-12-24 16:00:00,128637000.0,129377000.0,128498000.0,129149000.0,65.8915471
2025-12-24 20:00:00,129125000.0,129794000.0,129119000.0,129236000.0,57.43870987
2025-12-25 00:00:00,129236000.0,129784000.0,129110000.0,129600000.0,111.34312252
2025-12-25 04:00:00,129600000.0,129600000.0,129111000.0,129280000.0,73.12352292
2025-12-25 08:00:00,129280000.0,129370000.0,128550000.0,128854000.0,105.58180453
2025-12-25 12:00:00,128854000.0,130200000.0,128698000.0,129959000.0,167.5129047
2025-12-25 16:00:00,129959000.0,130092000.0,129262000.0,129390000.0,82.92136958
2025-12-25 20:00:00,129390000.0,129422000.0,128100000.0,128498000.0,133.28231952
2025-12-26 00:00:00,128497000.0,130800000.0,128112000.0,129405000.0,381.66185554
2025-12-26 04:00:00,129405000.0,130655000.0,128986000.0,129220000.0,234.7842486
2025-12-26 08:00:00,129261000.0,130000000.0,129219000.0,129409000.0,142.75322084
2025-12-26 12:00:00,129411000.0,130100000.0,127439000.0,127978000.0,447.329911
2025-12-26 16:00:00,127978000.0,128413000.0,127501000.0,128315000.0,131.98920492
2025-12-26 20:00:00,128315000.0,128620000.0,128115000.0,128152000.0,78.41049201
2025-12-27 00:00:00,128149000.0,128356000.0,128050000.0,128205000.0,78.53362591
2025-12-27 04:00:00,128205000.0,128301000.0,128142000.0,128151000.0,45.68954877
2025-12-27 08:00:00,128151000.0,128287000.0,128000000.0,128047000.0,69.83749084
2025-12-27 12:00:00,128034000.0,128089000.0,127713000.0,128000000.0,92.09493261
2025-12-27 16:00:00,128000000.0,128098000.0,127999000.0,128056000.0,16.4986028
2025-12-27 20:00:00,128056000.0,128396000.0,127800000.0,128298000.0,79.61436821
2025-12-28 00:00:00,128298000.0,128385000.0,128100000.0,128204000.0,60.7980411
2025-12-28 04:00:00,128204000.0,128213000.0,128018000.0,128041000.0,45.73169009
2025-12-28 08:00:00,128041000.0,128332000.0,128002000.0,128177000.0,56.30100581
2025-12-28 12:00:00,128185000.0,128260000.0,128000000.0,128097000.0,66.29361381
2025-12-28 16:00:00,128097000.0,128131000.0,127591000.0,127689000.0,79.05393371
2025-12-28 20:00:00,127697000.0,128124000.0,127522000.0,127914000.0,106.71366245
2025-12-29 00:00:00,127914000.0,130350000.0,127541000.0,130349000.0,418.18502879
2025-12-29 04:00:00,130349000.0,130575000.0,129333000.0,129524000.0,309.31764783
2025-12-29 08:00:00,129524000.0,129808000.0,127489000.0,127489000.0,404.67386127
2025-12-29 12:00:00,127488000.0,128100000.0,126500000.0,127542000.0,439.66038931
2025-12-29 16:00:00,127558000.0,127860000.0,127144000.0,127182000.0,62.09745933
2025-12-29 20:00:00,127180000.0,127499000.0,126909000.0,127161000.0,82.22869136
2025-12-30 00:00:00,127161000.0,127165000.0,126356000.0,126998000.0,268.44024516
2025-12-30 04:00:00,126998000.0,127580000.0,126650000.0,127511000.0,132.94447971
2025-12-30 08:00:00,127511000.0,128484000.0,127509000.0,127746000.0,225.98178389
2025-12-30 12:00:00,127746000.0,129300000.0,127746000.0,129159000.0,269.33663768
2025-12-30 16:00:00,129159000.0,129602000.0,127800000.0,128172000.0,116.96234878
2025-12-30 20:00:00,128172000.0,128650000.0,127670000.0,128570000.0,79.93538318
2025-12-31 00:00:00,128570000.0,128820000.0,128160000.0,128408000.0,154.81052826
2025-12-31 04:00:00,128408000.0,128733000.0,128239000.0,128561000.0,95.36859672
2025-12-31 08:00:00,128560000.0,129211000.0,128460000.0,129167000.0,148.44271984
2025-12-31 12:00:00,129167000.0,129190000.0,127746000.0,128061000.0,246.54714874
2025-12-31 16:00:00,128061000.0,128262000.0,127501000.0,127884000.0,63.6795863
2025-12-31 20:00:00,127884000.0,128230000.0,127868000.0,128067000.0,58.09044696
2026-01-01 00:00:00,128000000.0,128568000.0,127997000.0,128355000.0,110.27728199
2026-01-01 04:00:00,128356000.0,128390000.0,127864000.0,127904000.0,98.86706556
2026-01-01 08:00:00,127904000.0,128256000.0,127902000.0,128139000.0,48.27901166
2026-01-01 12:00:00,128139000.0,128143000.0,127887000.0,128032000.0,71.27893336
2026-01-01 16:00:00,128032000.0,128625000.0,127913000.0,128365000.0,52.23992398
2026-01-01 20:00:00,128365000.0,128943000.0,128191000.0,128830000.0,102.32548858
2026-01-02 00:00:00,128830000.0,129166000.0,128321000.0,128966000.0,191.55455084
2026-01-02 04:00:00,129001000.0,129200000.0,128636000.0,128911000.0,151.09194663
2026-01-02 08:00:00,128911000.0,130446000.0,128909000.0,129893000.0,311.24441761
2026-01-02 12:00:00,129893000.0,130550000.0,128550000.0,129457000.0,379.27467097
2026-01-02 16:00:00,129493000.0,131400000.0,129222000.0,129972000.0,296.24588235
2026-01-02 20:00:00,129987000.0,130600000.0,129701000.0,130150000.0,173.82828451
2026-01-03 00:00:00,130151000.0,130995000.0,130072000.0,130842000.0,182.38441024
2026-01-03 04:00:00,130842000.0,130956000.0,129290000.0,129488000.0,215.75295864
2026-01-03 08:00:00,129488000.0,130199000.0,129430000.0,129907000.0,107.51146919
2026-01-03 12:00:00,129907000.0,130700000.0,129841000.0,130291000.0,106.36458916
2026-01-03 16:00:00,130290000.0,130605000.0,130144000.0,130425000.0,41.39509702
2026-01-03 20:00:00,130425000.0,131103000.0,130331000.0,131077000.0,124.46217558
2026-01-04 00:00:00,131077000.0,132244000.0,131060000.0,132050000.0,297.20824338
2026-01-04 04:00:00,132074000.0,132880000.0,132002000.0,132452000.0,251.84196743
2026-01-04 08:00:00,132450000.0,132630000.0,132099000.0,132105000.0,128.90861613
2026-01-04 12:00:00,132105000.0,132253000.0,131753000.0,132095000.0,152.29317339
2026-01-04 16:00:00,132095000.0,132250000.0,131621000.0,131961000.0,52.76793658
2026-01-04 20:00:00,131965000.0,132386000.0,131882000.0,132386000.0,80.71913196
2026-01-05 00:00:00,132386000.0,135166000.0,132364000.0,134882000.0,666.36703662
2026-01-05 04:00:00,134882000.0,134899000.0,133700000.0,134260000.0,235.19670324
2026-01-05 08:00:00,134266000.0,135600000.0,134240000.0,135592000.0,249.79898821
2026-01-05 12:00:00,135592000.0,136498000.0,134702000.0,136497000.0,424.08578863
2026-01-05 16:00:00,136497000.0,136930000.0,135694000.0,136604000.0,216.68311195
2026-01-05 20:00:00,136604000.0,136950000.0,135762000.0,136074000.0,274.14283473
2026-01-06 00:00:00,136074000.0,136405000.0,135200000.0,135702000.0,381.14776887
2026-01-06 04:00:00,135702000.0,136001000.0,134762000.0,135001000.0,259.88983135
2026-01-06 08:00:00,135002000.0,136212000.0,134885000.0,136174000.0,165.29715898
2026-01-06 12:00:00,136150000.0,136800000.0,135600000.0,135876000.0,307.13861682
2026-01-06 16:00:00,135896000.0,136100000.0,133182000.0,134270000.0,360.29477197
2026-01-06 20:00:00,134269000.0,136300000.0,134201000.0,136299000.0,226.83960452
2026-01-07 00:00:00,136299000.0,136299000.0,134119000.0,134732000.0,314.90877421
2026-01-07 04:00:00,134732000.0,134900000.0,134354000.0,134847000.0,113.03440909
2026-01-07 08:00:00,134900000.0,135064000.0,133600000.0,134206000.0,227.70700127
2026-01-07 12:00:00,134209000.0,134300000.0,132899000.0,133134000.0,334.6918552
2026-01-07 16:00:00,133134000.0,133599000.0,132500000.0,132928000.0,151.18495862
2026-01-07 20:00:00,132928000.0,133151000.0,132500000.0,132939000.0,162.23513481
2026-01-08 00:00:00,132939000.0,133515000.0,132300000.0,132322000.0,253.62201809
2026-01-08 04:00:00,132329000.0,132978000.0,131072000.0,132215000.0,339.20415344
2026-01-08 08:00:00,132139000.0,132436000.0,131110000.0,131781000.0,160.16164618
2026-01-08 12:00:00,131780000.0,132755000.0,130777000.0,132755000.0,245.1023927
2026-01-08 16:00:00,132755000.0,133407000.0,132000000.0,132739000.0,100.51603276
2026-01-08 20:00:00,132860000.0,133750000.0,132521000.0,133174000.0,116.48475934
2026-01-09 00:00:00,133200000.0,133896000.0,132800000.0,133368000.0,152.76957162
2026-01-09 04:00:00,133368000.0,133378000.0,133000000.0,133000000.0,67.75461714
2026-01-09 08:00:00,133000000.0,133064000.0,131770000.0,132660000.0,146.28897745
2026-01-09 12:00:00,132660000.0,134809000.0,132173000.0,133876000.0,281.92039113
2026-01-09 16:00:00,133899000.0,134469000.0,132938000.0,133176000.0,135.93068389
2026-01-09 20:00:00,133176000.0,133577000.0,132932000.0,133451000.0,54.96976399
2026-01-10 00:00:00,133449000.0,133671000.0,133261000.0,133497000.0,70.70449604
2026-01-10 04:00:00,133498000.0,133530000.0,133200000.0,133529000.0,44.99950676
2026-01-10 08:00:00,133529000.0,133895000.0,133518000.0,133699000.0,60.861238
2026-01-10 12:00:00,133699000.0,133790000.0,133499000.0,133609000.0,48.77805297
2026-01-10 16:00:00,133609000.0,133697000.0,133443000.0,133500000.0,22.91348714
2026-01-10 20:00:00,133490000.0,133633000.0,133300000.0,133503000.0,36.1657172
2026-01-11 00:00:00,133503000.0,133797000.0,133350000.0,133628000.0,55.49849362
2026-01-11 04:00:00,133628000.0,133844000.0,133537000.0,133577000.0,56.64344287
2026-01-11 08:00:00,133577000.0,133760000.0,133369000.0,133399000.0,59.09709229
2026-01-11 12:00:00,133399000.0,133900000.0,133365000.0,133679000.0,84.86452149
2026-01-11 16:00:00,133679000.0,134250000.0,133500000.0,133509000.0,61.55048706
2026-01-11 20:00:00,133515000.0,134122000.0,133106000.0,133702000.0,103.84278719
2026-01-12 00:00:00,133751000.0,136000000.0,133560000.0,135249000.0,424.45722873
2026-01-12 04:00:00,135249000.0,135909000.0,134644000.0,134646000.0,227.23880826
2026-01-12 08:00:00,134646000.0,135002000.0,133286000.0,133929000.0,259.89248283
2026-01-12 12:00:00,133900000.0,134845000.0,133200000.0,134826000.0,185.23167386
2026-01-12 16:00:00,134826000.0,135642000.0,134100000.0,135117000.0,139.57217646
2026-01-12 20:00:00,135183000.0,135400000.0,134110000.0,134602000.0,78.63862902
2026-01-13 00:00:00,134602000.0,135061000.0,134321000.0,134853000.0,162.65950547
2026-01-13 04:00:00,134851000.0,135948000.0,134800000.0,135580000.0,249.02532237
2026-01-13 08:00:00,135580000.0,136450000.0,135517000.0,135541000.0,208.09376147
2026-01-13 12:00:00,135539000.0,137342000.0,135400000.0,137342000.0,377.6424792
2026-01-13 16:00:00,137337000.0,138205000.0,136900000.0,138204000.0,246.68587149
2026-01-13 20:00:00,138204000.0,140670000.0,138070000.0,139968000.0,716.02211214
2026-01-14 00:00:00,139946000.0,140500000.0,139500000.0,140493000.0,387.47187483
2026-01-14 04:00:00,140490000.0,140500000.0,138800000.0,139679000.0,321.89734814
2026-01-14 08:00:00,139680000.0,139909000.0,139000000.0,139003000.0,170.78551983
2026-01-14 12:00:00,139003000.0,142000000.0,138900000.0,141603000.0,516.48131509
2026-01-14 16:00:00,141601000.0,142856000.0,141150000.0,142300000.0,299.57336479
2026-01-14 20:00:00,142332000.0,143050000.0,142000000.0,142160000.0,284.66768485
2026-01-15 00:00:00,142160000.0,142160000.0,140730000.0,140939000.0,341.8798383
2026-01-15 04:00:00,140939000.0,141997000.0,140898000.0,141826000.0,162.72598909
2026-01-15 08:00:00,141826000.0,142815000.0,141502000.0,141774000.0,250.42960425
2026-01-15 12:00:00,141726000.0,142507000.0,140600000.0,142366000.0,370.47369817
2026-01-15 16:00:00,142366000.0,142578000.0,140500000.0,140809000.0,182.50730325
2026-01-15 20:00:00,140807000.0,141400000.0,140400000.0,140907000.0,131.12551444
2026-01-16 00:00:00,140907000.0,141346000.0,140436000.0,140438000.0,195.61565481
2026-01-16 04:00:00,140437000.0,141155000.0,140164000.0,141031000.0,203.20677911
2026-01-16 08:00:00,141031000.0,141322000.0,140522000.0,140804000.0,114.7213086
2026-01-16 12:00:00,140801000.0,141313000.0,139800000.0,140111000.0,247.31799249
2026-01-16 16:00:00,140197000.0,140691000.0,139960000.0,140358000.0,53.16303249
2026-01-16 20:00:00,140314000.0,141100000.0,140012000.0,141083000.0,82.63900212
2026-01-17 00:00:00,141087000.0,141250000.0,140780000.0,140905000.0,101.65881282
2026-01-17 04:00:00,140905000.0,140982000.0,140478000.0,140481000.0,69.21227086
2026-01-17 08:00:00,140479000.0,140749000.0,140409000.0,140744000.0,63.02414198
2026-01-17 12:00:00,140744000.0,141115000.0,140575000.0,141100000.0,104.4339988
2026-01-17 16:00:00,141105000.0,141115000.0,140650000.0,140704000.0,39.02563897
2026-01-17 20:00:00,140719000.0,140845000.0,140460000.0,140527000.0,51.71751325
2026-01-18 00:00:00,140526000.0,140825000.0,140250000.0,140799000.0,90.07451313
2026-01-18 04:00:00,140754000.0,140901000.0,140595000.0,140641000.0,54.21255053
2026-01-18 08:00:00,140641000.0,140894000.0,140600000.0,140788000.0,58.59898479
2026-01-18 12:00:00,140787000.0,140968000.0,140370000.0,140684000.0,117.50565156
2026-01-18 16:00:00,140684000.0,141100000.0,140634000.0,141008000.0,33.98174115
2026-01-18 20:00:00,141030000.0,141200000.0,138894000.0,138940000.0,287.86357796
2026-01-19 00:00:00,138944000.0,138993000.0,137000000.0,137750000.0,765.54965771
2026-01-19 04:00:00,137784000.0,137800000.0,137205000.0,137603000.0,177.01226679
2026-01-19 08:00:00,137603000.0,138550000.0,137474000.0,138299000.0,145.97484761
2026-01-19 12:00:00,138299000.0,138299000.0,137251000.0,137753000.0,158.27358587
2026-01-19 16:00:00,137753000.0,138131000.0,137600000.0,137952000.0,47.22577432
2026-01-19 20:00:00,137892000.0,138245000.0,136590000.0,137010000.0,180.75844986
2026-01-20 00:00:00,137010000.0,137650000.0,136729000.0,137192000.0,202.59151089
2026-01-20 04:00:00,137193000.0,137242000.0,134682000.0,135129000.0,542.83150548
2026-01-20 08:00:00,135273000.0,135491000.0,134500000.0,135181000.0,306.92940339
2026-01-20 12:00:00,135181000.0,135424000.0,133783000.0,134880000.0,394.78326581
2026-01-20 16:00:00,134880000.0,135099000.0,133000000.0,133520000.0,252.75200978
2026-01-20 20:00:00,133517000.0,133800000.0,131118000.0,131849000.0,550.49369966
2026-01-21 00:00:00,131849000.0,133100000.0,131602000.0,132741000.0,439.42517565
2026-01-21 04:00:00,132741000.0,133765000.0,132201000.0,132304000.0,255.54334824
2026-01-21 08:00:00,132387000.0,132988000.0,131770000.0,131770000.0,165.2243297
2026-01-21 12:00:00,131771000.0,134345000.0,131020000.0,133803000.0,588.59291046
2026-01-21 16:00:00,133803000.0,133998000.0,130000000.0,133888000.0,389.43977128
2026-01-21 20:00:00,133977000.0,134000000.0,132211000.0,132505000.0,226.55648693
2026-01-22 00:00:00,132505000.0,133730000.0,132381000.0,133195000.0,212.831406
2026-01-22 04:00:00,133195000.0,133700000.0,133112000.0,133180000.0,109.687352
2026-01-22 08:00:00,133180000.0,133899000.0,133113000.0,133651000.0,96.6510457
2026-01-22 12:00:00,133651000.0,134069000.0,131786000.0,132304000.0,276.97592419
2026-01-22 16:00:00,132327000.0,133360000.0,131820000.0,133269000.0,84.94143495
2026-01-22 20:00:00,133272000.0,133452000.0,132301000.0,132864000.0,90.29825197
2026-01-23 00:00:00,132864000.0,133307000.0,132721000.0,133227000.0,134.06470117
2026-01-23 04:00:00,133227000.0,133546000.0,132629000.0,132871000.0,133.94896696
2026-01-23 08:00:00,132871000.0,132943000.0,132000000.0,132441000.0,123.14388521
2026-01-23 12:00:00,132442000.0,133490000.0,131801000.0,133254000.0,177.51894477
2026-01-23 16:00:00,133254000.0,134741000.0,131978000.0,132366000.0,292.95763366
2026-01-23 20:00:00,132360000.0,132684000.0,131568000.0,131961000.0,129.95143783
2026-01-24 00:00:00,131906000.0,132440000.0,131800000.0,132232000.0,94.7424041
2026-01-24 04:00:00,132223000.0,132373000.0,132000000.0,132140000.0,59.01285333
2026-01-24 08:00:00,132139000.0,132238000.0,132057000.0,132091000.0,44.7378339
2026-01-24 12:00:00,132090000.0,132129000.0,131700000.0,131850000.0,74.16499672
2026-01-24 16:00:00,131849000.0,132100000.0,131700000.0,131930000.0,30.96218662
2026-01-24 20:00:00,131931000.0,132036000.0,131643000.0,131644000.0,66.66932011
2026-01-25 00:00:00,131644000.0,131880000.0,131193000.0,131350000.0,124.81810044
2026-01-25 04:00:00,131350000.0,131544000.0,130619000.0,130684000.0,171.97066222
2026-01-25 08:00:00,130684000.0,130919000.0,130101000.0,130409000.0,205.29757973
2026-01-25 12:00:00,130408000.0,131132000.0,130300000.0,130594000.0,124.23714195
2026-01-25 16:00:00,130502000.0,130596000.0,128335000.0,128800000.0,420.56942813
2026-01-25 20:00:00,128800000.0,129394000.0,128000000.0,128500000.0,498.06205725
2026-01-26 00:00:00,128500000.0,129430000.0,128033000.0,128147000.0,416.78686187
2026-01-26 04:00:00,128146000.0,128848000.0,128131000.0,128820000.0,228.38230017
2026-01-26 08:00:00,128763000.0,129200000.0,128052000.0,128442000.0,201.32309995
2026-01-26 12:00:00,128442000.0,129900000.0,128013000.0,128335000.0,313.31844621
2026-01-26 16:00:00,128394000.0,129643000.0,127800000.0,128867000.0,199.15687845
2026-01-26 20:00:00,128867000.0,129794000.0,128300000.0,129474000.0,150.27924084
2026-01-27 00:00:00,129474000.0,130256000.0,129323000.0,129865000.0,205.86749267
2026-01-27 04:00:00,129900000.0,130120000.0,129084000.0,129171000.0,147.6936556
2026-01-27 08:00:00,129183000.0,129313000.0,128369000.0,128778000.0,150.0572345
2026-01-27 12:00:00,128778000.0,129218000.0,128041000.0,128539000.0,189.4677966
2026-01-27 16:00:00,128575000.0,129660000.0,127800000.0,128942000.0,198.90779019
2026-01-27 20:00:00,128998000.0,130349000.0,128942000.0,129687000.0,227.31455099
2026-01-28 00:00:00,129690000.0,129998000.0,128800000.0,128928000.0,202.21832765
2026-01-28 04:00:00,128928000.0,129190000.0,128423000.0,128816000.0,169.28513498
2026-01-28 08:00:00,128819000.0,130450000.0,128652000.0,130433000.0,156.12128671
2026-01-28 12:00:00,130402000.0,130782000.0,129099000.0,129800000.0,287.07412887
2026-01-28 16:00:00,129800000.0,131300000.0,129302000.0,129799000.0,129.29846797
2026-01-28 20:00:00,129787000.0,130400000.0,129043000.0,129079000.0,168.77491712
2026-01-29 00:00:00,129051000.0,129080000.0,127401000.0,127632000.0,476.25739827
2026-01-29 04:00:00,127627000.0,128186000.0,127398000.0,128085000.0,199.43222355
2026-01-29 08:00:00,128000000.0,128186000.0,127400000.0,127623000.0,163.22927413
2026-01-29 12:00:00,127623000.0,127913000.0,124059000.0,124616000.0,1031.73002483
2026-01-29 16:00:00,124616000.0,125343000.0,122734000.0,123462000.0,655.55060472
2026-01-29 20:00:00,123468000.0,124524000.0,123100000.0,124287000.0,345.53028562
2026-01-30 00:00:00,124258000.0,124366000.0,119100000.0,121434000.0,1781.40844857
2026-01-30 04:00:00,121420000.0,122247000.0,120159000.0,121349000.0,514.09628932
2026-01-30 08:00:00,121309000.0,122146000.0,120633000.0,122000000.0,264.0931743
2026-01-30 12:00:00,122000000.0,123186000.0,121246000.0,122260000.0,411.71413732
2026-01-30 16:00:00,122260000.0,124822000.0,121300000.0,124391000.0,270.41125086
2026-01-30 20:00:00,124391000.0,125300000.0,123595000.0,125210000.0,337.51602918
2026-01-31 00:00:00,125210000.0,125220000.0,124238000.0,124445000.0,201.18735799
2026-01-31 04:00:00,124470000.0,124661000.0,123501000.0,123634000.0,150.33948467
2026-01-31 08:00:00,123634000.0,123746000.0,122358000.0,122670000.0,245.17077506
2026-01-31 12:00:00,122670000.0,122893000.0,120345000.0,120794000.0,615.71945371
2026-01-31 16:00:00,120799000.0,121949000.0,115000000.0,115997000.0,1665.24315154
2026-01-31 20:00:00,116008000.0,118250000.0,114971000.0,117616000.0,829.37129985
2026-02-01 00:00:00,117616000.0,118500000.0,116382000.0,117097000.0,696.69950572
2026-02-01 04:00:00,117097000.0,117517000.0,115550000.0,115821000.0,472.32751503
2026-02-01 08:00:00,115821000.0,117495000.0,115690000.0,116373000.0,405.42828547
2026-02-01 12:00:00,116373000.0,116373000.0,113595000.0,114567000.0,851.38072267
2026-02-01 16:00:00,114571000.0,115632000.0,113680000.0,113893000.0,291.29662732
2026-02-01 20:00:00,113893000.0,114606000.0,112000000.0,113416000.0,846.3677019
2026-02-02 00:00:00,113416000.0,115619000.0,110638000.0,112860000.0,1279.94797778
2026-02-02 04:00:00,112860000.0,113920000.0,110930000.0,113478000.0,800.25820734
2026-02-02 08:00:00,113478000.0,115328000.0,113431000.0,114950000.0,485.42552218
2026-02-02 12:00:00,114950000.0,117301000.0,114941000.0,116793000.0,675.92445222
2026-02-02 16:00:00,116830000.0,117350000.0,115771000.0,115901000.0,202.71777916
2026-02-02 20:00:00,115901000.0,117200000.0,115289000.0,116997000.0,237.63454149
2026-02-03 00:00:00,116932000.0,117316000.0,114700000.0,116229000.0,446.01314861
2026-02-03 04:00:00,116229000.0,116451000.0,115000000.0,116024000.0,221.33820346
2026-02-03 08:00:00,116024000.0,116400000.0,115200000.0,115382000.0,195.64542361
2026-02-03 12:00:00,115336000.0,115798000.0,113771000.0,115202000.0,389.00582947
2026-02-03 16:00:00,115246000.0,115246000.0,108800000.0,111353000.0,1314.07260568
2026-02-03 20:00:00,111351000.0,113790000.0,110700000.0,111882000.0,577.4483248
2026-02-04 00:00:00,111882000.0,113470000.0,111500000.0,113189000.0,424.28800428
2026-02-04 04:00:00,113197000.0,113215000.0,112393000.0,112885000.0,216.94227472
2026-02-04 08:00:00,112885000.0,112940000.0,111899000.0,112340000.0,276.39559318
2026-02-04 12:00:00,112384000.0,112540000.0,109168000.0,109528000.0,923.14280284
2026-02-04 16:00:00,109528000.0,109738000.0,107115000.0,109145000.0,776.00363247
2026-02-04 20:00:00,109174000.0,109492000.0,106510000.0,107867000.0,887.62337138
2026-02-05 00:00:00,107867000.0,108262000.0,104778000.0,104830000.0,1466.49821657
2026-02-05 04:00:00,104830000.0,105221000.0,103333000.0,104201000.0,1380.63497392
2026-02-05 08:00:00,104203000.0,105911000.0,102805000.0,103239000.0,887.20516896
2026-02-05 12:00:00,103239000.0,103615000.0,98731000.0,99388000.0,3214.04986878
2026-02-05 16:00:00,99423000.0,101000000.0,96177000.0,96214000.0,1645.88410666
2026-02-05 20:00:00,96214000.0,96781000.0,92039000.0,92920000.0,3961.8911637
2026-02-06 00:00:00,92894000.0,98385000.0,89000000.0,95273000.0,4992.36931116
2026-02-06 04:00:00,95273000.0,99471000.0,94966000.0,96423000.0,1532.15263859
2026-02-06 08:00:00,96437000.0,98817000.0,95911000.0,98716000.0,1336.31867141
2026-02-06 12:00:00,98706000.0,102890000.0,97910000.0,101854000.0,2332.89760742
2026-02-06 16:00:00,101854000.0,105994000.0,101537000.0,104584000.0,1543.01932098
2026-02-06 20:00:00,104584000.0,106801000.0,103500000.0,104990000.0,1030.1523348
2026-02-07 00:00:00,104995000.0,105368000.0,102922000.0,105306000.0,1114.27861489
2026-02-07 04:00:00,105306000.0,106500000.0,99599000.0,100811000.0,1881.78653925
2026-02-07 08:00:00,100811000.0,101898000.0,99804000.0,100418000.0,731.94720302
2026-02-07 12:00:00,100494000.0,103505000.0,100304000.0,102337000.0,738.13202864
2026-02-07 16:00:00,102337000.0,103364000.0,101612000.0,102706000.0,251.3756775
2026-02-07 20:00:00,102762000.0,103185000.0,101775000.0,102617000.0,196.67668081
2026-02-08 00:00:00,102602000.0,103200000.0,102063000.0,102460000.0,304.86453635
2026-02-08 04:00:00,102460000.0,103351000.0,102154000.0,103349000.0,189.02475337
2026-02-08 08:00:00,103349000.0,105631000.0,103063000.0,105343000.0,787.10991451
2026-02-08 12:00:00,105353000.0,106430000.0,105040000.0,105742000.0,703.76023492
2026-02-08 16:00:00,105742000.0,106100000.0,104500000.0,105993000.0,184.22105042
2026-02-08 20:00:00,106000000.0,107047000.0,104104000.0,104587000.0,485.84406632
2026-02-09 00:00:00,104597000.0,105979000.0,104109000.0,105845000.0,467.73406868
2026-02-09 04:00:00,105843000.0,105849000.0,104453000.0,104617000.0,255.53947739
2026-02-09 08:00:00,104617000.0,104823000.0,101337000.0,102264000.0,804.30841457
2026-02-09 12:00:00,102300000.0,103500000.0,101300000.0,102995000.0,590.44835136
2026-02-09 16:00:00,102915000.0,104887000.0,102209000.0,104706000.0,263.9275514
2026-02-09 20:00:00,104624000.0,104870000.0,103060000.0,103479000.0,234.30089282
2026-02-10 00:00:00,103479000.0,104188000.0,102295000.0,102851000.0,344.1183455
2026-02-10 04:00:00,102851000.0,103360000.0,101900000.0,102342000.0,330.01713854
2026-02-10 08:00:00,102342000.0,102998000.0,101700000.0,101815000.0,266.91758003
2026-02-10 12:00:00,101815000.0,103270000.0,101000000.0,102668000.0,610.48956528
2026-02-10 16:00:00,102711000.0,103600000.0,101900000.0,102500000.0,164.4097676
2026-02-10 20:00:00,102549000.0,102622000.0,101600000.0,102136000.0,163.36550213
2026-02-11 00:00:00,102136000.0,102702000.0,100885000.0,100950000.0,331.16369661
2026-02-11 04:00:00,100950000.0,101200000.0,98500000.0,99341000.0,1165.20662952
2026-02-11 08:00:00,99341000.0,99509000.0,98106000.0,99190000.0,463.00806422
2026-02-11 12:00:00,99190000.0,101845000.0,97763000.0,98505000.0,1077.75928558
2026-02-11 16:00:00,98561000.0,100100000.0,97712000.0,99802000.0,344.88563679
2026-02-11 20:00:00,99802000.0,100896000.0,98708000.0,99166000.0,298.89515659
2026-02-12 00:00:00,99162000.0,100367000.0,99072000.0,99412000.0,306.0733927
2026-02-12 04:00:00,99412000.0,99492000.0,98001000.0,98794000.0,298.9971641
2026-02-12 08:00:00,98795000.0,99985000.0,98300000.0,99827000.0,329.35916524
2026-02-12 12:00:00,99849000.0,100264000.0,98320000.0,98429000.0,393.87103408
2026-02-12 16:00:00,98429000.0,98547000.0,96001000.0,96753000.0,650.37313815
2026-02-12 20:00:00,96769000.0,97756000.0,96000000.0,97328000.0,327.35183817
2026-02-13 00:00:00,97327000.0,97932000.0,96700000.0,97575000.0,373.43813808
2026-02-13 04:00:00,97543000.0,97672000.0,96801000.0,97154000.0,285.38485726
2026-02-13 08:00:00,97154000.0,98821000.0,97120000.0,98716000.0,314.52007937
2026-02-13 12:00:00,98716000.0,101606000.0,98205000.0,100735000.0,785.3388796
2026-02-13 16:00:00,100741000.0,101663000.0,100524000.0,100927000.0,319.71579702
2026-02-13 20:00:00,100955000.0,101063000.0,100425000.0,100786000.0,179.2206083
2026-02-14 00:00:00,100799000.0,101450000.0,100560000.0,101216000.0,279.99641884
2026-02-14 04:00:00,101215000.0,101807000.0,100841000.0,101700000.0,184.21502113
2026-02-14 08:00:00,101736000.0,104134000.0,101700000.0,104060000.0,656.14322877
2026-02-14 12:00:00,104060000.0,104195000.0,101900000.0,102820000.0,594.41382557
2026-02-14 16:00:00,102820000.0,102851000.0,101981000.0,102553000.0,146.12350984
2026-02-14 20:00:00,102631000.0,103251000.0,102457000.0,102850000.0,201.02787808
2026-02-15 00:00:00,102864000.0,103006000.0,102000000.0,102890000.0,314.3254081
2026-02-15 04:00:00,102874000.0,104700000.0,102854000.0,104617000.0,491.4656367
2026-02-15 08:00:00,104608000.0,105000000.0,103505000.0,103616000.0,446.47061769
2026-02-15 12:00:00,103619000.0,103695000.0,101501000.0,102019000.0,558.90298316
2026-02-15 16:00:00,102107000.0,102131000.0,100853000.0,101164000.0,232.50124952
2026-02-15 20:00:00,101167000.0,102486000.0,100900000.0,102103000.0,190.01881474
2026-02-16 00:00:00,102158000.0,102601000.0,100795000.0,101225000.0,267.61089398
2026-02-16 04:00:00,101269000.0,101936000.0,101183000.0,101575000.0,137.27681793
2026-02-16 08:00:00,101576000.0,102458000.0,101220000.0,101973000.0,213.14880332
2026-02-16 12:00:00,102025000.0,103708000.0,100047000.0,100317000.0,650.57627899
2026-02-16 16:00:00,100317000.0,101100000.0,100298000.0,100594000.0,140.37619709
2026-02-16 20:00:00,100594000.0,102000000.0,100510000.0,101944000.0,133.16166046
2026-02-17 00:00:00,101944000.0,102455000.0,101300000.0,101391000.0,170.40071883
2026-02-17 04:00:00,101391000.0,101630000.0,100663000.0,101254000.0,177.35043373
2026-02-17 08:00:00,101254000.0,101420000.0,100300000.0,100637000.0,192.21694582
2026-02-17 12:00:00,100638000.0,101240000.0,99051000.0,99999000.0,568.72184025
2026-02-17 16:00:00,99999000.0,100849000.0,99229000.0,100325000.0,276.05531933
2026-02-17 20:00:00,100319000.0,100450000.0,99763000.0,100054000.0,133.8753884
2026-02-18 00:00:00,100054000.0,100173000.0,99200000.0,100088000.0,236.3227252
2026-02-18 04:00:00,100128000.0,100700000.0,99858000.0,100620000.0,146.83536842
2026-02-18 08:00:00,100620000.0,100956000.0,99274000.0,99698000.0,246.86479137
2026-02-18 12:00:00,99698000.0,100917000.0,99051000.0,99975000.0,357.91507639
2026-02-18 16:00:00,99991000.0,100035000.0,98115000.0,98566000.0,335.93689514
2026-02-18 20:00:00,98602000.0,99064000.0,98415000.0,98622000.0,230.58764252
2026-02-19 00:00:00,98622000.0,99300000.0,98348000.0,99200000.0,286.12407081
2026-02-19 04:00:00,99200000.0,99409000.0,98720000.0,99239000.0,175.80217208
2026-02-19 08:00:00,99261000.0,99280000.0,98297000.0,98301000.0,204.42465232
2026-02-19 12:00:00,98301000.0,98601000.0,97069000.0,98128000.0,590.0387979
2026-02-19 16:00:00,98128000.0,99105000.0,97370000.0,98933000.0,157.34090272
2026-02-19 20:00:00,98890000.0,99099000.0,98388000.0,98846000.0,119.63546868
2026-02-20 00:00:00,98847000.0,99500000.0,98725000.0,99162000.0,248.71011737
2026-02-20 04:00:00,99200000.0,100101000.0,98799000.0,99942000.0,335.64661444
2026-02-20 08:00:00,99977000.0,100620000.0,99211000.0,99225000.0,268.16714558
2026-02-20 12:00:00,99225000.0,100320000.0,98263000.0,99584000.0,484.90987218
2026-02-20 16:00:00,99584000.0,100023000.0,98724000.0,99500000.0,182.71360666
2026-02-20 20:00:00,99502000.0,100369000.0,99371000.0,100065000.0,132.43055325
2026-02-21 00:00:00,100066000.0,100174000.0,99415000.0,99565000.0,158.59824003
2026-02-21 04:00:00,99565000.0,99939000.0,99498000.0,99819000.0,98.85719995
2026-02-21 08:00:00,99841000.0,100400000.0,99817000.0,100160000.0,163.46942998
2026-02-21 12:00:00,100160000.0,100917000.0,99893000.0,100909000.0,198.57467625
2026-02-21 16:00:00,100909000.0,100932000.0,100101000.0,100716000.0,67.84785619
2026-02-21 20:00:00,100709000.0,100800000.0,99900000.0,99986000.0,88.10112283
2026-02-22 00:00:00,100033000.0,100263000.0,99833000.0,100112000.0,120.97427572
2026-02-22 04:00:00,100113000.0,100248000.0,99952000.0,100000000.0,72.50211113
2026-02-22 08:00:00,100001000.0,100227000.0,99888000.0,100145000.0,86.95171718
2026-02-22 12:00:00,100145000.0,100172000.0,99015000.0,99499000.0,268.64876311
2026-02-22 16:00:00,99499000.0,99512000.0,98912000.0,99253000.0,68.33393488
2026-02-22 20:00:00,99253000.0,99757000.0,99211000.0,99542000.0,81.22906704
2026-02-23 00:00:00,99579000.0,99580000.0,95200000.0,95970000.0,1520.02237319
2026-02-23 04:00:00,95983000.0,97188000.0,95556000.0,97098000.0,405.75767483
2026-02-23 08:00:00,97098000.0,97839000.0,96356000.0,97162000.0,329.88223577
2026-02-23 12:00:00,97199000.0,97614000.0,96232000.0,96399000.0,341.55329634
2026-02-23 16:00:00,96399000.0,96500000.0,94600000.0,94860000.0,572.36672591
2026-02-23 20:00:00,94860000.0,95875000.0,94346000.0,95352000.0,325.28948656
2026-02-24 00:00:00,95352000.0,95762000.0,93166000.0,93340000.0,878.70981814
2026-02-24 04:00:00,93357000.0,93450000.0,92339000.0,92967000.0,837.62397389
2026-02-24 08:00:00,92967000.0,93241000.0,92550000.0,92800000.0,268.05074745
2026-02-24 12:00:00,92800000.0,94028000.0,92000000.0,94028000.0,693.97467922
2026-02-24 16:00:00,94028000.0,94800000.0,93500000.0,94405000.0,215.20549328
2026-02-24 20:00:00,94430000.0,94646000.0,93544000.0,93807000.0,201.68453144
2026-02-25 00:00:00,93807000.0,96893000.0,93400000.0,95174000.0,828.98189102
2026-02-25 04:00:00,95174000.0,95450000.0,94000000.0,94440000.0,372.57624313
2026-02-25 08:00:00,94434000.0,95461000.0,94337000.0,95069000.0,225.46805225
2026-02-25 12:00:00,95069000.0,97471000.0,94919000.0,97250000.0,716.2419197
2026-02-25 16:00:00,97250000.0,100000000.0,97129000.0,99233000.0,624.85024723
2026-02-25 20:00:00,99233000.0,100482000.0,97400000.0,97937000.0,709.97631422
2026-02-26 00:00:00,97935000.0,98864000.0,97276000.0,97930000.0,532.6202322
2026-02-26 04:00:00,97919000.0,99223000.0,97630000.0,97700000.0,352.53704163
2026-02-26 08:00:00,97681000.0,98913000.0,97638000.0,98050000.0,262.61541343
2026-02-26 12:00:00,98050000.0,98467000.0,96591000.0,97329000.0,439.61691021
2026-02-26 16:00:00,97329000.0,98097000.0,96343000.0,97544000.0,238.428676
2026-02-26 20:00:00,97668000.0,97900000.0,97129000.0,97449000.0,130.51783005
2026-02-27 00:00:00,97450000.0,97750000.0,96695000.0,97634000.0,283.20446805
2026-02-27 04:00:00,97634000.0,98420000.0,97541000.0,97909000.0,229.89779465
2026-02-27 08:00:00,97909000.0,98600000.0,96000000.0,96359000.0,470.6664413
2026-02-27 12:00:00,96360000.0,96728000.0,95798000.0,96398000.0,347.69299039
2026-02-27 16:00:00,96439000.0,96439000.0,95153000.0,95581000.0,198.4765162
2026-02-27 20:00:00,95572000.0,96352000.0,95061000.0,96121000.0,173.69485683
2026-02-28 00:00:00,96120000.0,96547000.0,96099000.0,96225000.0,149.01270352
2026-02-28 04:00:00,96225000.0,96227000.0,92632000.0,93534000.0,954.76415402
2026-02-28 08:00:00,93534000.0,94341000.0,92935000.0,93542000.0,572.20766747
2026-02-28 12:00:00,93542000.0,95748000.0,93533000.0,94806000.0,488.02339904
2026-02-28 16:00:00,94879000.0,97229000.0,94602000.0,96800000.0,216.11376975
2026-02-28 20:00:00,96857000.0,98601000.0,96578000.0,97626000.0,466.88637773
2026-03-01 00:00:00,97626000.0,99005000.0,96200000.0,97896000.0,697.18925228
2026-03-01 04:00:00,97862000.0,98000000.0,96830000.0,97383000.0,255.97237301
2026-03-01 08:00:00,97398000.0,97698000.0,96327000.0,96581000.0,260.33128389
2026-03-01 12:00:00,96602000.0,97674000.0,96118000.0,97116000.0,322.53177451
2026-03-01 16:00:00,97116000.0,97422000.0,95750000.0,96173000.0,235.45415526
2026-03-01 20:00:00,96199000.0,96950000.0,95100000.0,95904000.0,274.25618122
2026-03-02 00:00:00,95906000.0,97895000.0,95871000.0,97309000.0,411.80972594
2026-03-02 04:00:00,97309000.0,97866000.0,96039000.0,96602000.0,407.86437492
2026-03-02 08:00:00,96612000.0,97638000.0,96188000.0,97032000.0,286.20997572
2026-03-02 12:00:00,97008000.0,101979000.0,96035000.0,101050000.0,1364.61237895
2026-03-02 16:00:00,101050000.0,102200000.0,100080000.0,100559000.0,638.4336036
2026-03-02 20:00:00,100599000.0,101356000.0,100108000.0,100520000.0,366.78973581
2026-03-03 00:00:00,100578000.0,101549000.0,99803000.0,99898000.0,536.71300024
2026-03-03 04:00:00,99898000.0,100285000.0,99296000.0,99783000.0,336.3838268
2026-03-03 08:00:00,99857000.0,100000000.0,97493000.0,98772000.0,608.7266618
2026-03-03 12:00:00,98776000.0,100220000.0,97899000.0,100051000.0,639.16720957
2026-03-03 16:00:00,100096000.0,101518000.0,99557000.0,100594000.0,403.46035442
2026-03-03 20:00:00,100527000.0,101119000.0,99841000.0,100274000.0,311.12593532
2026-03-04 00:00:00,100310000.0,101330000.0,98907000.0,99333000.0,559.36675536
2026-03-04 04:00:00,99333000.0,101684000.0,99058000.0,101588000.0,470.90390773
2026-03-04 08:00:00,101588000.0,104950000.0,101048000.0,103622000.0,1308.31439785
2026-03-04 12:00:00,103622000.0,106650000.0,102700000.0,106555000.0,1121.60037799
2026-03-04 16:00:00,106555000.0,107294000.0,105300000.0,106781000.0,480.30301614
2026-03-04 20:00:00,106780000.0,106874000.0,104753000.0,105374000.0,513.22532752
2026-03-05 00:00:00,105374000.0,106685000.0,105150000.0,105546000.0,537.52385081
2026-03-05 04:00:00,105546000.0,106499000.0,104818000.0,105226000.0,372.65111555
2026-03-05 08:00:00,105226000.0,107547000.0,104851000.0,106750000.0,527.22362026
2026-03-05 12:00:00,106750000.0,107000000.0,104416000.0,105110000.0,577.61465281
2026-03-05 16:00:00,105082000.0,105167000.0,103771000.0,104309000.0,267.32648327
2026-03-05 20:00:00,104302000.0,105100000.0,103747000.0,103877000.0,204.07929364
2026-03-06 00:00:00,103877000.0,104699000.0,103237000.0,104100000.0,285.42317627
2026-03-06 04:00:00,104138000.0,104282000.0,102784000.0,104003000.0,329.42440541
2026-03-06 08:00:00,104020000.0,104113000.0,103280000.0,103348000.0,178.63168617
2026-03-06 12:00:00,103348000.0,103400000.0,100798000.0,101218000.0,767.02931333
2026-03-06 16:00:00,101233000.0,101706000.0,100185000.0,100648000.0,246.31868743
2026-03-06 20:00:00,100769000.0,101334000.0,100222000.0,100763000.0,188.75456206
2026-03-07 00:00:00,100821000.0,101200000.0,100351000.0,100477000.0,202.89731463
2026-03-07 04:00:00,100510000.0,100576000.0,99538000.0,100051000.0,326.79790082
2026-03-07 08:00:00,100089000.0,100822000.0,99878000.0,100564000.0,147.13772036
2026-03-07 12:00:00,100564000.0,100650000.0,100010000.0,100470000.0,96.91489657
2026-03-07 16:00:00,100470000.0,100471000.0,99099000.0,99310000.0,136.07559259
2026-03-07 20:00:00,99303000.0,99800000.0,99182000.0,99385000.0,139.88231249
2026-03-08 00:00:00,99387000.0,99739000.0,99000000.0,99165000.0,248.98379456
2026-03-08 04:00:00,99165000.0,99707000.0,98512000.0,99536000.0,183.9841029
2026-03-08 08:00:00,99549000.0,100912000.0,99349000.0,99858000.0,256.09218012
2026-03-08 12:00:00,99858000.0,100096000.0,99001000.0,99485000.0,188.66051589
2026-03-08 16:00:00,99516000.0,99751000.0,98900000.0,99616000.0,75.62302324
2026-03-08 20:00:00,99616000.0,99825000.0,97500000.0,97845000.0,483.37545259
2026-03-09 00:00:00,97845000.0,100000000.0,97668000.0,99543000.0,434.45206942
2026-03-09 04:00:00,99545000.0,100400000.0,99002000.0,99820000.0,309.97100496
2026-03-09 08:00:00,99825000.0,101000000.0,99600000.0,100136000.0,289.78304781
2026-03-09 12:00:00,100136000.0,102200000.0,100135000.0,101353000.0,579.88339648
2026-03-09 16:00:00,101353000.0,101869000.0,100300000.0,101119000.0,146.6099408
2026-03-09 20:00:00,101119000.0,101446000.0,100410000.0,100425000.0,153.53470064
2026-03-10 00:00:00,100499000.0,103377000.0,100413000.0,101894000.0,517.84467571
2026-03-10 04:00:00,101910000.0,103195000.0,101894000.0,103044000.0,269.32519545
2026-03-10 08:00:00,103010000.0,104225000.0,103000000.0,103234000.0,376.25050387
2026-03-10 12:00:00,103234000.0,104500000.0,101539000.0,103768000.0,578.34045453
2026-03-10 16:00:00,103768000.0,104200000.0,102098000.0,102571000.0,159.63988241
2026-03-10 20:00:00,102550000.0,103000000.0,101762000.0,102417000.0,164.38338012
2026-03-11 00:00:00,102417000.0,102799000.0,101732000.0,101749000.0,229.85007705
2026-03-11 04:00:00,101749000.0,102636000.0,101514000.0,101777000.0,162.71363207
2026-03-11 08:00:00,101777000.0,102234000.0,101514000.0,101514000.0,137.38671663
2026-03-11 12:00:00,101514000.0,103988000.0,101150000.0,102884000.0,593.72293878
2026-03-11 16:00:00,102884000.0,104099000.0,102774000.0,103206000.0,173.03918007
2026-03-11 20:00:00,103206000.0,103503000.0,102519000.0,102731000.0,145.13122146
2026-03-12 00:00:00,102734000.0,103115000.0,101600000.0,101994000.0,244.63926136
2026-03-12 04:00:00,101995000.0,102349000.0,101760000.0,102317000.0,136.83839616
2026-03-12 08:00:00,102343000.0,103416000.0,102050000.0,103044000.0,206.50834643
2026-03-12 12:00:00,103044000.0,103398000.0,102000000.0,103073000.0,366.61017624
2026-03-12 16:00:00,103134000.0,103365000.0,102455000.0,103096000.0,100.27886609
2026-03-12 20:00:00,103188000.0,103354000.0,102699000.0,103248000.0,141.60235348
2026-03-13 00:00:00,103247000.0,104980000.0,103087000.0,104380000.0,608.29818662
2026-03-13 04:00:00,104418000.0,104987000.0,104178000.0,104980000.0,228.55515135
2026-03-13 08:00:00,104983000.0,106500000.0,104700000.0,105813000.0,604.48316934
2026-03-13 12:00:00,105810000.0,108100000.0,105337000.0,105521000.0,1050.74810588
2026-03-13 16:00:00,105505000.0,105950000.0,104156000.0,104714000.0,348.23212691
2026-03-13 20:00:00,104714000.0,105200000.0,103856000.0,104404000.0,210.07237397
2026-03-14 00:00:00,104477000.0,104949000.0,104035000.0,104885000.0,212.18434427
2026-03-14 04:00:00,104880000.0,105170000.0,103921000.0,104179000.0,213.85895841
2026-03-14 08:00:00,104179000.0,104678000.0,104051000.0,104666000.0,97.33907366
2026-03-14 12:00:00,104576000.0,104800000.0,104240000.0,104395000.0,86.3171883
2026-03-14 16:00:00,104400000.0,104559000.0,104250000.0,104559000.0,25.95848002
2026-03-14 20:00:00,104559000.0,105200000.0,104466000.0,105131000.0,94.95801395
2026-03-15 00:00:00,105199000.0,105473000.0,104665000.0,105240000.0,178.85701876
2026-03-15 04:00:00,105240000.0,105735000.0,105180000.0,105431000.0,139.69354661
2026-03-15 08:00:00,105449000.0,106000000.0,105432000.0,105842000.0,181.27923441
2026-03-15 12:00:00,105842000.0,105853000.0,105000000.0,105350000.0,217.29330685
2026-03-15 16:00:00,105417000.0,105973000.0,105143000.0,105479000.0,68.52801339
2026-03-15 20:00:00,105479000.0,107381000.0,105327000.0,106940000.0,395.89919609
2026-03-16 00:00:00,106995000.0,108609000.0,106114000.0,107878000.0,642.54469868
2026-03-16 04:00:00,107861000.0,108965000.0,107501000.0,107682000.0,582.0941873
2026-03-16 08:00:00,107700000.0,108304000.0,106961000.0,108070000.0,424.57402991
2026-03-16 12:00:00,108070000.0,109342000.0,107575000.0,107840000.0,843.21451522
2026-03-16 16:00:00,107852000.0,109025000.0,107751000.0,108501000.0,190.23562966
2026-03-16 20:00:00,108498000.0,110198000.0,108375000.0,110058000.0,662.82203786
2026-03-17 00:00:00,110062000.0,112450000.0,109375000.0,109788000.0,1341.18129023
2026-03-17 04:00:00,109800000.0,110350000.0,108680000.0,109526000.0,530.55531488
2026-03-17 08:00:00,109527000.0,109955000.0,108666000.0,109290000.0,268.01970061
2026-03-17 12:00:00,109284000.0,110438000.0,108500000.0,109256000.0,400.40666098
2026-03-17 16:00:00,109256000.0,110212000.0,109157000.0,109841000.0,116.34352266
2026-03-17 20:00:00,109841000.0,110392000.0,109010000.0,109012000.0,212.16945022
2026-03-18 00:00:00,109015000.0,110022000.0,108629000.0,109960000.0,327.33537559
2026-03-18 04:00:00,109907000.0,109958000.0,108896000.0,109182000.0,213.96933158
2026-03-18 08:00:00,109199000.0,109720000.0,107700000.0,107738000.0,391.93014271
2026-03-18 12:00:00,107738000.0,107835000.0,105120000.0,106230000.0,992.45457496
2026-03-18 16:00:00,106216000.0,106900000.0,105531000.0,105661000.0,211.08818993
2026-03-18 20:00:00,105661000.0,106329000.0,104935000.0,106000000.0,304.97613897
2026-03-19 00:00:00,106000000.0,106392000.0,105181000.0,106086000.0,345.75391003
2026-03-19 04:00:00,106073000.0,106086000.0,103490000.0,104489000.0,495.07165282
2026-03-19 08:00:00,104489000.0,104866000.0,104000000.0,104095000.0,214.01022239
2026-03-19 12:00:00,104095000.0,104283000.0,102580000.0,103376000.0,636.59744457
2026-03-19 16:00:00,103390000.0,104600000.0,102950000.0,104165000.0,135.84203329
2026-03-19 20:00:00,104051000.0,104879000.0,103816000.0,104078000.0,195.29530283
2026-03-20 00:00:00,104078000.0,105454000.0,103960000.0,105448000.0,292.13475015
2026-03-20 04:00:00,105448000.0,105775000.0,104750000.0,105583000.0,255.40360587
2026-03-20 08:00:00,105585000.0,106200000.0,104868000.0,105318000.0,283.36412159
2026-03-20 12:00:00,105319000.0,105500000.0,104000000.0,104528000.0,295.95450514
2026-03-20 16:00:00,104535000.0,105131000.0,103865000.0,105042000.0,108.81991438
2026-03-20 20:00:00,105131000.0,105937000.0,104517000.0,105314000.0,125.61042134
2026-03-21 00:00:00,105399000.0,105846000.0,105304000.0,105686000.0,130.83535979
2026-03-21 04:00:00,105733000.0,106200000.0,105665000.0,105940000.0,125.77977553
2026-03-21 08:00:00,105966000.0,105980000.0,105609000.0,105743000.0,72.38911361
2026-03-21 12:00:00,105750000.0,106446000.0,105687000.0,105871000.0,107.31399077
2026-03-21 16:00:00,105928000.0,105928000.0,105340000.0,105498000.0,64.57330182
2026-03-21 20:00:00,105498000.0,105679000.0,103452000.0,103782000.0,225.37485478
2026-03-22 00:00:00,103831000.0,104488000.0,103000000.0,104265000.0,387.46593884
2026-03-22 04:00:00,104265000.0,104428000.0,103500000.0,103567000.0,138.27691476
2026-03-22 08:00:00,103569000.0,103785000.0,102274000.0,102274000.0,334.54756524
2026-03-22 12:00:00,102274000.0,103529000.0,102274000.0,103339000.0,173.17182426
2026-03-22 16:00:00,103339000.0,103404000.0,102530000.0,102630000.0,51.10436567
2026-03-22 20:00:00,102635000.0,103049000.0,101659000.0,102021000.0,318.92499912
2026-03-23 00:00:00,102021000.0,103000000.0,101384000.0,102350000.0,350.48163193
2026-03-23 04:00:00,102392000.0,103294000.0,101890000.0,102888000.0,272.44197916
2026-03-23 08:00:00,102888000.0,106700000.0,102216000.0,104552000.0,923.12098081
2026-03-23 12:00:00,104611000.0,106545000.0,104160000.0,104240000.0,742.56777616
2026-03-23 16:00:00,104240000.0,105666000.0,104239000.0,104901000.0,173.4795922
2026-03-23 20:00:00,104901000.0,105437000.0,104499000.0,105247000.0,126.76600084
2026-03-24 00:00:00,105290000.0,105630000.0,104850000.0,105189000.0,199.19198644
2026-03-24 04:00:00,105189000.0,106100000.0,104650000.0,106025000.0,195.03648557
2026-03-24 08:00:00,106025000.0,106270000.0,105472000.0,105986000.0,233.6759106
2026-03-24 12:00:00,105999000.0,106049000.0,103908000.0,104391000.0,374.17921382
2026-03-24 16:00:00,104389000.0,104505000.0,103300000.0,103904000.0,187.5096628
2026-03-24 20:00:00,103900000.0,105557000.0,103812000.0,105149000.0,227.2791709
2026-03-25 00:00:00,105149000.0,105700000.0,105005000.0,105501000.0,192.07282668
2026-03-25 04:00:00,105501000.0,106191000.0,105466000.0,105675000.0,224.79303202
2026-03-25 08:00:00,105675000.0,107301000.0,105600000.0,106869000.0,395.48027908
2026-03-25 12:00:00,106898000.0,107200000.0,105320000.0,105762000.0,401.90577851
2026-03-25 16:00:00,105762000.0,106958000.0,105521000.0,105917000.0,117.45763006
2026-03-25 20:00:00,105923000.0,106763000.0,105575000.0,106523000.0,122.91827636
2026-03-26 00:00:00,106524000.0,106754000.0,105699000.0,106100000.0,219.76303301
2026-03-26 04:00:00,106135000.0,106156000.0,104798000.0,105285000.0,282.99850414
2026-03-26 08:00:00,105285000.0,105323000.0,104070000.0,104267000.0,276.41731575
2026-03-26 12:00:00,104267000.0,105201000.0,103908000.0,104216000.0,317.07644911
2026-03-26 16:00:00,104216000.0,104216000.0,103154000.0,103679000.0,179.48171233
2026-03-26 20:00:00,103727000.0,104964000.0,103511000.0,103849000.0,176.64205639
2026-03-27 00:00:00,103959000.0,104300000.0,103630000.0,103771000.0,212.24856351
2026-03-27 04:00:00,103771000.0,104065000.0,103200000.0,103520000.0,179.83104068
2026-03-27 08:00:00,103520000.0,103644000.0,100672000.0,101280000.0,792.96474871
2026-03-27 12:00:00,101234000.0,101295000.0,100000000.0,100442000.0,642.29220461
2026-03-27 16:00:00,100442000.0,100744000.0,99952000.0,100421000.0,242.72842383
2026-03-27 20:00:00,100421000.0,101098000.0,100044000.0,101019000.0,153.40192048
2026-03-28 00:00:00,101019000.0,101326000.0,100172000.0,100607000.0,204.0113308
2026-03-28 04:00:00,100607000.0,101100000.0,100486000.0,101094000.0,106.38329733
2026-03-28 08:00:00,101093000.0,101105000.0,100334000.0,100701000.0,104.61182026
2026-03-28 12:00:00,100701000.0,101969000.0,100492000.0,101501000.0,215.17102689
2026-03-28 16:00:00,101503000.0,101698000.0,101100000.0,101430000.0,42.98034716
2026-03-28 20:00:00,101430000.0,101579000.0,100704000.0,100895000.0,81.81009842
2026-03-29 00:00:00,100892000.0,101775000.0,100752000.0,101429000.0,97.58390308
2026-03-29 04:00:00,101400000.0,101548000.0,101054000.0,101221000.0,65.51397082
2026-03-29 08:00:00,101251000.0,101624000.0,100860000.0,101452000.0,87.22870633
2026-03-29 12:00:00,101449000.0,101490000.0,100800000.0,101041000.0,96.95065381
2026-03-29 16:00:00,101041000.0,101150000.0,100512000.0,100883000.0,61.61921974
2026-03-29 20:00:00,100911000.0,101350000.0,99212000.0,100379000.0,416.79965006
2026-03-30 00:00:00,100379000.0,102100000.0,100166000.0,101737000.0,311.33730679
2026-03-30 04:00:00,101737000.0,102485000.0,101736000.0,102379000.0,238.69363817
2026-03-30 08:00:00,102377000.0,102785000.0,101976000.0,102540000.0,183.44324775
2026-03-30 12:00:00,102540000.0,103182000.0,101809000.0,102460000.0,280.14601247
2026-03-30 16:00:00,102460000.0,102460000.0,100732000.0,101149000.0,155.89260753
2026-03-30 20:00:00,101210000.0,101780000.0,100926000.0,101468000.0,137.02504706
2026-03-31 00:00:00,101468000.0,103734000.0,101183000.0,103148000.0,390.4966267
2026-03-31 04:00:00,103181000.0,103400000.0,102200000.0,102662000.0,220.5595029
2026-03-31 08:00:00,102662000.0,102840000.0,100900000.0,101833000.0,319.56548729
2026-03-31 12:00:00,101853000.0,103100000.0,101450000.0,101788000.0,340.9084841
2026-03-31 16:00:00,101818000.0,103800000.0,101780000.0,102515000.0,224.71301759
2026-03-31 20:00:00,102554000.0,103400000.0,102516000.0,103275000.0,180.48620868
2026-04-01 00:00:00,103342000.0,103343000.0,102347000.0,102932000.0,236.79038367
2026-04-01 04:00:00,102936000.0,104211000.0,102857000.0,103300000.0,316.1126112
2026-04-01 08:00:00,103300000.0,103742000.0,103100000.0,103591000.0,172.95661782
2026-04-01 12:00:00,103580000.0,104049000.0,102726000.0,104000000.0,296.44900872
2026-04-01 16:00:00,103999000.0,104142000.0,102642000.0,103088000.0,157.00158657
2026-04-01 20:00:00,103132000.0,103600000.0,102800000.0,103129000.0,152.72233552
2026-04-02 00:00:00,103129000.0,103819000.0,101313000.0,101514000.0,583.0221919
2026-04-02 04:00:00,101514000.0,101782000.0,101002000.0,101728000.0,243.70781863
2026-04-02 08:00:00,101728000.0,101729000.0,100833000.0,100999000.0,214.16857937
2026-04-02 12:00:00,101001000.0,101961000.0,100408000.0,101576000.0,341.42420061
2026-04-02 16:00:00,101566000.0,102280000.0,101254000.0,101884000.0,85.95765765
2026-04-02 20:00:00,101881000.0,101980000.0,101404000.0,101723000.0,93.16921494
2026-04-03 00:00:00,101737000.0,101756000.0,100839000.0,101071000.0,183.90644965
2026-04-03 04:00:00,101119000.0,101830000.0,100909000.0,101655000.0,127.02464989
2026-04-03 08:00:00,101650000.0,102000000.0,101297000.0,101553000.0,95.47458237
2026-04-03 12:00:00,101553000.0,102030000.0,101030000.0,101354000.0,119.72309314
2026-04-03 16:00:00,101398000.0,101678000.0,101260000.0,101482000.0,21.53773594
2026-04-03 20:00:00,101558000.0,101650000.0,101416000.0,101648000.0,32.63048982
2026-04-04 00:00:00,101648000.0,101653000.0,101462000.0,101464000.0,57.83129911
2026-04-04 04:00:00,101464000.0,101739000.0,101450000.0,101633000.0,53.51444154
2026-04-04 08:00:00,101633000.0,101998000.0,101552000.0,101891000.0,61.82050091
2026-04-04 12:00:00,101904000.0,102470000.0,101799000.0,102300000.0,90.43398662
2026-04-04 16:00:00,102300000.0,102438000.0,102073000.0,102073000.0,45.69539219
2026-04-04 20:00:00,102074000.0,102304000.0,101958000.0,102147000.0,33.78044092
2026-04-05 00:00:00,102131000.0,102168000.0,101610000.0,101890000.0,71.58519371
2026-04-05 04:00:00,101890000.0,101967000.0,101395000.0,101606000.0,89.55165695
2026-04-05 08:00:00,101606000.0,102005000.0,101603000.0,101855000.0,55.63338249
2026-04-05 12:00:00,101855000.0,103021000.0,101510000.0,102247000.0,137.61489402
2026-04-05 16:00:00,102247000.0,102506000.0,102118000.0,102296000.0,43.50996312
2026-04-05 20:00:00,102296000.0,104567000.0,102228000.0,104288000.0,381.95420776
2026-04-06 00:00:00,104289000.0,104998000.0,103700000.0,104038000.0,321.39059153
2026-04-06 04:00:00,104038000.0,104221000.0,103505000.0,104044000.0,170.57384697
2026-04-06 08:00:00,104044000.0,105400000.0,103933000.0,104602000.0,300.80545717
2026-04-06 12:00:00,104645000.0,105108000.0,104117000.0,105108000.0,248.64818777
2026-04-06 16:00:00,105110000.0,105600000.0,104300000.0,104902000.0,160.92146333
2026-04-06 20:00:00,104967000.0,105346000.0,103240000.0,103923000.0,232.76533114
2026-04-07 00:00:00,103964000.0,104311000.0,103120000.0,103945000.0,193.89251901
2026-04-07 04:00:00,103945000.0,104084000.0,103352000.0,103543000.0,112.60903756
2026-04-07 08:00:00,103543000.0,104050000.0,102703000.0,103057000.0,225.14545445
2026-04-07 12:00:00,103041000.0,103370000.0,102400000.0,102914000.0,229.12188026
2026-04-07 16:00:00,102944000.0,104000000.0,102886000.0,103934000.0,81.75832004
2026-04-07 20:00:00,103934000.0,108318000.0,103844000.0,107255000.0,1041.26976585
2026-04-08 00:00:00,107295000.0,107302000.0,105623000.0,105722000.0,514.95540322
2026-04-08 04:00:00,105722000.0,106403000.0,105702000.0,106018000.0,198.18951501
2026-04-08 08:00:00,106018000.0,106636000.0,105969000.0,106295000.0,169.52248052
2026-04-08 12:00:00,106295000.0,108000000.0,105167000.0,105981000.0,532.41014749
2026-04-08 16:00:00,105985000.0,106859000.0,105600000.0,106054000.0,92.2537085
2026-04-08 20:00:00,106054000.0,106684000.0,105531000.0,105862000.0,142.06373592
2026-04-09 00:00:00,105868000.0,105964000.0,105080000.0,105618000.0,215.71353267
2026-04-09 04:00:00,105645000.0,105976000.0,105290000.0,105911000.0,95.35931274
2026-04-09 08:00:00,105911000.0,106619000.0,105750000.0,106200000.0,152.29886203
2026-04-09 12:00:00,106200000.0,107304000.0,105309000.0,107001000.0,311.49719718
2026-04-09 16:00:00,107001000.0,107435000.0,106353000.0,106782000.0,160.60922413
2026-04-09 20:00:00,106782000.0,108062000.0,106300000.0,106628000.0,311.4853413
2026-04-10 00:00:00,106695000.0,107537000.0,106569000.0,106950000.0,214.60678395
2026-04-10 04:00:00,106956000.0,107380000.0,106506000.0,106574000.0,167.84823729
2026-04-10 08:00:00,106574000.0,107500000.0,106521000.0,107328000.0,145.03667635
2026-04-10 12:00:00,107328000.0,108704000.0,107055000.0,107587000.0,528.20203765
2026-04-10 16:00:00,107693000.0,108670000.0,107590000.0,108591000.0,115.94316756
2026-04-10 20:00:00,108591000.0,108779000.0,107883000.0,108308000.0,179.35130403
2026-04-11 00:00:00,108308000.0,108563000.0,107980000.0,108350000.0,155.35027202
2026-04-11 04:00:00,108374000.0,108470000.0,108040000.0,108167000.0,104.92312754
2026-04-11 08:00:00,108167000.0,108540000.0,108080000.0,108485000.0,106.11341809
2026-04-11 12:00:00,108485000.0,108600000.0,108100000.0,108443000.0,127.52097116
2026-04-11 16:00:00,108444000.0,109384000.0,108400000.0,109150000.0,182.67039487
2026-04-11 20:00:00,109178000.0,109201000.0,108359000.0,108567000.0,170.89222717
2026-04-12 00:00:00,108567000.0,108765000.0,106194000.0,106810000.0,650.93784903
2026-04-12 04:00:00,106808000.0,107000000.0,106527000.0,106906000.0,139.36775465
2026-04-12 08:00:00,106915000.0,107000000.0,106496000.0,106514000.0,125.3965133
2026-04-12 12:00:00,106514000.0,106540000.0,105454000.0,105802000.0,330.4858155
2026-04-12 16:00:00,105802000.0,105918000.0,105687000.0,105771000.0,18.79330775
2026-04-12 20:00:00,105771000.0,105858000.0,105443000.0,105700000.0,100.17511955
2026-04-13 00:00:00,105732000.0,106540000.0,105483000.0,105945000.0,209.44250278
2026-04-13 04:00:00,105945000.0,106130000.0,105561000.0,105800000.0,129.22346592
2026-04-13 08:00:00,105800000.0,105973000.0,105438000.0,105962000.0,139.01219929
2026-04-13 12:00:00,105962000.0,107722000.0,105759000.0,106965000.0,349.96393182
2026-04-13 16:00:00,106965000.0,108800000.0,106745000.0,108648000.0,210.2224123
2026-04-13 20:00:00,108648000.0,110276000.0,108093000.0,109806000.0,743.93509612
2026-04-14 00:00:00,109804000.0,110180000.0,109200000.0,110062000.0,387.87593245
2026-04-14 04:00:00,110061000.0,110376000.0,109504000.0,110079000.0,245.06667681
2026-04-14 08:00:00,110080000.0,110500000.0,109580000.0,109723000.0,244.17674241
2026-04-14 12:00:00,109724000.0,111996000.0,109589000.0,111221000.0,680.27777262
2026-04-14 16:00:00,111221000.0,111651000.0,109380000.0,109930000.0,216.43110123
2026-04-14 20:00:00,109939000.0,110182000.0,109466000.0,109875000.0,172.59390768
2026-04-15 00:00:00,109870000.0,110717000.0,109708000.0,110120000.0,220.2810311
2026-04-15 04:00:00,110126000.0,110300000.0,109020000.0,109319000.0,250.26501934
2026-04-15 08:00:00,109319000.0,110029000.0,109295000.0,109994000.0,162.9412828
2026-04-15 12:00:00,109994000.0,110346000.0,109038000.0,109372000.0,337.85914807
2026-04-15 16:00:00,109372000.0,110952000.0,109190000.0,110589000.0,127.71158647
2026-04-15 20:00:00,110603000.0,111016000.0,109908000.0,110456000.0,198.52959969
2026-04-16 00:00:00,110455000.0,110850000.0,110042000.0,110410000.0,201.55395137
2026-04-16 04:00:00,110410000.0,110730000.0,110210000.0,110325000.0,140.7817224
2026-04-16 08:00:00,110325000.0,110653000.0,109900000.0,110308000.0,245.64418948
2026-04-16 12:00:00,110320000.0,110632000.0,108661000.0,110416000.0,483.86269258
2026-04-16 16:00:00,110427000.0,111113000.0,109470000.0,111020000.0,202.26891586
2026-04-16 20:00:00,111001000.0,111194000.0,110400000.0,110782000.0,185.77624659
2026-04-17 00:00:00,110782000.0,110900000.0,110175000.0,110305000.0,202.72145332
2026-04-17 04:00:00,110306000.0,110950000.0,110227000.0,110920000.0,228.59258877
2026-04-17 08:00:00,110920000.0,112784000.0,110898000.0,111897000.0,593.63329287
2026-04-17 12:00:00,111897000.0,114480000.0,111843000.0,114211000.0,1110.06518981
2026-04-17 16:00:00,114213000.0,114891000.0,113300000.0,113885000.0,263.9034886
2026-04-17 20:00:00,113857000.0,114125000.0,113499000.0,113773000.0,217.73872723
2026-04-18 00:00:00,113741000.0,114399000.0,113700000.0,113800000.0,257.95111301
2026-04-18 04:00:00,113800000.0,114140000.0,113658000.0,113827000.0,160.20181517
2026-04-18 08:00:00,113827000.0,113904000.0,112000000.0,112401000.0,531.20979445
2026-04-18 12:00:00,112401000.0,113072000.0,112235000.0,112817000.0,234.48477251
2026-04-18 16:00:00,112817000.0,112817000.0,112000000.0,112208000.0,96.18325193
2026-04-18 20:00:00,112222000.0,112604000.0,112057000.0,112375000.0,86.74197656
2026-04-19 00:00:00,112417000.0,112600000.0,111900000.0,112056000.0,210.26453672
2026-04-19 04:00:00,112070000.0,112400000.0,111500000.0,111897000.0,184.39020273
2026-04-19 08:00:00,111897000.0,112399000.0,111300000.0,112397000.0,168.18564706
2026-04-19 12:00:00,112370000.0,113300000.0,112200000.0,112645000.0,257.48393607
2026-04-19 16:00:00,112646000.0,112741000.0,111224000.0,111700000.0,120.8863445
2026-04-19 20:00:00,111651000.0,111700000.0,110003000.0,110020000.0,388.1917357
2026-04-20 00:00:00,110040000.0,111385000.0,110000000.0,110842000.0,326.27376454
2026-04-20 04:00:00,110842000.0,112208000.0,110216000.0,111208000.0,225.01479654
2026-04-20 08:00:00,111243000.0,111892000.0,110998000.0,111640000.0,170.66962167
2026-04-20 12:00:00,111640000.0,112200000.0,110833000.0,112055000.0,291.66380379
2026-04-20 16:00:00,112055000.0,113070000.0,111459000.0,112811000.0,158.75485277
2026-04-20 20:00:00,112811000.0,113200000.0,112025000.0,112455000.0,149.67677281
2026-04-21 00:00:00,112455000.0,112910000.0,111700000.0,112023000.0,248.5183095
2026-04-21 04:00:00,112029000.0,112784000.0,111900000.0,112571000.0,210.32038291
2026-04-21 08:00:00,112572000.0,113500000.0,112499000.0,113017000.0,267.73273362
2026-04-21 12:00:00,113039000.0,113263000.0,111950000.0,112350000.0,342.61223669
2026-04-21 16:00:00,112382000.0,112870000.0,111450000.0,111883000.0,165.77791673
2026-04-21 20:00:00,111746000.0,113186000.0,111730000.0,113049000.0,191.99345848
2026-04-22 00:00:00,113049000.0,114840000.0,112779000.0,114704000.0,538.21249565
2026-04-22 04:00:00,114703000.0,115827000.0,114400000.0,115152000.0,521.78693903
2026-04-22 08:00:00,115182000.0,115810000.0,115058000.0,115764000.0,259.31198737
2026-04-22 12:00:00,115765000.0,117309000.0,115564000.0,117201000.0,679.17098141
2026-04-22 16:00:00,117201000.0,117471000.0,116351000.0,116688000.0,180.85425537
2026-04-22 20:00:00,116688000.0,116828000.0,115900000.0,115901000.0,241.93868286
2026-04-23 00:00:00,115909000.0,116597000.0,115220000.0,115488000.0,560.33298751
2026-04-23 04:00:00,115488000.0,116373000.0,115400000.0,115994000.0,208.95362089
2026-04-23 08:00:00,115994000.0,116183000.0,114869000.0,115546000.0,301.8286323
2026-04-23 12:00:00,115550000.0,116800000.0,115150000.0,116381000.0,285.0644061
2026-04-23 16:00:00,116461000.0,116549000.0,114750000.0,115747000.0,255.88420602
2026-04-23 20:00:00,115713000.0,116522000.0,115609000.0,116429000.0,149.169099
2026-04-24 00:00:00,116430000.0,116843000.0,115668000.0,115901000.0,295.02758741
2026-04-24 04:00:00,115922000.0,116166000.0,115552000.0,115728000.0,223.85378164
2026-04-24 08:00:00,115728000.0,116513000.0,115500000.0,116289000.0,241.13668165
2026-04-24 12:00:00,116289000.0,116537000.0,115700000.0,116065000.0,208.28088008
2026-04-24 16:00:00,116065000.0,116091000.0,115220000.0,115584000.0,159.65335005
2026-04-24 20:00:00,115584000.0,115650000.0,115140000.0,115463000.0,167.96165537
2026-04-25 00:00:00,115464000.0,115700000.0,115250000.0,115568000.0,132.55988407
2026-04-25 04:00:00,115568000.0,115632000.0,115268000.0,115435000.0,96.92967508
2026-04-25 08:00:00,115437000.0,115935000.0,115365000.0,115812000.0,93.37485467
2026-04-25 12:00:00,115812000.0,115929000.0,115381000.0,115395000.0,129.38324144
2026-04-25 16:00:00,115443000.0,115563000.0,115002000.0,115351000.0,106.39733993
2026-04-25 20:00:00,115351000.0,115702000.0,115325000.0,115696000.0,44.11266833
2026-04-26 00:00:00,115696000.0,115760000.0,115215000.0,115365000.0,104.60142693
2026-04-26 04:00:00,115363000.0,116289000.0,115274000.0,116094000.0,159.4580794
2026-04-26 08:00:00,116094000.0,116220000.0,115869000.0,116074000.0,82.83435456
2026-04-26 12:00:00,116074000.0,116100000.0,115668000.0,115947000.0,90.16431789
2026-04-26 16:00:00,115947000.0,116388000.0,115775000.0,116078000.0,59.75780863
2026-04-26 20:00:00,116066000.0,117151000.0,115775000.0,116655000.0,245.41414017
2026-04-27 00:00:00,116692000.0,117736000.0,116400000.0,117108000.0,396.93646014
2026-04-27 04:00:00,117109000.0,117118000.0,115313000.0,115496000.0,544.57856667
2026-04-27 08:00:00,115496000.0,115881000.0,115385000.0,115730000.0,169.45526585
2026-04-27 12:00:00,115730000.0,116200000.0,114378000.0,114592000.0,443.65346631
2026-04-27 16:00:00,114592000.0,114837000.0,114089000.0,114689000.0,207.52788019
2026-04-27 20:00:00,114689000.0,115406000.0,114600000.0,115338000.0,133.23856298
2026-04-28 00:00:00,115304000.0,115338000.0,114050000.0,114211000.0,243.86427432
2026-04-28 04:00:00,114211000.0,114561000.0,113561000.0,114177000.0,272.81530364
2026-04-28 08:00:00,114177000.0,114332000.0,113137000.0,113268000.0,237.60190697
2026-04-28 12:00:00,113281000.0,113636000.0,112648000.0,113151000.0,343.59972618
2026-04-28 16:00:00,113169000.0,113440000.0,112739000.0,113416000.0,64.39196071
2026-04-28 20:00:00,113317000.0,113697000.0,113290000.0,113437000.0,99.49936582
2026-04-29 00:00:00,113441000.0,114494000.0,113300000.0,114365000.0,232.40159187
2026-04-29 04:00:00,114366000.0,114903000.0,114128000.0,114351000.0,167.55284896
2026-04-29 08:00:00,114351000.0,115503000.0,114250000.0,115165000.0,207.07634088
2026-04-29 12:00:00,115140000.0,115165000.0,113065000.0,113367000.0,276.29478281
2026-04-29 16:00:00,113367000.0,113750000.0,112370000.0,113248000.0,229.61042983
2026-04-29 20:00:00,113248000.0,113943000.0,113172000.0,113406000.0,146.20945695
2026-04-30 00:00:00,113394000.0,113968000.0,112829000.0,113323000.0,238.23158454
2026-04-30 04:00:00,113323000.0,113595000.0,112500000.0,113501000.0,230.84963458
2026-04-30 08:00:00,113501000.0,113679000.0,112976000.0,113159000.0,172.40664935
2026-04-30 12:00:00,113189000.0,114081000.0,113159000.0,113861000.0,169.24417564
2026-04-30 16:00:00,113861000.0,113861000.0,113300000.0,113732000.0,48.18153155
2026-04-30 20:00:00,113732000.0,114000000.0,113561000.0,113810000.0,63.35865953
2026-05-01 00:00:00,113810000.0,114999000.0,113751000.0,114640000.0,186.6525594
2026-05-01 04:00:00,114651000.0,114783000.0,114300000.0,114691000.0,106.50922821
2026-05-01 08:00:00,114691000.0,115226000.0,114534000.0,115040000.0,137.43041707
2026-05-01 12:00:00,115118000.0,116777000.0,115040000.0,116174000.0,516.07630369
2026-05-01 16:00:00,116174000.0,116500000.0,115825000.0,116154000.0,87.46258155
2026-05-01 20:00:00,116160000.0,116265000.0,115399000.0,115947000.0,113.59000239
2026-05-02 00:00:00,115999000.0,116455000.0,115946000.0,116383000.0,167.03949707
2026-05-02 04:00:00,116383000.0,116474000.0,116000000.0,116190000.0,91.46454845
2026-05-02 08:00:00,116190000.0,116300000.0,115797000.0,115851000.0,87.39607782
2026-05-02 12:00:00,115858000.0,116340000.0,115851000.0,116334000.0,87.37304225
2026-05-02 16:00:00,116334000.0,116476000.0,116170000.0,116324000.0,42.97483924
2026-05-02 20:00:00,116324000.0,117000000.0,116216000.0,116561000.0,163.54634414
2026-05-03 00:00:00,116561000.0,116725000.0,116020000.0,116157000.0,158.71132272
2026-05-03 04:00:00,116159000.0,116476000.0,116006000.0,116319000.0,90.34915999
2026-05-03 08:00:00,116371000.0,116950000.0,116258000.0,116644000.0,151.54820598
2026-05-03 12:00:00,116644000.0,116904000.0,116530000.0,116597000.0,119.72332544
2026-05-03 16:00:00,116597000.0,116742000.0,116499000.0,116683000.0,44.27401606
2026-05-03 20:00:00,116692000.0,117338000.0,116475000.0,116590000.0,280.12828726
2026-05-04 00:00:00,116590000.0,118754000.0,116200000.0,118461000.0,668.157871
2026-05-04 04:00:00,118461000.0,118850000.0,117346000.0,117625000.0,346.93414689
2026-05-04 08:00:00,117625000.0,118100000.0,116058000.0,116798000.0,458.80314443
2026-05-04 12:00:00,116798000.0,118800000.0,116490000.0,118499000.0,539.67553407
2026-05-04 16:00:00,118447000.0,119427000.0,117900000.0,118614000.0,312.66062715
2026-05-04 20:00:00,118614000.0,119150000.0,118383000.0,118620000.0,212.8939279
2026-05-05 00:00:00,118620000.0,120000000.0,118523000.0,119947000.0,424.30029964
2026-05-05 04:00:00,119947000.0,120490000.0,119670000.0,119842000.0,400.66590924
2026-05-05 08:00:00,119842000.0,120017000.0,119289000.0,119901000.0,304.85714746
2026-05-05 12:00:00,119901000.0,120950000.0,119890000.0,120768000.0,519.66656359
2026-05-05 16:00:00,120768000.0,120838000.0,120145000.0,120663000.0,108.7918819
2026-05-05 20:00:00,120663000.0,120900000.0,119591000.0,119724000.0,326.23884696
2026-05-06 00:00:00,119742000.0,120014000.0,119102000.0,119973000.0,419.99461469
2026-05-06 04:00:00,119979000.0,120045000.0,119332000.0,119567000.0,264.68092034
2026-05-06 08:00:00,119569000.0,120845000.0,119550000.0,120625000.0,377.78902933
2026-05-06 12:00:00,120620000.0,120621000.0,119450000.0,120085000.0,403.79822151
2026-05-06 16:00:00,120085000.0,120227000.0,119438000.0,119688000.0,115.99194923
2026-05-06 20:00:00,119688000.0,119954000.0,119300000.0,119394000.0,208.54559503
2026-05-07 00:00:00,119394000.0,119438000.0,118760000.0,118790000.0,378.93579094
2026-05-07 04:00:00,118790000.0,119804000.0,118680000.0,119595000.0,260.88056494
2026-05-07 08:00:00,119595000.0,119690000.0,118600000.0,118841000.0,237.68935762
2026-05-07 12:00:00,118870000.0,119193000.0,117580000.0,117763000.0,419.78295737
2026-05-07 16:00:00,117763000.0,118261000.0,117220000.0,118098000.0,158.777162
2026-05-07 20:00:00,118116000.0,118460000.0,117439000.0,117896000.0,171.73151921
2026-05-08 00:00:00,117896000.0,118144000.0,117090000.0,117437000.0,244.79950383
2026-05-08 04:00:00,117437000.0,117852000.0,117327000.0,117851000.0,145.53692456
2026-05-08 08:00:00,117851000.0,118900000.0,117801000.0,118743000.0,192.5755507
2026-05-08 12:00:00,118743000.0,118990000.0,117814000.0,118328000.0,230.84277337
2026-05-08 16:00:00,118328000.0,118498000.0,117848000.0,118059000.0,110.9781838
2026-05-08 20:00:00,118065000.0,118423000.0,117998000.0,118150000.0,111.12854648
2026-05-09 00:00:00,118170000.0,118707000.0,118106000.0,118479000.0,137.65030244
2026-05-09 04:00:00,118479000.0,118750000.0,118106000.0,118139000.0,101.02063523
2026-05-09 08:00:00,118139000.0,118513000.0,118109000.0,118456000.0,75.09889626
2026-05-09 12:00:00,118477000.0,118868000.0,118383000.0,118802000.0,97.49426842
2026-05-09 16:00:00,118802000.0,119306000.0,118684000.0,119188000.0,68.09658218
2026-05-09 20:00:00,119188000.0,119194000.0,118899000.0,118954000.0,63.87120818
2026-05-10 00:00:00,118992000.0,119193000.0,118887000.0,119095000.0,120.13491543
2026-05-10 04:00:00,119095000.0,119162000.0,118897000.0,118988000.0,78.64408454
2026-05-10 08:00:00,118988000.0,119103000.0,118890000.0,118965000.0,98.76995035
2026-05-10 12:00:00,118965000.0,119637000.0,118874000.0,119619000.0,219.05012842
2026-05-10 16:00:00,119636000.0,119677000.0,118825000.0,119104000.0,136.82837368
2026-05-10 20:00:00,119173000.0,120570000.0,118000000.0,120433000.0,522.08941539
2026-05-11 00:00:00,120461000.0,120700000.0,118771000.0,119024000.0,450.68661628
2026-05-11 04:00:00,119024000.0,119328000.0,118904000.0,119002000.0,201.94511754
2026-05-11 08:00:00,119002000.0,119626000.0,118900000.0,119519000.0,162.01635046
2026-05-11 12:00:00,119520000.0,119750000.0,118739000.0,119749000.0,248.63038507
2026-05-11 16:00:00,119749000.0,120584000.0,119612000.0,120422000.0,193.24441979
2026-05-11 20:00:00,120422000.0,120548000.0,119940000.0,120095000.0,175.66332156
2026-05-12 00:00:00,120095000.0,120297000.0,119347000.0,119687000.0,339.77539048
2026-05-12 04:00:00,119691000.0,119990000.0,119577000.0,119606000.0,187.13465848
2026-05-12 08:00:00,119606000.0,119743000.0,119222000.0,119508000.0,164.45762009
2026-05-12 12:00:00,119511000.0,119900000.0,119000000.0,119121000.0,246.13064743
2026-05-12 16:00:00,119156000.0,119674000.0,118646000.0,119658000.0,129.78053778
2026-05-12 20:00:00,119658000.0,119702000.0,119201000.0,119202000.0,90.58991189
2026-05-13 00:00:00,119202000.0,120339000.0,119112000.0,120233000.0,292.18726306
2026-05-13 04:00:00,120233000.0,120247000.0,119606000.0,119771000.0,147.79793693
2026-05-13 08:00:00,119779000.0,120140000.0,119239000.0,119275000.0,189.38569318
2026-05-13 12:00:00,119281000.0,119413000.0,117400000.0,117404000.0,604.09683782
2026-05-13 16:00:00,117404000.0,118518000.0,117300000.0,118393000.0,138.53815185
2026-05-13 20:00:00,118393000.0,118600000.0,117820000.0,117854000.0,159.36668171
2026-05-14 00:00:00,117854000.0,118313000.0,117325000.0,117390000.0,260.84136754
2026-05-14 04:00:00,117390000.0,118656000.0,117339000.0,118345000.0,171.3490408
2026-05-14 08:00:00,118350000.0,118600000.0,117700000.0,117715000.0,139.26983479
2026-05-14 12:00:00,117713000.0,120200000.0,117699000.0,120151000.0,419.15716268
2026-05-14 16:00:00,120193000.0,121000000.0,119749000.0,120083000.0,422.56494329
2026-05-14 20:00:00,120120000.0,120479000.0,119719000.0,119848000.0,212.93444076
2026-05-15 00:00:00,119849000.0,121000000.0,119751000.0,119932000.0,347.68568242
2026-05-15 04:00:00,119933000.0,119935000.0,119073000.0,119700000.0,309.24780255
2026-05-15 08:00:00,119700000.0,119738000.0,119258000.0,119499000.0,119.01028441
2026-05-15 12:00:00,119500000.0,119592000.0,117093000.0,117851000.0,577.98817399
2026-05-15 16:00:00,117869000.0,118300000.0,117740000.0,117855000.0,81.53466303
2026-05-15 20:00:00,117943000.0,117963000.0,117601000.0,117780000.0,135.07808391
2026-05-16 00:00:00,117783000.0,118050000.0,117628000.0,117835000.0,120.10990631
2026-05-16 04:00:00,117831000.0,117831000.0,116700000.0,116872000.0,269.37331612
2026-05-16 08:00:00,116873000.0,116896000.0,115833000.0,116544000.0,411.20729631
2026-05-16 12:00:00,116535000.0,116706000.0,115952000.0,116695000.0,164.61718048
2026-05-16 16:00:00,116695000.0,116778000.0,116423000.0,116595000.0,43.14641796
2026-05-16 20:00:00,116594000.0,116793000.0,116594000.0,116697000.0,52.54387755
2026-05-17 00:00:00,116706000.0,116893000.0,116008000.0,116386000.0,125.99818467
2026-05-17 04:00:00,116388000.0,116785000.0,116344000.0,116547000.0,76.19985994
2026-05-17 08:00:00,116550000.0,117199000.0,116445000.0,117055000.0,104.56946751
2026-05-17 12:00:00,117055000.0,117162000.0,116154000.0,116272000.0,121.13060055
2026-05-17 16:00:00,116272000.0,116759000.0,116129000.0,116667000.0,43.85837441
2026-05-17 20:00:00,116670000.0,116753000.0,114953000.0,115494000.0,329.76775995
2026-05-18 00:00:00,115494000.0,115494000.0,114210000.0,114443000.0,546.73701194
2026-05-18 04:00:00,114443000.0,114655000.0,114017000.0,114515000.0,224.40896342
2026-05-18 08:00:00,114508000.0,114794000.0,113801000.0,114700000.0,282.3906341
2026-05-18 12:00:00,114751000.0,115600000.0,113305000.0,113762000.0,464.22766711
2026-05-18 16:00:00,113762000.0,114398000.0,113388000.0,114302000.0,81.01319738
2026-05-18 20:00:00,114303000.0,114687000.0,114095000.0,114328000.0,109.09268497
2026-05-19 00:00:00,114350000.0,114900000.0,113708000.0,114203000.0,211.733745
2026-05-19 04:00:00,114200000.0,115063000.0,114000000.0,115051000.0,125.82974292
2026-05-19 08:00:00,115052000.0,115062000.0,114225000.0,114307000.0,92.27328597
2026-05-19 12:00:00,114307000.0,114770000.0,113657000.0,114093000.0,149.44702749
2026-05-19 16:00:00,114116000.0,114762000.0,113930000.0,114463000.0,34.93167972
2026-05-19 20:00:00,114560000.0,114900000.0,114300000.0,114473000.0,80.70058775
2026-05-20 00:00:00,114473000.0,114486000.0,113900000.0,114000000.0,180.88458503
2026-05-20 04:00:00,113998000.0,114945000.0,113998000.0,114740000.0,147.12167114
2026-05-20 08:00:00,114740000.0,115505000.0,114614000.0,115097000.0,154.95863554
2026-05-20 12:00:00,115097000.0,115612000.0,114536000.0,114897000.0,225.59126732
2026-05-20 16:00:00,114897000.0,115300000.0,114327000.0,115200000.0,72.10450718
2026-05-20 20:00:00,115236000.0,115345000.0,114802000.0,114949000.0,96.86521608
2026-05-21 00:00:00,114949000.0,115899000.0,114948000.0,115897000.0,190.7686113
2026-05-21 04:00:00,115897000.0,115935000.0,115205000.0,115660000.0,133.1270164
2026-05-21 08:00:00,115662000.0,116000000.0,114676000.0,114698000.0,179.15755073
2026-05-21 12:00:00,114698000.0,115085000.0,114215000.0,114703000.0,151.16123078
2026-05-21 16:00:00,114703000.0,115700000.0,114501000.0,115259000.0,68.59381028
2026-05-21 20:00:00,115259000.0,115424000.0,115026000.0,115159000.0,89.11179037
2026-05-22 00:00:00,115159000.0,115581000.0,114830000.0,115566000.0,138.92556162
2026-05-22 04:00:00,115567000.0,115651000.0,115132000.0,115345000.0,107.70642908
2026-05-22 08:00:00,115345000.0,115430000.0,115050000.0,115343000.0,96.65855761
2026-05-22 12:00:00,115356000.0,115538000.0,114414000.0,114670000.0,187.74507759
2026-05-22 16:00:00,114670000.0,115001000.0,113453000.0,113754000.0,178.73269671
2026-05-22 20:00:00,113753000.0,114072000.0,113186000.0,113350000.0,204.69038905
2026-05-23 00:00:00,113350000.0,113500000.0,112861000.0,113385000.0,302.29540997
2026-05-23 04:00:00,113385000.0,113450000.0,111944000.0,112067000.0,259.64330941
2026-05-23 08:00:00,112067000.0,112398000.0,111750000.0,112135000.0,290.14518421
2026-05-23 12:00:00,112135000.0,113395000.0,111863000.0,113176000.0,224.21312059
2026-05-23 16:00:00,113176000.0,113592000.0,112800000.0,113586000.0,71.97464853
2026-05-23 20:00:00,113586000.0,115500000.0,113565000.0,114869000.0,272.33302682
2026-05-24 00:00:00,114869000.0,115202000.0,114750000.0,114868000.0,133.96166146
2026-05-24 04:00:00,114897000.0,115050000.0,114564000.0,114813000.0,81.47696595
2026-05-24 08:00:00,114813000.0,115707000.0,114800000.0,115509000.0,117.74560266
2026-05-24 12:00:00,115509000.0,115546000.0,114000000.0,114290000.0,145.91184564
2026-05-24 16:00:00,114290000.0,114896000.0,114187000.0,114884000.0,33.52832206
2026-05-24 20:00:00,114896000.0,115471000.0,114081000.0,115381000.0,120.95446294
2026-05-25 00:00:00,115381000.0,115650000.0,115000000.0,115118000.0,133.68194865
2026-05-25 04:00:00,115118000.0,115700000.0,115066000.0,115376000.0,106.52892806
2026-05-25 08:00:00,115376000.0,115732000.0,115211000.0,115225000.0,89.71323006
2026-05-25 12:00:00,115226000.0,115732000.0,115144000.0,115530000.0,96.66447338
2026-05-25 16:00:00,115530000.0,115718000.0,115100000.0,115191000.0,37.72116264
2026-05-25 20:00:00,115157000.0,115306000.0,114675000.0,114891000.0,146.77198898
2026-05-26 00:00:00,114935000.0,114966000.0,113597000.0,113744000.0,329.8613055
2026-05-26 04:00:00,113745000.0,114125000.0,113612000.0,113710000.0,147.94302992
2026-05-26 08:00:00,113708000.0,114750000.0,113650000.0,114334000.0,153.74333746
2026-05-26 12:00:00,114332000.0,115250000.0,113272000.0,113612000.0,311.32677016
2026-05-26 16:00:00,113613000.0,113850000.0,112880000.0,113196000.0,107.19575453
2026-05-26 20:00:00,113196000.0,113358000.0,112420000.0,112425000.0,272.60949475
2026-05-27 00:00:00,112425000.0,112607000.0,111746000.0,111746000.0,392.40979687
2026-05-27 04:00:00,111746000.0,112221000.0,111100000.0,112215000.0,323.0876394
2026-05-27 08:00:00,112215000.0,112255000.0,111640000.0,111640000.0,148.03536793
2026-05-27 12:00:00,111641000.0,112148000.0,110114000.0,111000000.0,484.94115641
2026-05-27 16:00:00,111000000.0,111100000.0,110158000.0,110665000.0,88.67791586
2026-05-27 20:00:00,110665000.0,111187000.0,109248000.0,109549000.0,468.12424043
2026-05-28 00:00:00,109549000.0,110001000.0,107759000.0,107998000.0,625.31726009
2026-05-28 04:00:00,107914000.0,108607000.0,107175000.0,108607000.0,611.55894416
2026-05-28 08:00:00,108607000.0,108700000.0,108090000.0,108340000.0,185.96052656
2026-05-28 12:00:00,108340000.0,108675000.0,107314000.0,107645000.0,362.7841185
2026-05-28 16:00:00,107645000.0,108747000.0,107495000.0,108318000.0,106.43411062
2026-05-28 20:00:00,108318000.0,109200000.0,108083000.0,108465000.0,195.10013239
2026-05-29 00:00:00,108469000.0,108894000.0,107771000.0,107970000.0,304.73101221
2026-05-29 04:00:00,107970000.0,109018000.0,107771000.0,108624000.0,216.33128718
2026-05-29 08:00:00,108683000.0,109370000.0,108610000.0,108756000.0,172.01594612
2026-05-29 12:00:00,108756000.0,109700000.0,107484000.0,109210000.0,341.15035395
2026-05-29 16:00:00,109186000.0,109823000.0,108319000.0,108750000.0,112.94925312
2026-05-29 20:00:00,108801000.0,109230000.0,108561000.0,108790000.0,86.33592383
2026-05-30 00:00:00,108790000.0,109411000.0,108725000.0,109025000.0,126.7166346
2026-05-30 04:00:00,109036000.0,109227000.0,108591000.0,108890000.0,103.83118553
2026-05-30 08:00:00,108890000.0,109144000.0,108825000.0,108993000.0,69.83772447
2026-05-30 12:00:00,108994000.0,109698000.0,108992000.0,109494000.0,88.06991479
2026-05-30 16:00:00,109494000.0,109698000.0,109401000.0,109605000.0,33.86924759
2026-05-30 20:00:00,109605000.0,109663000.0,109370000.0,109399000.0,51.81914595
2026-05-31 00:00:00,109399000.0,109900000.0,109394000.0,109820000.0,113.55973746
2026-05-31 04:00:00,109820000.0,109849000.0,109214000.0,109225000.0,87.92657661
2026-05-31 08:00:00,109229000.0,109428000.0,109197000.0,109259000.0,76.2873753
2026-05-31 12:00:00,109273000.0,109305000.0,108499000.0,108621000.0,156.71913149
2026-05-31 16:00:00,108663000.0,108800000.0,108300000.0,108512000.0,71.56719962
2026-05-31 20:00:00,108571000.0,109279000.0,108276000.0,108445000.0,132.99756228
2026-06-01 00:00:00,108445000.0,109030000.0,107890000.0,108398000.0,342.88959153
2026-06-01 04:00:00,108398000.0,108509000.0,106874000.0,106898000.0,422.00939619
2026-06-01 08:00:00,106898000.0,107280000.0,106191000.0,106301000.0,330.25685289
2026-06-01 12:00:00,106301000.0,106574000.0,104238000.0,104271000.0,960.36616886
2026-06-01 16:00:00,104271000.0,105408000.0,103751000.0,104900000.0,236.94072544
2026-06-01 20:00:00,104900000.0,105039000.0,103747000.0,104140000.0,463.52357625
2026-06-02 00:00:00,104140000.0,104140000.0,102000000.0,103499000.0,793.7035492
2026-06-02 04:00:00,103472000.0,103756000.0,102096000.0,102699000.0,364.61295775
2026-06-02 08:00:00,102699000.0,102699000.0,101498000.0,101695000.0,399.67494662
2026-06-02 12:00:00,101693000.0,101705000.0,98919000.0,99244000.0,1456.86941622
2026-06-02 16:00:00,99246000.0,100400000.0,98210000.0,99400000.0,428.23833635
2026-06-02 20:00:00,99400000.0,100400000.0,98110000.0,98760000.0,572.75430884
2026-06-03 00:00:00,98760000.0,99460000.0,97110000.0,97476000.0,829.5597945
2026-06-03 04:00:00,97476000.0,100073000.0,97471000.0,99668000.0,483.70034042
2026-06-03 08:00:00,99668000.0,99885000.0,98679000.0,99428000.0,264.50676245
2026-06-03 12:00:00,99428000.0,99526000.0,97881000.0,97888000.0,295.63214111
2026-06-03 16:00:00,97888000.0,98249000.0,97000000.0,97255000.0,223.47319739
2026-06-03 20:00:00,97255000.0,97600000.0,95015000.0,95032000.0,803.24951833
2026-06-04 00:00:00,95032000.0,96207000.0,91523000.0,95865000.0,1827.53133302
2026-06-04 04:00:00,95865000.0,96604000.0,94556000.0,94851000.0,471.87300542
2026-06-04 08:00:00,94851000.0,95317000.0,92866000.0,93432000.0,544.2545915
2026-06-04 12:00:00,93411000.0,96311000.0,93200000.0,95478000.0,467.14390278
2026-06-04 16:00:00,95477000.0,95604000.0,94000000.0,94946000.0,123.15975212
2026-06-04 20:00:00,94905000.0,95506000.0,94336000.0,95506000.0,225.05137008
2026-06-05 00:00:00,95506000.0,95506000.0,93501000.0,94100000.0,415.73089332
2026-06-05 04:00:00,94100000.0,95377000.0,92500000.0,94771000.0,684.00480854
2026-06-05 08:00:00,94771000.0,94999000.0,93265000.0,93304000.0,291.52770835
2026-06-05 12:00:00,93309000.0,94077000.0,91454000.0,91978000.0,854.25668609
2026-06-05 16:00:00,91952000.0,93520000.0,90500000.0,91774000.0,627.48373777
2026-06-05 20:00:00,91763000.0,94000000.0,91300000.0,93000000.0,371.1412951
2026-06-06 00:00:00,93000000.0,93600000.0,92133000.0,92351000.0,266.23192799
2026-06-06 04:00:00,92351000.0,93048000.0,90895000.0,92576000.0,464.81747401
2026-06-06 08:00:00,92576000.0,93275000.0,91639000.0,92451000.0,208.29869664
2026-06-06 12:00:00,92451000.0,92901000.0,91847000.0,92394000.0,149.60490854
2026-06-06 16:00:00,92350000.0,92568000.0,91807000.0,92106000.0,55.89840735
2026-06-06 20:00:00,92106000.0,92629000.0,91929000.0,92560000.0,86.18660737
2026-06-07 00:00:00,92560000.0,93803000.0,92353000.0,93800000.0,307.73506615
2026-06-07 04:00:00,93800000.0,94970000.0,93516000.0,94939000.0,319.60438569
2026-06-07 08:00:00,94934000.0,95750000.0,94610000.0,95185000.0,397.55736754
2026-06-07 12:00:00,95185000.0,95205000.0,93531000.0,94158000.0,314.37083577
2026-06-07 16:00:00,94158000.0,94489000.0,93000000.0,93162000.0,114.32497763
2026-06-07 20:00:00,93162000.0,97000000.0,93036000.0,95430000.0,439.24801175
2026-06-08 00:00:00,95502000.0,96400000.0,94720000.0,95313000.0,413.76693443
2026-06-08 04:00:00,95310000.0,95355000.0,94000000.0,95001000.0,227.90574246
2026-06-08 08:00:00,95012000.0,95682000.0,94614000.0,95106000.0,167.25412846
2026-06-08 12:00:00,95157000.0,96000000.0,94116000.0,95452000.0,306.07273587
2026-06-08 16:00:00,95462000.0,95820000.0,94704000.0,94721000.0,84.14495472
2026-06-08 20:00:00,94733000.0,95468000.0,94500000.0,94730000.0,163.72333518
2026-06-09 00:00:00,94735000.0,94857000.0,93713000.0,94291000.0,267.40532458
2026-06-09 04:00:00,94291000.0,94980000.0,94050000.0,94450000.0,161.25382708
2026-06-09 08:00:00,94450000.0,94459000.0,93700000.0,93962000.0,135.93099502
2026-06-09 12:00:00,93962000.0,94238000.0,91962000.0,92129000.0,477.87794091
2026-06-09 16:00:00,92088000.0,93175000.0,91700000.0,93168000.0,168.1780237
2026-06-09 20:00:00,93168000.0,93390000.0,92311000.0,92555000.0,123.19884846
2026-06-10 00:00:00,92555000.0,92803000.0,91988000.0,92255000.0,224.20021658
2026-06-10 04:00:00,92254000.0,92800000.0,91659000.0,92598000.0,212.28311222
2026-06-10 08:00:00,92597000.0,92634000.0,91500000.0,91891000.0,189.96285315
2026-06-10 12:00:00,91876000.0,94470000.0,91814000.0,94159000.0,372.56725877
2026-06-10 16:00:00,94159000.0,94160000.0,92845000.0,93366000.0,84.56337131
2026-06-10 20:00:00,93384000.0,93398000.0,92060000.0,92601000.0,173.70352146
2026-06-11 00:00:00,92560000.0,94294000.0,92558000.0,94108000.0,195.82467278
2026-06-11 04:00:00,94143000.0,94597000.0,93910000.0,94329000.0,160.76484147
2026-06-11 08:00:00,94401000.0,95130000.0,94329000.0,94933000.0,157.38535665
2026-06-11 12:00:00,94933000.0,95100000.0,94102000.0,94396000.0,165.19508762
2026-06-11 16:00:00,94396000.0,95800000.0,93950000.0,95432000.0,176.38713597
2026-06-11 20:00:00,95495000.0,95777000.0,94908000.0,95623000.0,179.67948426
2026-06-12 00:00:00,95623000.0,95934000.0,95106000.0,95343000.0,199.69285151
2026-06-12 04:00:00,95343000.0,95867000.0,94598000.0,94950000.0,149.71808118
2026-06-12 08:00:00,94950000.0,96200000.0,94923000.0,96108000.0,195.63296555
2026-06-12 12:00:00,96108000.0,96947000.0,95170000.0,95845000.0,241.04915009
2026-06-12 16:00:00,95899000.0,96640000.0,95831000.0,96000000.0,81.03200831
2026-06-12 20:00:00,96027000.0,96174000.0,95625000.0,96029000.0,66.87043774
2026-06-13 00:00:00,96029000.0,96350000.0,95801000.0,95894000.0,118.16080517
2026-06-13 04:00:00,95894000.0,96350000.0,95821000.0,96270000.0,79.74356683
2026-06-13 08:00:00,96267000.0,96543000.0,96161000.0,96521000.0,100.14517237
2026-06-13 12:00:00,96521000.0,97096000.0,96464000.0,96997000.0,191.00889082
2026-06-13 16:00:00,96976000.0,97036000.0,96500000.0,97025000.0,54.0412684
2026-06-13 20:00:00,97000000.0,97713000.0,96966000.0,97475000.0,145.08539673
2026-06-14 00:00:00,97476000.0,97920000.0,97400000.0,97701000.0,175.622173
2026-06-14 04:00:00,97701000.0,97721000.0,97050000.0,97350000.0,118.4454412
2026-06-14 08:00:00,97350000.0,97801000.0,97186000.0,97639000.0,114.51354788
2026-06-14 12:00:00,97639000.0,97670000.0,96350000.0,96628000.0,165.19366593
2026-06-14 16:00:00,96600000.0,96763000.0,96060000.0,96261000.0,65.02001551
2026-06-14 20:00:00,96242000.0,99265000.0,96168000.0,99190000.0,594.71765758
2026-06-15 00:00:00,99200000.0,99265000.0,98000000.0,98866000.0,332.27818227
2026-06-15 04:00:00,98867000.0,98958000.0,98500000.0,98626000.0,148.54277392
2026-06-15 08:00:00,98601000.0,99548000.0,98217000.0,99469000.0,231.96950971
2026-06-15 12:00:00,99469000.0,100950000.0,99379000.0,100950000.0,593.07535583
2026-06-15 16:00:00,100946000.0,100992000.0,99770000.0,100003000.0,148.27576835
2026-06-15 20:00:00,100033000.0,100145000.0,99010000.0,99588000.0,243.46906757
2026-06-16 00:00:00,99576000.0,99946000.0,98500000.0,99398000.0,284.00466331
2026-06-16 04:00:00,99370000.0,99995000.0,98795000.0,99723000.0,147.80616811
2026-06-16 08:00:00,99723000.0,100639000.0,99600000.0,99859000.0,173.3251654
2026-06-16 12:00:00,99861000.0,100251000.0,98225000.0,98991000.0,268.2712612
2026-06-16 16:00:00,98981000.0,99450000.0,98500000.0,98598000.0,59.23867221
2026-06-16 20:00:00,98570000.0,99069000.0,98489000.0,98645000.0,76.39628376
2026-06-17 00:00:00,98624000.0,99333000.0,98500000.0,98969000.0,145.9875888
2026-06-17 04:00:00,98988000.0,99250000.0,98209000.0,98472000.0,126.94948653
2026-06-17 08:00:00,98471000.0,98516000.0,97000000.0,97503000.0,293.84521699
2026-06-17 12:00:00,97480000.0,98850000.0,97160000.0,98642000.0,196.98081231
2026-06-17 16:00:00,98643000.0,99633000.0,96650000.0,97001000.0,228.15698349
2026-06-17 20:00:00,96974000.0,97300000.0,96511000.0,97219000.0,204.69236926
2026-06-18 00:00:00,97277000.0,97542000.0,96654000.0,96694000.0,177.96482942
2026-06-18 04:00:00,96654000.0,97025000.0,95732000.0,97018000.0,314.37595247
2026-06-18 08:00:00,96998000.0,97200000.0,96397000.0,96559000.0,127.24224107
2026-06-18 12:00:00,96574000.0,97222000.0,94403000.0,94554000.0,333.35226897
2026-06-18 16:00:00,94504000.0,95300000.0,94323000.0,95213000.0,147.00396217
2026-06-18 20:00:00,95284000.0,95627000.0,94746000.0,94988000.0,182.54029442
2026-06-19 00:00:00,94988000.0,95302000.0,94300000.0,94692000.0,249.42613995
2026-06-19 04:00:00,94680000.0,94836000.0,94040000.0,94409000.0,235.56642827
2026-06-19 08:00:00,94409000.0,94732000.0,94046000.0,94596000.0,114.11338974
2026-06-19 12:00:00,94596000.0,95781000.0,94216000.0,95400000.0,188.47256275
2026-06-19 16:00:00,95422000.0,95658000.0,94980000.0,95213000.0,39.25780486
2026-06-19 20:00:00,95220000.0,96199000.0,95121000.0,96102000.0,65.56589398
2026-06-20 00:00:00,96074000.0,96405000.0,95850000.0,96086000.0,123.57014208
2026-06-20 04:00:00,96086000.0,96584000.0,96007000.0,96370000.0,92.65274044
2026-06-20 08:00:00,96370000.0,96513000.0,95925000.0,96446000.0,78.54350505
2026-06-20 12:00:00,96421000.0,97220000.0,95600000.0,96879000.0,154.7825147
2026-06-20 16:00:00,96880000.0,96880000.0,96400000.0,96700000.0,39.5278132
2026-06-20 20:00:00,96700000.0,97332000.0,96573000.0,97291000.0,71.88617607
2026-06-21 00:00:00,97261000.0,97500000.0,97118000.0,97461000.0,100.82022665
2026-06-21 04:00:00,97461000.0,97593000.0,96905000.0,96940000.0,81.70282583
2026-06-21 08:00:00,96989000.0,97243000.0,96498000.0,96859000.0,98.39165857
2026-06-21 12:00:00,96895000.0,97049000.0,96550000.0,96674000.0,77.80484502
2026-06-21 16:00:00,96675000.0,96864000.0,96460000.0,96700000.0,50.83356286
2026-06-21 20:00:00,96759000.0,96774000.0,95300000.0,95395000.0,177.9405288
2026-06-22 00:00:00,95395000.0,97400000.0,95300000.0,96458000.0,253.38014534
2026-06-22 04:00:00,96457000.0,97055000.0,96320000.0,96825000.0,135.2981451
2026-06-22 08:00:00,96817000.0,97488000.0,96559000.0,97369000.0,117.21473779
2026-06-22 12:00:00,97366000.0,98625000.0,97290000.0,97646000.0,314.74646922
2026-06-22 16:00:00,97647000.0,97724000.0,96980000.0,97275000.0,63.95367236
2026-06-22 20:00:00,97228000.0,97536000.0,96470000.0,96640000.0,120.86647014
2026-06-23 00:00:00,96640000.0,97000000.0,96154000.0,96281000.0,220.57397278
2026-06-23 04:00:00,96281000.0,96350000.0,94210000.0,94800000.0,366.66938308
2026-06-23 08:00:00,94768000.0,94851000.0,93569000.0,94461000.0,327.88735035
2026-06-23 12:00:00,94461000.0,94851000.0,93600000.0,94289000.0,178.21680695
2026-06-23 16:00:00,94317000.0,94800000.0,93863000.0,94227000.0,55.18424561
2026-06-23 20:00:00,94170000.0,94784000.0,94170000.0,94490000.0,105.13625041
2026-06-24 00:00:00,94490000.0,94998000.0,94000000.0,94473000.0,173.41719403
2026-06-24 04:00:00,94400000.0,95000000.0,94185000.0,94596000.0,106.17314052
2026-06-24 08:00:00,94595000.0,95448000.0,94300000.0,95049000.0,106.38269942
2026-06-24 12:00:00,95049000.0,95200000.0,91710000.0,91744000.0,732.3891583
2026-06-24 16:00:00,91744000.0,92260000.0,90500000.0,91600000.0,656.27178076
2026-06-24 20:00:00,91600000.0,93177000.0,91479000.0,92583000.0,323.57030815
2026-06-25 00:00:00,92583000.0,92850000.0,92149000.0,92300000.0,239.99937859
2026-06-25 04:00:00,92300000.0,93699000.0,92251000.0,93640000.0,207.89996758
2026-06-25 08:00:00,93630000.0,93641000.0,92317000.0,92855000.0,146.44590081
2026-06-25 12:00:00,92850000.0,93435000.0,89390000.0,90779000.0,1427.37425492
2026-06-25 16:00:00,90785000.0,91377000.0,90072000.0,90300000.0,168.11442128
2026-06-25 20:00:00,90257000.0,91499000.0,90257000.0,90890000.0,223.41326234
2026-06-26 00:00:00,90899000.0,91234000.0,89000000.0,91060000.0,823.416685
2026-06-26 04:00:00,91054000.0,92000000.0,90451000.0,91739000.0,328.28653541
2026-06-26 08:00:00,91709000.0,91779000.0,89979000.0,90197000.0,196.22498634
2026-06-26 12:00:00,90174000.0,91600000.0,89100000.0,91330000.0,397.12365991
2026-06-26 16:00:00,91264000.0,91700000.0,90195000.0,90420000.0,87.66912912
2026-06-26 20:00:00,90420000.0,91170000.0,90200000.0,91165000.0,74.74620767
2026-06-27 00:00:00,91165000.0,91569000.0,90777000.0,91530000.0,126.79558175
2026-06-27 04:00:00,91461000.0,91830000.0,91173000.0,91828000.0,111.88038127
2026-06-27 08:00:00,91828000.0,91872000.0,91326000.0,91572000.0,71.47777328
2026-06-27 12:00:00,91570000.0,92300000.0,91371000.0,92122000.0,99.37767065
2026-06-27 16:00:00,92122000.0,92182000.0,91206000.0,91337000.0,58.93865905
2026-06-27 20:00:00,91338000.0,91858000.0,91000000.0,91144000.0,80.05635521
2026-06-28 00:00:00,91130000.0,91555000.0,91047000.0,91362000.0,63.48130008
2026-06-28 04:00:00,91308000.0,91390000.0,90756000.0,91291000.0,82.71283812
2026-06-28 08:00:00,91291000.0,91700000.0,91042000.0,91366000.0,65.70171532
2026-06-28 12:00:00,91412000.0,91549000.0,90630000.0,90643000.0,84.15867203
2026-06-28 16:00:00,90642000.0,90725000.0,90000000.0,90247000.0,98.23745575
2026-06-28 20:00:00,90247000.0,90771000.0,89550000.0,90224000.0,229.7418259
2026-06-29 00:00:00,90240000.0,91120000.0,89454000.0,90915000.0,374.6625095
2026-06-29 04:00:00,90915000.0,91300000.0,90098000.0,90944000.0,152.12573519
2026-06-29 08:00:00,90944000.0,91300000.0,90586000.0,90858000.0,113.44879284
2026-06-29 12:00:00,90854000.0,91960000.0,89700000.0,90700000.0,366.9482434
2026-06-29 16:00:00,90700000.0,91795000.0,90381000.0,91422000.0,89.01996527
2026-06-29 20:00:00,91350000.0,91541000.0,91059000.0,91106000.0,104.26032543
2026-06-30 00:00:00,91135000.0,91187000.0,90476000.0,90512000.0,157.12788959
2026-06-30 04:00:00,90509000.0,90616000.0,90200000.0,90405000.0,130.8354984
2026-06-30 08:00:00,90404000.0,90434000.0,90060000.0,90135000.0,130.30964501
2026-06-30 12:00:00,90137000.0,90216000.0,89000000.0,89016000.0,569.7139977
2026-06-30 16:00:00,89016000.0,89648000.0,89005000.0,89594000.0,85.18176128
2026-06-30 20:00:00,89594000.0,89727000.0,89165000.0,89290000.0,144.06959411
2026-07-01 00:00:00,89348000.0,90250000.0,88770000.0,90095000.0,462.77698457
2026-07-01 04:00:00,90095000.0,90396000.0,89155000.0,89584000.0,179.30417164
2026-07-01 08:00:00,89575000.0,89955000.0,89230000.0,89397000.0,104.37916871
2026-07-01 12:00:00,89397000.0,91770000.0,89076000.0,91188000.0,435.56575657
2026-07-01 16:00:00,91239000.0,91500000.0,90700000.0,91087000.0,99.86487769
2026-07-01 20:00:00,91052000.0,92890000.0,90800000.0,91116000.0,298.70712594
2026-07-02 00:00:00,91163000.0,92543000.0,90500000.0,92425000.0,273.30366629
2026-07-02 04:00:00,92424000.0,92425000.0,91056000.0,91121000.0,188.60138345
2026-07-02 08:00:00,91117000.0,92823000.0,91111000.0,92770000.0,241.72414723
2026-07-02 12:00:00,92767000.0,93835000.0,92429000.0,92912000.0,408.44489687
2026-07-02 16:00:00,92919000.0,93465000.0,92381000.0,92704000.0,77.77353385
2026-07-02 20:00:00,92703000.0,93100000.0,92601000.0,92950000.0,84.3762889
2026-07-03 00:00:00,92950000.0,93242000.0,92430000.0,92800000.0,178.12855245
2026-07-03 04:00:00,92790000.0,93360000.0,92714000.0,93080000.0,140.71932885
2026-07-03 08:00:00,93080000.0,93600000.0,92739000.0,93578000.0,132.05685661
2026-07-03 12:00:00,93545000.0,93970000.0,93029000.0,93301000.0,189.16807643
2026-07-03 16:00:00,93301000.0,93800000.0,93300000.0,93674000.0,40.02166462
2026-07-03 20:00:00,93644000.0,94850000.0,93616000.0,94387000.0,201.12194571
2026-07-04 00:00:00,94392000.0,94850000.0,94108000.0,94556000.0,168.47837547
2026-07-04 04:00:00,94556000.0,94700000.0,94180000.0,94560000.0,93.8329027
2026-07-04 08:00:00,94500000.0,94562000.0,94237000.0,94379000.0,65.96945869
2026-07-04 12:00:00,94380000.0,95000000.0,94379000.0,94940000.0,112.96961705
2026-07-04 16:00:00,94940000.0,95590000.0,94700000.0,95486000.0,92.25276128
2026-07-04 20:00:00,95486000.0,95700000.0,94905000.0,95242000.0,100.72063411
2026-07-05 00:00:00,95265000.0,95266000.0,94254000.0,94598000.0,138.69563445
2026-07-05 04:00:00,94598000.0,95055000.0,94529000.0,95054000.0,65.16947095
2026-07-05 08:00:00,95055000.0,95135000.0,94343000.0,94527000.0,76.34483176
2026-07-05 12:00:00,94527000.0,94734000.0,94387000.0,94489000.0,83.64837123
2026-07-05 16:00:00,94488000.0,94499000.0,94255000.0,94256000.0,15.01285052
2026-07-05 20:00:00,94256000.0,96100000.0,94255000.0,95672000.0,225.61332045
2026-07-06 00:00:00,95673000.0,96150000.0,95000000.0,95264000.0,197.6492038
2026-07-06 04:00:00,95264000.0,95500000.0,94700000.0,95054000.0,120.00939966
2026-07-06 08:00:00,95030000.0,95218000.0,94000000.0,94111000.0,143.11530177
2026-07-06 12:00:00,94111000.0,95555000.0,92513000.0,95525000.0,465.43825886
2026-07-06 16:00:00,95525000.0,96100000.0,95214000.0,95689000.0,154.39456586
2026-07-06 20:00:00,95652000.0,97000000.0,95391000.0,96040000.0,233.06522122
2026-07-07 00:00:00,96110000.0,96512000.0,94600000.0,94689000.0,253.79278436
2026-07-07 04:00:00,94689000.0,95329000.0,94149000.0,94760000.0,224.01429103
2026-07-07 08:00:00,94760000.0,95237000.0,94550000.0,94926000.0,114.07758816
2026-07-07 12:00:00,94954000.0,95870000.0,94101000.0,95596000.0,243.72891914
2026-07-07 16:00:00,95623000.0,96000000.0,94868000.0,95530000.0,68.67823409
2026-07-07 20:00:00,95530000.0,95629000.0,94753000.0,94922000.0,97.09635853
2026-07-08 00:00:00,94950000.0,95444000.0,93750000.0,93939000.0,198.04378507
2026-07-08 04:00:00,93939000.0,94053000.0,93135000.0,93772000.0,203.01598686
2026-07-08 08:00:00,93772000.0,93800000.0,92320000.0,93075000.0,292.67470764
2026-07-08 12:00:00,93075000.0,93186000.0,92144000.0,92386000.0,202.14807796
2026-07-08 16:00:00,92386000.0,93293000.0,92337000.0,93046000.0,70.37114698
2026-07-08 20:00:00,93028000.0,93209000.0,92485000.0,92917000.0,76.86572141
2026-07-09 00:00:00,92917000.0,93317000.0,92145000.0,92417000.0,164.1749394
2026-07-09 04:00:00,92417000.0,94429000.0,92417000.0,94048000.0,169.4056368
2026-07-09 08:00:00,94047000.0,94237000.0,93530000.0,93712000.0,111.51871004
2026-07-09 12:00:00,93722000.0,94523000.0,93401000.0,94041000.0,133.36473402
2026-07-09 16:00:00,94026000.0,94750000.0,93549000.0,94392000.0,57.62497911
2026-07-09 20:00:00,94392000.0,94672000.0,94076000.0,94317000.0,69.54291661
2026-07-10 00:00:00,94317000.0,95479000.0,93932000.0,95367000.0,216.10345577
2026-07-10 04:00:00,95359000.0,95721000.0,95104000.0,95377000.0,147.50599869
2026-07-10 08:00:00,95363000.0,96123000.0,95349000.0,95976000.0,146.19788326
2026-07-10 12:00:00,95965000.0,96300000.0,95219000.0,95395000.0,180.78099545
2026-07-10 16:00:00,95386000.0,95646000.0,95014000.0,95302000.0,44.50836497
2026-07-10 20:00:00,95234000.0,95737000.0,94950000.0,95718000.0,59.57408765
2026-07-11 00:00:00,95718000.0,95780000.0,95449000.0,95671000.0,70.89723209
2026-07-11 04:00:00,95671000.0,95815000.0,95591000.0,95686000.0,38.13026178
2026-07-11 08:00:00,95686000.0,95898000.0,95538000.0,95680000.0,54.14872932
2026-07-11 12:00:00,95680000.0,96154000.0,95331000.0,95640000.0,93.35668413
2026-07-11 16:00:00,95635000.0,95999000.0,95477000.0,95800000.0,22.82565381
2026-07-11 20:00:00,95779000.0,96000000.0,95200000.0,95226000.0,57.85055477
2026-07-12 00:00:00,95266000.0,95793000.0,95133000.0,95767000.0,100.04410771
2026-07-12 04:00:00,95762000.0,95823000.0,95134000.0,95419000.0,77.05157407
2026-07-12 08:00:00,95401000.0,95640000.0,95267000.0,95518000.0,48.85912881
2026-07-12 12:00:00,95518000.0,95775000.0,95350000.0,95627000.0,61.13774865
2026-07-12 16:00:00,95599000.0,95746000.0,95414000.0,95744000.0,18.37972528
2026-07-12 20:00:00,95743000.0,95746000.0,95001000.0,95003000.0,84.79587157
2026-07-13 00:00:00,95087000.0,95950000.0,93600000.0,93607000.0,354.28354261
2026-07-13 04:00:00,93605000.0,93650000.0,93070000.0,93500000.0,240.03282946
2026-07-13 08:00:00,93500000.0,93825000.0,93130000.0,93199000.0,103.34487123
2026-07-13 12:00:00,93199000.0,93360000.0,92238000.0,92953000.0,248.81532591
2026-07-13 16:00:00,92906000.0,92953000.0,92102000.0,92650000.0,118.87776675
2026-07-13 20:00:00,92646000.0,92711000.0,92092000.0,92347000.0,144.0190298
2026-07-14 00:00:00,92347000.0,92755000.0,92067000.0,92269000.0,193.15626697
2026-07-14 04:00:00,92250000.0,92698000.0,92183000.0,92401000.0,102.60884222
2026-07-14 08:00:00,92401000.0,93071000.0,92341000.0,92952000.0,96.67209685
2026-07-14 12:00:00,92951000.0,95578000.0,92834000.0,95400000.0,433.2138052
2026-07-14 16:00:00,95400000.0,95550000.0,94632000.0,94909000.0,105.72609254
2026-07-14 20:00:00,94921000.0,95637000.0,94744000.0,95464000.0,160.0125552
2026-07-15 00:00:00,95436000.0,95600000.0,94830000.0,95333000.0,151.9849786
2026-07-15 04:00:00,95340000.0,95998000.0,94994000.0,95153000.0,159.44250535
2026-07-15 08:00:00,95147000.0,95625000.0,95134000.0,95316000.0,72.5097661
2026-07-15 12:00:00,95316000.0,96435000.0,95202000.0,96230000.0,314.2834214
2026-07-15 16:00:00,96201000.0,96276000.0,95260000.0,95594000.0,62.4844127
2026-07-15 20:00:00,95594000.0,95594000.0,95010000.0,95130000.0,86.87879076
2026-07-16 00:00:00,95159000.0,95241000.0,94500000.0,94750000.0,154.77231679
2026-07-16 04:00:00,94738000.0,95333000.0,94140000.0,94380000.0,132.6652502
2026-07-16 08:00:00,94378000.0,94567000.0,93987000.0,94300000.0,135.46850589
2026-07-16 12:00:00,94299000.0,95283000.0,93899000.0,94971000.0,150.4862335
2026-07-16 16:00:00,94980000.0,95063000.0,94095000.0,94553000.0,46.37648199
2026-07-16 20:00:00,94553000.0,94570000.0,93899000.0,93949000.0,59.61907718
2026-07-17 00:00:00,93949000.0,94270000.0,93393000.0,93621000.0,128.05547229
2026-07-17 04:00:00,93606000.0,93639000.0,92579000.0,92820000.0,217.3627724
2026-07-17 08:00:00,92820000.0,93600000.0,92648000.0,93568000.0,97.18961877
2026-07-17 12:00:00,93541000.0,93870000.0,92600000.0,93700000.0,123.21222977
2026-07-17 16:00:00,93700000.0,94950000.0,93508000.0,94533000.0,96.22479826
2026-07-17 20:00:00,94537000.0,94657000.0,94186000.0,94300000.0,43.62961847
2026-07-18 00:00:00,94300000.0,94451000.0,94137000.0,94405000.0,78.52531528
2026-07-18 04:00:00,94405000.0,94540000.0,94323000.0,94512000.0,48.50324932
2026-07-18 08:00:00,94512000.0,94619000.0,94425000.0,94619000.0,35.16936367
2026-07-18 12:00:00,94619000.0,94904000.0,94583000.0,94646000.0,52.91534837
2026-07-18 16:00:00,94646000.0,95296000.0,94607000.0,95147000.0,60.64222031
2026-07-18 20:00:00,95153000.0,95600000.0,95119000.0,95485000.0,77.40527689
2026-07-19 00:00:00,95495000.0,95610000.0,95141000.0,95226000.0,106.12152732
2026-07-19 04:00:00,95226000.0,95448000.0,95118000.0,95350000.0,58.95262921
2026-07-19 08:00:00,95273000.0,95350000.0,94936000.0,94978000.0,60.22510182
2026-07-19 12:00:00,94978000.0,95060000.0,94715000.0,95029000.0,75.79968643
2026-07-19 16:00:00,95029000.0,95232000.0,94715000.0,94857000.0,33.55842414
2026-07-19 20:00:00,94857000.0,95350000.0,94701000.0,95073000.0,71.4638258
2026-07-20 00:00:00,95073000.0,95701000.0,94830000.0,95100000.0,163.95964674
2026-07-20 04:00:00,95105000.0,95111000.0,93672000.0,94359000.0,191.13950866
2026-07-20 08:00:00,94300000.0,95274000.0,93800000.0,95272000.0,136.91824565
2026-07-20 12:00:00,95273000.0,95860000.0,94148000.0,95839000.0,225.14951692
2026-07-20 16:00:00,95841000.0,95951000.0,95034000.0,95100000.0,97.49544111
2026-07-20 20:00:00,95189000.0,95483000.0,95039000.0,95250000.0,60.72422068
2026-07-21 00:00:00,95250000.0,95840000.0,95101000.0,95578000.0,151.22635789
2026-07-21 04:00:00,95578000.0,96500000.0,95447000.0,96439000.0,219.5956073
2026-07-21 08:00:00,96439000.0,97000000.0,96405000.0,96955000.0,203.74453148
2026-07-21 12:00:00,96955000.0,97800000.0,96886000.0,97540000.0,243.84213605
2026-07-21 16:00:00,97495000.0,97559000.0,96551000.0,97021000.0,89.94305968
2026-07-21 20:00:00,97020000.0,97220000.0,96721000.0,97200000.0,101.34679744
2026-07-22 00:00:00,97219000.0,97600000.0,96861000.0,96929000.0,129.21191538
2026-07-22 04:00:00,96929000.0,97269000.0,96159000.0,96235000.0,143.80317745
2026-07-22 08:00:00,96236000.0,96626000.0,96166000.0,96420000.0,80.78850081
2026-07-22 12:00:00,96419000.0,96587000.0,95846000.0,96225000.0,173.84265862
2026-07-22 16:00:00,96177000.0,96626000.0,95966000.0,96265000.0,72.88718686
2026-07-22 20:00:00,96239000.0,96582000.0,96150000.0,96557000.0,60.8722157
2026-07-23 00:00:00,96558000.0,96768000.0,95544000.0,95695000.0,149.59419871
2026-07-23 04:00:00,95705000.0,95900000.0,95300000.0,95405000.0,109.10340933
2026-07-23 08:00:00,95405000.0,95900000.0,95290000.0,95654000.0,49.27085451
2026-07-23 12:00:00,95654000.0,95759000.0,94892000.0,95069000.0,177.504315
2026-07-23 16:00:00,95064000.0,95225000.0,94811000.0,95073000.0,54.69577104
2026-07-23 20:00:00,95012000.0,95597000.0,94984000.0,95351000.0,60.35075383
2026-07-24 00:00:00,95365000.0,95367000.0,94607000.0,95338000.0,144.032029
2026-07-24 04:00:00,95289000.0,95799000.0,95049000.0,95500000.0,122.52277959
2026-07-24 08:00:00,95420000.0,95500000.0,94672000.0,94934000.0,89.47840059
2026-07-24 12:00:00,94913000.0,94996000.0,93379000.0,93755000.0,312.24216159
2026-07-24 16:00:00,93735000.0,94082000.0,93500000.0,93969000.0,44.86528484
2026-07-24 20:00:00,93975000.0,94068000.0,93862000.0,94019000.0,41.03554641
2026-07-25 00:00:00,94019000.0,94025000.0,93700000.0,93793000.0,71.81127262
2026-07-25 04:00:00,93750000.0,93973000.0,93549000.0,93721000.0,57.48323504
2026-07-25 08:00:00,93719000.0,93891000.0,93401000.0,93775000.0,67.16005122
2026-07-25 12:00:00,93775000.0,94116000.0,93775000.0,93870000.0,55.28077467
2026-07-25 16:00:00,93860000.0,94251000.0,93800000.0,94065000.0,36.91049449
2026-07-25 20:00:00,94053000.0,94333000.0,94010000.0,94224000.0,42.08764149
2026-07-26 00:00:00,94226000.0,94531000.0,94220000.0,94531000.0,56.53525957
2026-07-26 04:00:00,94515000.0,94537000.0,94000000.0,94063000.0,70.32288151
2026-07-26 08:00:00,94062000.0,94376000.0,94000000.0,94304000.0,56.63067013
2026-07-26 12:00:00,94304000.0,94526000.0,94030000.0,94403000.0,70.77709276
2026-07-26 16:00:00,94403000.0,94600000.0,94230000.0,94324000.0,26.34583973
2026-07-26 20:00:00,94271000.0,95238000.0,94100000.0,95068000.0,121.6731601
2026-07-27 00:00:00,95016000.0,95126000.0,94506000.0,94910000.0,145.51473074
2026-07-27 04:00:00,94910000.0,95400000.0,94852000.0,94925000.0,95.63571079
2026-07-27 08:00:00,94925000.0,95157000.0,94757000.0,94780000.0,70.22459019
2026-07-27 12:00:00,94778000.0,95482000.0,94039000.0,94170000.0,170.07761156
2026-07-27 16:00:00,94170000.0,94766000.0,94102000.0,94587000.0,39.15297214
2026-07-27 20:00:00,94561000.0,94720000.0,93000000.0,93147000.0,213.3357938
2026-07-28 00:00:00,93147000.0,93285000.0,92100000.0,92226000.0,339.76896783
2026-07-28 04:00:00,92226000.0,92600000.0,92125000.0,92350000.0,143.60676596
2026-07-28 08:00:00,92350000.0,92432000.0,92116000.0,92276000.0,87.27077163
2026-07-28 12:00:00,92276000.0,92844000.0,91500000.0,92720000.0,267.86868766
2026-07-28 16:00:00,92709000.0,92957000.0,92199000.0,92737000.0,36.61703484
2026-07-28 20:00:00,92660000.0,92987000.0,92088000.0,92680000.0,94.48683395
2026-07-29 00:00:00,92680000.0,92996000.0,91640000.0,91700000.0,264.69082207
2026-07-29 04:00:00,91658000.0,92264000.0,91200000.0,92260000.0,288.48109105
2026-07-29 08:00:00,92260000.0,92790000.0,92036000.0,92563000.0,86.95677919
2026-07-29 12:00:00,92563000.0,92790000.0,91650000.0,91723000.0,102.92943036
2026-07-29 16:00:00,91724000.0,92700000.0,91234000.0,91240000.0,108.6928565
2026-07-29 20:00:00,91269000.0,92000000.0,91000000.0,91424000.0,205.15172938
2026-07-30 00:00:00,91374000.0,92119000.0,90888000.0,91578000.0,221.44383396
2026-07-30 04:00:00,91578000.0,91600000.0,91100000.0,91150000.0,88.9537391
2026-07-30 08:00:00,91157000.0,92307000.0,91128000.0,92198000.0,111.47370382
2026-07-30 12:00:00,92177000.0,92460000.0,91500000.0,91763000.0,128.36355292
2026-07-30 16:00:00,91762000.0,91997000.0,91500000.0,91683000.0,27.61520819
2026-07-30 20:00:00,91683000.0,91871000.0,91541000.0,91620000.0,83.03088287
2026-07-31 00:00:00,91565000.0,92849000.0,91374000.0,91815000.0,236.35172593
2026-07-31 04:00:00,91801000.0,91891000.0,91088000.0,91172000.0,133.82541953
2026-07-31 08:00:00,91172000.0,91500000.0,90800000.0,91201000.0,150.48804488
2026-07-31 12:00:00,91200000.0,91327000.0,89900000.0,90170000.0,401.89968544
2026-07-31 16:00:00,90171000.0,90734000.0,90167000.0,90358000.0,51.75400929
2026-07-31 20:00:00,90358000.0,90535000.0,90247000.0,90360000.0,56.14401522
2026-08-01 00:00:00,90363000.0,90691000.0,90350000.0,90474000.0,73.16408108
2026-08-01 04:00:00,90474000.0,90644000.0,90402000.0,90578000.0,51.2867943
2026-08-01 08:00:00,90576000.0,90788000.0,90544000.0,90760000.0,59.86664902
2026-08-01 12:00:00,90736000.0,90818000.0,90614000.0,90614000.0,39.18664948
2026-08-01 16:00:00,90614000.0,90670000.0,89800000.0,90229000.0,101.24578223
2026-08-01 20:00:00,90228000.0,90651000.0,90172000.0,90557000.0,33.22129962
2026-08-02 00:00:00,90557000.0,91390000.0,90511000.0,91240000.0,105.03945237
2026-08-02 04:00:00,91240000.0,91398000.0,90989000.0,91153000.0,51.77353617
2026-08-02 08:00:00,91153000.0,91187000.0,90419000.0,90426000.0,79.48866374
2026-08-02 12:00:00,90427000.0,90733000.0,90427000.0,90593000.0,47.49256879
2026-08-02 16:00:00,90593000.0,91108000.0,90476000.0,90909000.0,21.94811297
2026-08-02 20:00:00,90901000.0,91331000.0,90747000.0,90890000.0,65.14246676
2026-08-03 00:00:00,90938000.0,91000000.0,89800000.0,89850000.0,195.38571987
2026-08-03 04:00:00,89850000.0,90015000.0,89300000.0,89302000.0,263.47753642
2026-08-03 08:00:00,89301000.0,89836000.0,89001000.0,89251000.0,178.56961458
2026-08-03 12:00:00,89250000.0,90922000.0,89098000.0,90701000.0,177.76873057
2026-08-03 16:00:00,90701000.0,91100000.0,90700000.0,90906000.0,59.3365845
2026-08-03 20:00:00,90887000.0,91000000.0,90260000.0,90380000.0,49.22533471
2026-08-04 00:00:00,90380000.0,90755000.0,90099000.0,90743000.0,103.99543447
2026-08-04 04:00:00,90742000.0,91225000.0,90466000.0,90699000.0,117.09693813
2026-08-04 08:00:00,90699000.0,90890000.0,90430000.0,90889000.0,56.31192464
2026-08-04 12:00:00,90876000.0,91233000.0,90510000.0,91168000.0,124.0458695
2026-08-04 16:00:00,91168000.0,91460000.0,90890000.0,91219000.0,57.1667955
2026-08-04 20:00:00,91268000.0,91648000.0,91009000.0,91274000.0,70.17732403
2026-08-05 00:00:00,91238000.0,91507000.0,90861000.0,91090000.0,101.69050822
2026-08-05 04:00:00,91088000.0,91556000.0,90983000.0,91220000.0,70.58152835
2026-08-05 08:00:00,91208000.0,91300000.0,91055000.0,91148000.0,49.65098736
2026-08-05 12:00:00,91122000.0,91900000.0,90964000.0,91522000.0,129.97730507
2026-08-05 16:00:00,91522000.0,92000000.0,91521000.0,91943000.0,31.55119596
2026-08-05 20:00:00,91900000.0,92100000.0,91566000.0,91729000.0,58.53167184
2026-08-06 00:00:00,91729000.0,91792000.0,91181000.0,91242000.0,74.83445998
2026-08-06 04:00:00,91242000.0,92006000.0,91226000.0,91904000.0,100.32786329
2026-08-06 08:00:00,91904000.0,92009000.0,91560000.0,91660000.0,58.22584073
2026-08-06 12:00:00,91639000.0,92000000.0,91071000.0,91618000.0,120.03212917
2026-08-06 16:00:00,91618000.0,91825000.0,91333000.0,91373000.0,26.02892499
2026-08-06 20:00:00,91374000.0,91559000.0,91164000.0,91247000.0,39.30878842
2026-08-07 00:00:00,91248000.0,91343000.0,90727000.0,90729000.0,139.40005868
2026-08-07 04:00:00,90730000.0,91035000.0,90651000.0,90919000.0,92.34603543
2026-08-07 08:00:00,90881000.0,91948000.0,90881000.0,91793000.0,115.90963328
2026-08-07 12:00:00,91740000.0,92100000.0,91201000.0,91300000.0,138.97725693
2026-08-07 16:00:00,91300000.0,91463000.0,90844000.0,91408000.0,38.75586953
2026-08-07 20:00:00,91406000.0,91500000.0,91236000.0,91338000.0,27.4106606
2026-08-08 00:00:00,91338000.0,91516000.0,91184000.0,91450000.0,47.3483679
2026-08-08 04:00:00,91421000.0,91460000.0,91251000.0,91252000.0,25.1536212
2026-08-08 08:00:00,91252000.0,91353000.0,91244000.0,91262000.0,22.37077204
2026-08-08 12:00:00,91262000.0,91568000.0,91240000.0,91423000.0,33.25443972
2026-08-08 16:00:00,91423000.0,91525000.0,91348000.0,91430000.0,15.76938841
2026-08-08 20:00:00,91430000.0,91498000.0,91278000.0,91351000.0,28.68850107
2026-08-09 00:00:00,91390000.0,91435000.0,91100000.0,91102000.0,46.64009923
2026-08-09 04:00:00,91146000.0,91296000.0,91103000.0,91187000.0,22.26947355
2026-08-09 08:00:00,91187000.0,91366000.0,91139000.0,91340000.0,25.46429323
2026-08-09 12:00:00,91340000.0,91600000.0,91186000.0,91542000.0,55.28202944
2026-08-09 16:00:00,91541000.0,91595000.0,91400000.0,91412000.0,12.78371014
2026-08-09 20:00:00,91412000.0,91777000.0,91100000.0,91130000.0,58.58863784
2026-08-10 00:00:00,91116000.0,91950000.0,91100000.0,91432000.0,124.00795127
2026-08-10 04:00:00,91432000.0,91845000.0,91305000.0,91721000.0,81.59440402
2026-08-10 08:00:00,91720000.0,91898000.0,91420000.0,91557000.0,85.47856025
2026-08-10 12:00:00,91579000.0,91700000.0,90600000.0,90638000.0,145.70203258
2026-08-10 16:00:00,90700000.0,90700000.0,90118000.0,90457000.0,100.67174086
2026-08-10 20:00:00,90457000.0,90643000.0,90252000.0,90322000.0,80.61491387
2026-08-11 00:00:00,90349000.0,90437000.0,90100000.0,90366000.0,93.30568249
2026-08-11 04:00:00,90366000.0,90375000.0,90024000.0,90281000.0,93.35749279
2026-08-11 08:00:00,90254000.0,90643000.0,90212000.0,90576000.0,60.5959423
2026-08-11 12:00:00,90596000.0,90686000.0,89512000.0,89663000.0,185.49511355
2026-08-11 16:00:00,89663000.0,89732000.0,89230000.0,89436000.0,110.02903372
2026-08-11 20:00:00,89501000.0,89832000.0,89452000.0,89639000.0,109.09740735
2026-08-12 00:00:00,89672000.0,90000000.0,89568000.0,89915000.0,130.55737731
2026-08-12 04:00:00,89911000.0,89977000.0,89670000.0,89852000.0,71.10789961
2026-08-12 08:00:00,89854000.0,90377000.0,89854000.0,90368000.0,101.03987697
2026-08-12 12:00:00,90377000.0,90725000.0,89414000.0,89550000.0,162.01579465
2026-08-12 16:00:00,89564000.0,89777000.0,89472000.0,89632000.0,36.79127262
2026-08-12 20:00:00,89632000.0,89948000.0,89503000.0,89642000.0,57.01943366
2026-08-13 00:00:00,89642000.0,89856000.0,89338000.0,89684000.0,132.96899444
2026-08-13 04:00:00,89684000.0,90230000.0,89680000.0,90081000.0,97.98386421
2026-08-13 08:00:00,90054000.0,90170000.0,89500000.0,89641000.0,60.1442913
2026-08-13 12:00:00,89642000.0,90219000.0,89555000.0,89600000.0,74.84563081
2026-08-13 16:00:00,89599000.0,89793000.0,89000000.0,89650000.0,136.88482736
2026-08-13 20:00:00,89650000.0,89830000.0,89500000.0,89554000.0,56.89479519
2026-08-14 00:00:00,89580000.0,89731000.0,89330000.0,89341000.0,100.35134167
2026-08-14 04:00:00,89341000.0,89462000.0,88981000.0,88982000.0,218.74316196
2026-08-14 08:00:00,88982000.0,88985000.0,88600000.0,88779000.0,255.41662744
2026-08-14 12:00:00,88779000.0,88997000.0,88342000.0,88970000.0,258.77637813
2026-08-14 16:00:00,88976000.0,89176000.0,88750000.0,88860000.0,48.01549879
2026-08-14 20:00:00,88870000.0,89164000.0,88850000.0,89120000.0,42.54670364
2026-08-15 00:00:00,89141000.0,89331000.0,89037000.0,89216000.0,56.5782536
2026-08-15 04:00:00,89216000.0,89342000.0,89083000.0,89187000.0,47.12210595
2026-08-15 08:00:00,89187000.0,89218000.0,88973000.0,89154000.0,42.10969366
2026-08-15 12:00:00,89160000.0,89250000.0,88999000.0,89163000.0,38.59844189
2026-08-15 16:00:00,89162000.0,89279000.0,89140000.0,89278000.0,11.78536241
2026-08-15 20:00:00,89181000.0,89290000.0,89160000.0,89246000.0,24.15931951
2026-08-16 00:00:00,89266000.0,89335000.0,89166000.0,89335000.0,42.27337729
2026-08-16 04:00:00,89330000.0,89340000.0,89174000.0,89240000.0,26.71203012
2026-08-16 08:00:00,89244000.0,89244000.0,89099000.0,89136000.0,29.23014522
2026-08-16 12:00:00,89135000.0,89300000.0,89111000.0,89251000.0,21.61822955
2026-08-16 16:00:00,89300000.0,89650000.0,89252000.0,89319000.0,32.99956226
2026-08-16 20:00:00,89327000.0,89377000.0,88901000.0,89168000.0,51.44787155
2026-08-17 00:00:00,89197000.0,89643000.0,88992000.0,89630000.0,77.34483574
2026-08-17 04:00:00,89630000.0,89890000.0,89580000.0,89677000.0,73.45425586
2026-08-17 08:00:00,89677000.0,89895000.0,89432000.0,89710000.0,60.54198576
2026-08-17 12:00:00,89721000.0,90577000.0,89597000.0,90457000.0,109.59301084
2026-08-17 16:00:00,90449000.0,90997000.0,90131000.0,90600000.0,68.8235765
2026-08-17 20:00:00,90599000.0,91000000.0,90551000.0,90959000.0,79.77410544
2026-08-18 00:00:00,90959000.0,91000000.0,90141000.0,90248000.0,115.4214046
2026-08-18 04:00:00,90248000.0,90629000.0,90150000.0,90210000.0,69.20781598
2026-08-18 08:00:00,90291000.0,90500000.0,90075000.0,90418000.0,89.26132779
2026-08-18 12:00:00,90379000.0,91257000.0,90060000.0,91002000.0,112.65831262
2026-08-18 16:00:00,91040000.0,91098000.0,90850000.0,90898000.0,20.02612058
2026-08-18 20:00:00,90898000.0,90966000.0,90674000.0,90933000.0,48.47165604
2026-08-19 00:00:00,90906000.0,91000000.0,89916000.0,89940000.0,130.3754326
2026-08-19 04:00:00,89922000.0,90030000.0,89700000.0,89829000.0,103.79669748
2026-08-19 08:00:00,89829000.0,89972000.0,89550000.0,89852000.0,110.08233122
2026-08-19 12:00:00,89875000.0,95000000.0,89729000.0,94521000.0,618.62299029
2026-08-19 16:00:00,94550000.0,94979000.0,93596000.0,94163000.0,219.36747694
2026-08-19 20:00:00,94173000.0,95600000.0,94075000.0,95347000.0,572.07771447
2026-08-20 00:00:00,95347000.0,96206000.0,94846000.0,95230000.0,406.88006448
2026-08-20 04:00:00,95230000.0,96432000.0,95181000.0,96173000.0,182.96970927
2026-08-20 08:00:00,96188000.0,99999000.0,96169000.0,99467000.0,889.89953958
2026-08-20 12:00:00,99466000.0,99990000.0,98300000.0,99670000.0,409.6203743
2026-08-20 16:00:00,99670000.0,99998000.0,99275000.0,99956000.0,135.3294455
2026-08-20 20:00:00,99956000.0,100900000.0,99798000.0,100591000.0,414.10788109
2026-08-21 00:00:00,100591000.0,104005000.0,100590000.0,102538000.0,1049.90413151
2026-08-21 04:00:00,102593000.0,105989000.0,102539000.0,105470000.0,665.03085819
2026-08-21 08:00:00,105451000.0,109500000.0,104960000.0,105191000.0,1293.88996208
2026-08-21 12:00:00,105274000.0,106872000.0,104960000.0,106060000.0,487.55340278
2026-08-21 16:00:00,106104000.0,106758000.0,105400000.0,105899000.0,105.52638283
2026-08-21 20:00:00,105899000.0,107775000.0,105717000.0,107503000.0,315.89426788
2026-08-22 00:00:00,107449000.0,108609000.0,106807000.0,108123000.0,595.73637349
2026-08-22 04:00:00,108123000.0,108296000.0,105338000.0,106171000.0,813.7741536
2026-08-22 08:00:00,106171000.0,106370000.0,103938000.0,105503000.0,644.37724441
2026-08-22 12:00:00,105504000.0,106167000.0,105306000.0,105307000.0,188.74037091
2026-08-22 16:00:00,105307000.0,105915000.0,105274000.0,105776000.0,56.82224108
2026-08-22 20:00:00,105776000.0,105788000.0,105270000.0,105580000.0,88.28868802
2026-08-23 00:00:00,105581000.0,106529000.0,105465000.0,105823000.0,223.75864317
2026-08-23 04:00:00,105823000.0,105915000.0,104000000.0,104050000.0,298.49936321
2026-08-23 08:00:00,104050000.0,106250000.0,103990000.0,106198000.0,247.91149768
2026-08-23 12:00:00,106237000.0,106552000.0,105343000.0,105704000.0,247.66394483
2026-08-23 16:00:00,105704000.0,106033000.0,105576000.0,105902000.0,32.10839763
2026-08-23 20:00:00,105902000.0,106759000.0,105742000.0,106736000.0,150.96703465
2026-08-24 00:00:00,106735000.0,106759000.0,105429000.0,105517000.0,210.53799978
2026-08-24 04:00:00,105518000.0,106688000.0,105273000.0,106170000.0,178.43018414
2026-08-24 08:00:00,106170000.0,108005000.0,105756000.0,107905000.0,283.5871922
2026-08-24 12:00:00,107905000.0,109701000.0,107091000.0,108621000.0,836.67385956
2026-08-24 16:00:00,108621000.0,109590000.0,108101000.0,108375000.0,177.61694514
2026-08-24 20:00:00,108393000.0,108750000.0,108120000.0,108653000.0,138.43312989
2026-08-25 00:00:00,108653000.0,111545000.0,108264000.0,110828000.0,764.59467257
2026-08-25 04:00:00,110828000.0,111409000.0,109846000.0,110366000.0,436.6394396
2026-08-25 08:00:00,110379000.0,110945000.0,109004000.0,109450000.0,345.62293866
2026-08-25 12:00:00,109450000.0,110199000.0,108505000.0,110199000.0,435.88954663
2026-08-25 16:00:00,110197000.0,110210000.0,109234000.0,109498000.0,99.70387817
2026-08-25 20:00:00,109498000.0,109691000.0,108600000.0,109165000.0,238.61116256
2026-08-26 00:00:00,109165000.0,110117000.0,108958000.0,110023000.0,301.49880849
2026-08-26 04:00:00,110023000.0,110043000.0,109500000.0,109753000.0,255.48307522
2026-08-26 08:00:00,109753000.0,109948000.0,109000000.0,109206000.0,215.049295
2026-08-26 12:00:00,109206000.0,109355000.0,107979000.0,108545000.0,387.39648981
2026-08-26 16:00:00,108636000.0,109301000.0,108407000.0,109093000.0,56.56299024
2026-08-26 20:00:00,109141000.0,109973000.0,108884000.0,109830000.0,165.8580919
2026-08-27 00:00:00,109830000.0,109830000.0,108800000.0,109240000.0,167.87656397
2026-08-27 04:00:00,109233000.0,109500000.0,108960000.0,109472000.0,112.68384835
2026-08-27 08:00:00,109451000.0,111170000.0,109425000.0,110178000.0,382.22780998
2026-08-27 12:00:00,110178000.0,111500000.0,109520000.0,110929000.0,298.45094086
2026-08-27 16:00:00,110929000.0,111443000.0,110231000.0,110397000.0,96.64874413
2026-08-27 20:00:00,110397000.0,111111000.0,110330000.0,111004000.0,97.9172544
2026-08-28 00:00:00,111004000.0,112445000.0,110429000.0,110505000.0,448.0948043
2026-08-28 04:00:00,110506000.0,110715000.0,110050000.0,110100000.0,160.5291493
2026-08-28 08:00:00,110100000.0,110363000.0,109403000.0,110086000.0,196.07236283
2026-08-28 12:00:00,110099000.0,110627000.0,108860000.0,108887000.0,327.57385385
2026-08-28 16:00:00,108933000.0,108973000.0,107118000.0,107963000.0,390.15518622
2026-08-28 20:00:00,107963000.0,107963000.0,107185000.0,107744000.0,195.72596149
2026-08-29 00:00:00,107771000.0,108246000.0,107533000.0,107538000.0,162.83614562
2026-08-29 04:00:00,107538000.0,107848000.0,107420000.0,107730000.0,144.32162888
2026-08-29 08:00:00,107730000.0,108001000.0,107550000.0,107848000.0,68.26781521
2026-08-29 12:00:00,107833000.0,108627000.0,107787000.0,108265000.0,77.29993085
2026-08-29 16:00:00,108281000.0,108899000.0,108197000.0,108758000.0,49.21261941
2026-08-29 20:00:00,108785000.0,108899000.0,108507000.0,108746000.0,48.84982495
2026-08-30 00:00:00,108747000.0,108838000.0,108360000.0,108558000.0,68.5796088
2026-08-30 04:00:00,108559000.0,108673000.0,108378000.0,108534000.0,52.25927728
2026-08-30 08:00:00,108516000.0,108600000.0,108198000.0,108401000.0,64.71133815
2026-08-30 12:00:00,108401000.0,109768000.0,108398000.0,109365000.0,215.81880208
2026-08-30 16:00:00,109365000.0,110000000.0,109150000.0,109363000.0,83.33726127
2026-08-30 20:00:00,109363000.0,109443000.0,107414000.0,108031000.0,228.40822561
2026-08-31 00:00:00,108025000.0,108608000.0,107400000.0,107664000.0,235.27261896
2026-08-31 04:00:00,107664000.0,108217000.0,107255000.0,108076000.0,157.36029316
2026-08-31 08:00:00,108044000.0,108893000.0,107601000.0,108077000.0,174.68638043
2026-08-31 12:00:00,108077000.0,108557000.0,107401000.0,108302000.0,185.150447
2026-08-31 16:00:00,108370000.0,109000000.0,108282000.0,108614000.0,64.55123453
2026-08-31 20:00:00,108615000.0,108910000.0,108042000.0,108304000.0,77.07121832
2026-09-01 00:00:00,108304000.0,108600000.0,107850000.0,108406000.0,124.026701
2026-09-01 04:00:00,108406000.0,109214000.0,108291000.0,108403000.0,117.1425092
2026-09-01 08:00:00,108402000.0,108403000.0,107498000.0,107850000.0,171.67114941
2026-09-01 12:00:00,107824000.0,108200000.0,107280000.0,107605000.0,175.44302755
2026-09-01 16:00:00,107639000.0,107665000.0,106086000.0,107030000.0,251.96298374
2026-09-01 20:00:00,107030000.0,107323000.0,106697000.0,107005000.0,138.35194137
2026-09-02 00:00:00,107005000.0,107121000.0,105740000.0,106712000.0,267.17159463
2026-09-02 04:00:00,106712000.0,106979000.0,106339000.0,106600000.0,87.55407324
2026-09-02 08:00:00,106600000.0,106658000.0,104801000.0,105352000.0,388.63561324
2026-09-02 12:00:00,105353000.0,106381000.0,105030000.0,106262000.0,214.36973811
2026-09-02 16:00:00,106260000.0,106641000.0,105974000.0,106381000.0,49.65744257
2026-09-02 20:00:00,106395000.0,106639000.0,105980000.0,106400000.0,70.97315582
2026-09-03 00:00:00,106400000.0,106914000.0,105830000.0,106807000.0,157.78679385
2026-09-03 04:00:00,106815000.0,107299000.0,106093000.0,106704000.0,156.52276591
2026-09-03 08:00:00,106704000.0,107200000.0,106464000.0,107021000.0,80.86100167
2026-09-03 12:00:00,107021000.0,111438000.0,106919000.0,111373000.0,640.44665364
2026-09-03 16:00:00,111411000.0,111675000.0,110267000.0,111554000.0,204.68608679
2026-09-03 20:00:00,111576000.0,112000000.0,110390000.0,110926000.0,321.17403795
2026-09-04 00:00:00,110937000.0,111392000.0,110250000.0,110435000.0,275.00309467
2026-09-04 04:00:00,110427000.0,110936000.0,110124000.0,110226000.0,151.47504676
2026-09-04 08:00:00,110259000.0,111252000.0,110077000.0,111150000.0,181.21061601
2026-09-04 12:00:00,111185000.0,111217000.0,107713000.0,108776000.0,674.08882524
2026-09-04 16:00:00,108775000.0,109301000.0,108681000.0,109200000.0,74.51053935
2026-09-04 20:00:00,109200000.0,109353000.0,109073000.0,109126000.0,60.46596628
2026-09-05 00:00:00,109147000.0,109279000.0,108964000.0,109009000.0,80.02597326
2026-09-05 04:00:00,109009000.0,109096000.0,108793000.0,109032000.0,59.42075857
2026-09-05 08:00:00,109050000.0,109100000.0,108836000.0,108892000.0,77.72528919
2026-09-05 12:00:00,108895000.0,109008000.0,108804000.0,108936000.0,62.10784696
2026-09-05 16:00:00,108960000.0,109602000.0,108834000.0,108898000.0,77.33690513
2026-09-05 20:00:00,108866000.0,109120000.0,108820000.0,108998000.0,49.67696555
2026-09-06 00:00:00,108954000.0,109280000.0,108910000.0,109224000.0,78.62105846
2026-09-06 04:00:00,109227000.0,109269000.0,108600000.0,108883000.0,92.21623437
2026-09-06 08:00:00,108884000.0,109064000.0,108792000.0,108919000.0,53.59019886
2026-09-06 12:00:00,108919000.0,109016000.0,108191000.0,108674000.0,127.89316842
2026-09-06 16:00:00,108700000.0,108979000.0,108455000.0,108745000.0,28.66163877
2026-09-06 20:00:00,108745000.0,109613000.0,108500000.0,109407000.0,111.98181163
2026-09-07 00:00:00,109407000.0,109556000.0,108390000.0,108560000.0,170.89063036
2026-09-07 04:00:00,108550000.0,108864000.0,107870000.0,108253000.0,142.18122433
2026-09-07 08:00:00,108253000.0,108387000.0,107904000.0,108167000.0,73.39230026
2026-09-07 12:00:00,108167000.0,108401000.0,107420000.0,107607000.0,204.26351565
2026-09-07 16:00:00,107630000.0,108300000.0,107554000.0,108165000.0,38.51545428
2026-09-07 20:00:00,108217000.0,108217000.0,107353000.0,107714000.0,73.13765304
2026-09-08 00:00:00,107765000.0,107914000.0,107000000.0,107002000.0,197.46878573
2026-09-08 04:00:00,107001000.0,107068000.0,106342000.0,106715000.0,187.17788846
2026-09-08 08:00:00,106715000.0,107140000.0,106316000.0,106475000.0,108.20569753
2026-09-08 12:00:00,106475000.0,106927000.0,105789000.0,106909000.0,253.49561223
2026-09-08 16:00:00,106927000.0,106927000.0,106173000.0,106249000.0,49.5905944
2026-09-08 20:00:00,106248000.0,106697000.0,106248000.0,106367000.0,52.87986042
2026-09-09 00:00:00,106367000.0,106974000.0,106310000.0,106785000.0,109.66729766
2026-09-09 04:00:00,106785000.0,107354000.0,106737000.0,106978000.0,106.19814373
2026-09-09 08:00:00,106978000.0,107665000.0,106737000.0,107426000.0,162.38147067
2026-09-09 12:00:00,107440000.0,107588000.0,106012000.0,106526000.0,167.31027035
2026-09-09 16:00:00,106526000.0,106892000.0,106060000.0,106178000.0,58.82842269
2026-09-09 20:00:00,106235000.0,106523000.0,105995000.0,106402000.0,105.12329618
2026-09-10 00:00:00,106402000.0,106575000.0,105805000.0,106267000.0,152.18978751
2026-09-10 04:00:00,106267000.0,106488000.0,105922000.0,106176000.0,164.26363324
2026-09-10 08:00:00,106176000.0,106243000.0,105706000.0,105829000.0,90.63962168
2026-09-10 12:00:00,105829000.0,106149000.0,104897000.0,105450000.0,321.0957405
2026-09-10 16:00:00,105450000.0,105938000.0,105071000.0,105430000.0,77.09941966
2026-09-10 20:00:00,105472000.0,105648000.0,104712000.0,104712000.0,130.90456552
2026-09-11 00:00:00,104721000.0,105154000.0,104710000.0,104890000.0,138.64167994
2026-09-11 04:00:00,104894000.0,105500000.0,104894000.0,105249000.0,79.78548948
2026-09-11 08:00:00,105248000.0,105500000.0,104800000.0,105154000.0,92.20638561
2026-09-11 12:00:00,105154000.0,108242000.0,104220000.0,105598000.0,695.34573053
2026-09-11 16:00:00,105598000.0,105943000.0,104500000.0,105138000.0,147.80561405
2026-09-11 20:00:00,105130000.0,105388000.0,104774000.0,105188000.0,72.02269895
2026-09-12 00:00:00,105217000.0,105483000.0,104950000.0,105010000.0,53.28016514
2026-09-12 04:00:00,105010000.0,105086000.0,104899000.0,105053000.0,53.80358739
2026-09-12 08:00:00,105072000.0,105343000.0,105044000.0,105230000.0,43.346574
2026-09-12 12:00:00,105228000.0,105500000.0,105079000.0,105199000.0,67.52792284
2026-09-12 16:00:00,105199000.0,105273000.0,104870000.0,104927000.0,34.25367503
2026-09-12 20:00:00,104926000.0,105151000.0,104887000.0,105083000.0,25.2023893
2026-09-13 00:00:00,105085000.0,105343000.0,105000000.0,105054000.0,67.61182558
2026-09-13 04:00:00,105054000.0,105219000.0,104876000.0,104895000.0,56.98193773
2026-09-13 08:00:00,104896000.0,104897000.0,104222000.0,104469000.0,126.5792024
2026-09-13 12:00:00,104469000.0,105130000.0,104302000.0,105099000.0,104.16565789
2026-09-13 16:00:00,105099000.0,105300000.0,104806000.0,104991000.0,32.08145302
2026-09-13 20:00:00,104971000.0,105154000.0,104271000.0,104523000.0,84.51346246
2026-09-14 00:00:00,104564000.0,105752000.0,104086000.0,105324000.0,189.16597071
2026-09-14 04:00:00,105324000.0,105556000.0,105000000.0,105500000.0,112.21107936
2026-09-14 08:00:00,105498000.0,106000000.0,105150000.0,105485000.0,115.69101677
2026-09-14 12:00:00,105486000.0,106711000.0,105221000.0,106557000.0,204.1329077
2026-09-14 16:00:00,106557000.0,107064000.0,106402000.0,106612000.0,83.01204028
2026-09-14 20:00:00,106612000.0,107320000.0,105400000.0,105685000.0,155.44993897
2026-09-15 00:00:00,105654000.0,105900000.0,105250000.0,105565000.0,127.23722724
2026-09-15 04:00:00,105578000.0,105578000.0,104748000.0,104765000.0,137.96285812
2026-09-15 08:00:00,104765000.0,105300000.0,104500000.0,104792000.0,111.85154901
2026-09-15 12:00:00,104792000.0,105042000.0,103472000.0,104777000.0,391.73060099
2026-09-15 16:00:00,104777000.0,105588000.0,102764000.0,103993000.0,334.13668757
2026-09-15 20:00:00,103913000.0,104018000.0,102000000.0,102989000.0,442.83477447
2026-09-16 00:00:00,102993000.0,103848000.0,102891000.0,103513000.0,177.43070754
2026-09-16 04:00:00,103517000.0,103911000.0,103400000.0,103423000.0,92.53689324
2026-09-16 08:00:00,103423000.0,104100000.0,103000000.0,104099000.0,97.16467374
2026-09-16 12:00:00,104098000.0,104098000.0,103226000.0,103781000.0,113.3590282
2026-09-16 16:00:00,103781000.0,104764000.0,103008000.0,104450000.0,175.63409946
2026-09-16 20:00:00,104450000.0,104953000.0,104000000.0,104852000.0,148.27824233
2026-09-17 00:00:00,104852000.0,105630000.0,104785000.0,105125000.0,189.05499015
2026-09-17 04:00:00,105125000.0,105516000.0,104842000.0,105217000.0,77.73566214
2026-09-17 08:00:00,105216000.0,105946000.0,105158000.0,105622000.0,106.31526799
2026-09-17 12:00:00,105609000.0,106132000.0,104891000.0,106004000.0,195.35753328
2026-09-17 16:00:00,106004000.0,106091000.0,105563000.0,105717000.0,36.48181737
2026-09-17 20:00:00,105707000.0,105824000.0,105244000.0,105396000.0,56.79263199
2026-09-18 00:00:00,105404000.0,106781000.0,105181000.0,106601000.0,171.14620307
2026-09-18 04:00:00,106601000.0,106950000.0,106250000.0,106937000.0,197.37861589
2026-09-18 08:00:00,106938000.0,107874000.0,106809000.0,107499000.0,260.82019353
2026-09-18 12:00:00,107499000.0,111200000.0,107405000.0,110423000.0,779.13050987
2026-09-18 16:00:00,110422000.0,111000000.0,110041000.0,110685000.0,236.99924858
2026-09-18 20:00:00,110685000.0,110986000.0,110401000.0,110641000.0,158.61550315
2026-09-19 00:00:00,110663000.0,112400000.0,110639000.0,111358000.0,402.40369963
2026-09-19 04:00:00,111359000.0,111370000.0,110706000.0,110936000.0,172.286097
2026-09-19 08:00:00,110936000.0,111636000.0,110855000.0,111107000.0,119.97488086
2026-09-19 12:00:00,111107000.0,112000000.0,110895000.0,111480000.0,181.30620255
2026-09-19 16:00:00,111480000.0,111850000.0,111056000.0,111092000.0,70.52925476
2026-09-19 20:00:00,111092000.0,111154000.0,110501000.0,110917000.0,124.43609455
2026-09-20 00:00:00,110919000.0,111100000.0,109268000.0,109762000.0,303.80108706
2026-09-20 04:00:00,109763000.0,110173000.0,109662000.0,109867000.0,130.16271428
2026-09-20 08:00:00,109867000.0,110446000.0,109842000.0,110095000.0,129.80232453
2026-09-20 12:00:00,110135000.0,110850000.0,110056000.0,110810000.0,110.57974008
2026-09-20 16:00:00,110841000.0,111300000.0,110657000.0,110843000.0,70.45939208
2026-09-20 20:00:00,110809000.0,111199000.0,110161000.0,111156000.0,109.128976
2026-09-21 00:00:00,111162000.0,111940000.0,110545000.0,111165000.0,321.61237172
2026-09-21 04:00:00,111151000.0,111478000.0,110863000.0,111210000.0,163.6886067
2026-09-21 08:00:00,111217000.0,115250000.0,111210000.0,114840000.0,1031.01550398
2026-09-21 12:00:00,114857000.0,116510000.0,114612000.0,116080000.0,612.58004136
2026-09-21 16:00:00,116080000.0,117000000.0,115728000.0,116714000.0,157.43818323
2026-09-21 20:00:00,116700000.0,117600000.0,116424000.0,117123000.0,405.25062643
2026-09-22 00:00:00,117127000.0,117186000.0,115030000.0,115475000.0,409.07842189
2026-09-22 04:00:00,115450000.0,115500000.0,114454000.0,114964000.0,240.15850146
2026-09-22 08:00:00,114981000.0,116488000.0,114970000.0,116019000.0,243.23295297
2026-09-22 12:00:00,116018000.0,116740000.0,115500000.0,116410000.0,213.44442729
2026-09-22 16:00:00,116410000.0,116728000.0,115714000.0,115798000.0,84.30377209
2026-09-22 20:00:00,115798000.0,116040000.0,115576000.0,115650000.0,133.4689452
2026-09-23 00:00:00,115650000.0,116740000.0,115591000.0,116450000.0,210.05374898
2026-09-23 04:00:00,116469000.0,117000000.0,116170000.0,116373000.0,272.71589962
2026-09-23 08:00:00,116375000.0,116576000.0,116006000.0,116257000.0,143.55315037
2026-09-23 12:00:00,116262000.0,116780000.0,114555000.0,114750000.0,471.39973337
2026-09-23 16:00:00,114763000.0,115965000.0,114069000.0,115791000.0,159.31407992
2026-09-23 20:00:00,115843000.0,116272000.0,115467000.0,115908000.0,98.16868379
2026-09-24 00:00:00,115909000.0,116014000.0,115100000.0,115392000.0,124.0504253
2026-09-24 04:00:00,115392000.0,115826000.0,115021000.0,115823000.0,122.93394883
2026-09-24 08:00:00,115823000.0,115826000.0,114170000.0,114788000.0,210.81340999
2026-09-24 12:00:00,114765000.0,115920000.0,114127000.0,115190000.0,264.68272102
2026-09-24 16:00:00,115190000.0,115617000.0,114400000.0,114805000.0,89.01474024
2026-09-24 20:00:00,114893000.0,115219000.0,114500000.0,115122000.0,91.23607483
2026-09-25 00:00:00,115123000.0,115563000.0,114700000.0,114881000.0,118.82779197
2026-09-25 04:00:00,114936000.0,115190000.0,114100000.0,114720000.0,113.81290601
2026-09-25 08:00:00,114700000.0,115483000.0,114573000.0,114649000.0,185.75705141
2026-09-25 12:00:00,114650000.0,114688000.0,113000000.0,113630000.0,544.48457024
2026-09-25 16:00:00,113629000.0,113909000.0,113322000.0,113539000.0,81.74599777
2026-09-25 20:00:00,113539000.0,113757000.0,113220000.0,113657000.0,77.58117162
2026-09-26 00:00:00,113657000.0,114023000.0,113499000.0,113929000.0,111.49542675
2026-09-26 04:00:00,113929000.0,114404000.0,113909000.0,114404000.0,89.32676471
2026-09-26 08:00:00,114404000.0,114717000.0,114230000.0,114454000.0,84.77911031
2026-09-26 12:00:00,114454000.0,114490000.0,113884000.0,114025000.0,116.87437177
2026-09-26 16:00:00,114025000.0,114089000.0,113896000.0,114054000.0,35.37767448
2026-09-26 20:00:00,114058000.0,114855000.0,114000000.0,114855000.0,113.43875429
2026-09-27 00:00:00,114855000.0,115002000.0,114568000.0,115000000.0,100.59723361
2026-09-27 04:00:00,115000000.0,115208000.0,114802000.0,115055000.0,95.67493262
2026-09-27 08:00:00,115055000.0,115530000.0,114989000.0,115333000.0,105.62870066
2026-09-27 12:00:00,115346000.0,115571000.0,114725000.0,114821000.0,145.1235852
2026-09-27 16:00:00,114821000.0,115158000.0,114650000.0,114800000.0,77.3366067
2026-09-27 20:00:00,114800000.0,114847000.0,114350000.0,114450000.0,104.34674354
2026-09-28 00:00:00,114455000.0,115158000.0,112900000.0,113003000.0,322.48100074
2026-09-28 04:00:00,113003000.0,113147000.0,112500000.0,112814000.0,228.47302055
2026-09-28 08:00:00,112824000.0,112991000.0,112019000.0,112822000.0,278.77993717
2026-09-28 12:00:00,112822000.0,113590000.0,112424000.0,113300000.0,211.7689715
2026-09-28 16:00:00,113299000.0,114400000.0,113100000.0,113434000.0,78.48246129
2026-09-28 20:00:00,113434000.0,113725000.0,113116000.0,113497000.0,67.38319212
2026-09-29 00:00:00,113499000.0,113510000.0,112505000.0,112705000.0,135.59516803
2026-09-29 04:00:00,112704000.0,114040000.0,112599000.0,113887000.0,122.21798503
2026-09-29 08:00:00,113882000.0,114353000.0,113529000.0,114320000.0,155.08498174
2026-09-29 12:00:00,114320000.0,114400000.0,112413000.0,112595000.0,293.75567339
2026-09-29 16:00:00,112595000.0,113597000.0,112468000.0,113343000.0,70.06394602
2026-09-29 20:00:00,113289000.0,113697000.0,113200000.0,113587000.0,64.84007305
2026-09-30 00:00:00,113587000.0,113590000.0,113000000.0,113134000.0,106.30171317
2026-09-30 04:00:00,113134000.0,113207000.0,112750000.0,113000000.0,105.78731236
2026-09-30 08:00:00,112999000.0,113618000.0,112713000.0,113543000.0,130.20183799
2026-09-30 12:00:00,113587000.0,115937000.0,113148000.0,114188000.0,542.57012555
2026-09-30 16:00:00,114182000.0,114500000.0,113508000.0,113685000.0,82.92320564
2026-09-30 20:00:00,113686000.0,114000000.0,113602000.0,113740000.0,64.73386969
2026-10-01 00:00:00,113750000.0,113876000.0,113561000.0,113850000.0,97.96698218
2026-10-01 04:00:00,113849000.0,114608000.0,113500000.0,113690000.0,152.74659759
2026-10-01 08:00:00,113687000.0,114474000.0,113509000.0,114315000.0,119.43887347
2026-10-01 12:00:00,114315000.0,114972000.0,113907000.0,114839000.0,175.92819519
2026-10-01 16:00:00,114863000.0,115800000.0,114686000.0,115076000.0,148.81168805
2026-10-01 20:00:00,115076000.0,115657000.0,114980000.0,115657000.0,109.34800596
2026-10-02 00:00:00,115657000.0,116268000.0,115250000.0,116266000.0,246.49293575
2026-10-02 04:00:00,116266000.0,117646000.0,116000000.0,116397000.0,434.38540023
2026-10-02 08:00:00,116371000.0,116940000.0,116339000.0,116806000.0,167.46636565
2026-10-02 12:00:00,116805000.0,117614000.0,115359000.0,115541000.0,436.20019602
2026-10-02 16:00:00,115519000.0,115750000.0,114444000.0,114908000.0,211.32561608
2026-10-02 20:00:00,114854000.0,115314000.0,114750000.0,115050000.0,95.01395428
2026-10-03 00:00:00,115050000.0,115194000.0,114878000.0,115040000.0,107.3696915
2026-10-03 04:00:00,115058000.0,115200000.0,114895000.0,115140000.0,54.28874246
2026-10-03 08:00:00,115165000.0,115253000.0,115038000.0,115240000.0,45.70705045
2026-10-03 12:00:00,115252000.0,115500000.0,115180000.0,115294000.0,67.80209771
2026-10-03 16:00:00,115327000.0,115540000.0,115000000.0,115262000.0,34.61349073
2026-10-03 20:00:00,115260000.0,115386000.0,114910000.0,115183000.0,33.28528585
2026-10-04 00:00:00,115216000.0,115448000.0,115130000.0,115328000.0,45.94572126
2026-10-04 04:00:00,115345000.0,115525000.0,115200000.0,115525000.0,45.07941825
2026-10-04 08:00:00,115525000.0,116000000.0,115468000.0,115784000.0,78.0639696
2026-10-04 12:00:00,115784000.0,115953000.0,115451000.0,115589000.0,45.90593323
2026-10-04 16:00:00,115589000.0,115839000.0,115461000.0,115758000.0,22.73259729
2026-10-04 20:00:00,115668000.0,117160000.0,115667000.0,116868000.0,180.29086368
2026-10-05 00:00:00,116900000.0,117429000.0,116155000.0,116200000.0,249.3833324
2026-10-05 04:00:00,116175000.0,116776000.0,115659000.0,116416000.0,193.22617939
2026-10-05 08:00:00,116458000.0,116700000.0,115861000.0,116437000.0,105.54165065
2026-10-05 12:00:00,116475000.0,117101000.0,115610000.0,115709000.0,251.29835833
2026-10-05 16:00:00,115697000.0,116274000.0,115500000.0,116147000.0,53.52950995
2026-10-05 20:00:00,116147000.0,116399000.0,115988000.0,115998000.0,78.79523343
2026-10-06 00:00:00,116000000.0,116431000.0,115600000.0,115841000.0,146.69630543
2026-10-06 04:00:00,115841000.0,116056000.0,115456000.0,115768000.0,101.5853341
2026-10-06 08:00:00,115768000.0,116700000.0,115724000.0,116546000.0,198.72769251
2026-10-06 12:00:00,116546000.0,116769000.0,115766000.0,115767000.0,184.86196682
2026-10-06 16:00:00,115767000.0,116055000.0,115701000.0,115984000.0,58.48741927
2026-10-06 20:00:00,115997000.0,116128000.0,115656000.0,115969000.0,67.99004358
2026-10-07 00:00:00,115969000.0,115990000.0,114061000.0,114319000.0,510.4801207
2026-10-07 04:00:00,114319000.0,114500000.0,113975000.0,114193000.0,229.28942151
2026-10-07 08:00:00,114147000.0,114194000.0,113527000.0,113600000.0,243.42823788
